"network_id","fecha","hora","billed","provider","segments","segment_number","is_unicode","failed","excluded","reason","total_characters","message_type","alias_provider","cuenta"
"","2026-10-01","00",false,altanrobot,1,0,false,true,false,ESME_RINVSRCADR,139,flash,"",1
"","2026-10-01","00",false,altanrobot,1,0,false,true,false,ESME_RINVSRCADR,139,sms,"",1
"","2026-10-01","00",false,altanrobot,1,0,false,true,false,ESME_RINVSRCADR,141,sms,"",1
"","2026-10-01","00",false,altanrobot,1,0,false,true,false,ESME_RINVSRCADR,143,flash,"",1
"","2026-10-01","00",false,altanrobot,1,0,false,true,false,ESME_RINVSRCADR,143,sms,"",1
"","2026-10-01","00",false,altanrobot,1,0,false,true,false,ESME_RINVSRCADR,147,flash,"",2
"","2026-10-01","00",false,altanrobot,1,0,false,true,false,ESME_RINVSRCADR,147,sms,"",2
"","2026-10-01","00",false,altanrobot,1,0,false,true,false,ESME_RINVSRCADR,148,flash,"",2
"","2026-10-01","00",false,altanrobot,1,0,false,true,false,ESME_RINVSRCADR,148,sms,"",2
"","2026-10-01","00",false,movisen,1,0,false,true,false,ESME_RINVSRCADR,115,sms,"",3
"","2026-10-01","00",false,movisen,1,0,false,true,false,ESME_RINVSRCADR,122,sms,"",1
"","2026-10-01","00",false,movisen,1,0,false,true,false,ESME_RINVSRCADR,133,flash,"",1
"","2026-10-01","00",false,movisen,1,0,false,true,false,ESME_RINVSRCADR,133,sms,"",1
"","2026-10-01","00",false,movisen,1,0,false,true,false,ESME_RINVSRCADR,137,sms,"",1
"","2026-10-01","00",false,movisen,1,0,false,true,false,ESME_RINVSRCADR,140,sms,"",5
"","2026-10-01","00",false,movisen,1,0,false,true,false,ESME_RINVSRCADR,141,sms,"",1
"","2026-10-01","00",false,movisen,1,0,false,true,false,ESME_RINVSRCADR,144,sms,"",1
"","2026-10-01","00",false,movisen,1,0,false,true,false,ESME_RINVSRCADR,147,flash,"",1
"","2026-10-01","01",false,altanrobot,1,0,false,true,false,ESME_RINVSRCADR,139,flash,"",1
"","2026-10-01","01",false,altanrobot,1,0,false,true,false,ESME_RINVSRCADR,141,flash,"",1
"","2026-10-01","01",false,altanrobot,1,0,false,true,false,ESME_RINVSRCADR,141,sms,"",1
"","2026-10-01","01",false,altanrobot,1,0,false,true,false,ESME_RINVSRCADR,143,flash,"",1
"","2026-10-01","01",false,altanrobot,1,0,false,true,false,ESME_RINVSRCADR,147,flash,"",2
"","2026-10-01","01",false,altanrobot,1,0,false,true,false,ESME_RINVSRCADR,148,flash,"",2
"","2026-10-01","01",false,movisen,1,0,false,true,false,ESME_RINVSRCADR,68,sms,"",2
"","2026-10-01","01",false,movisen,1,0,false,true,false,ESME_RINVSRCADR,69,sms,"",1
"","2026-10-01","01",false,movisen,1,0,false,true,false,ESME_RINVSRCADR,115,sms,"",2
"","2026-10-01","01",false,movisen,1,0,false,true,false,ESME_RINVSRCADR,122,sms,"",1
"","2026-10-01","01",false,movisen,1,0,false,true,false,ESME_RINVSRCADR,131,sms,"",1
"","2026-10-01","01",false,movisen,1,0,false,true,false,ESME_RINVSRCADR,154,sms,"",1
"","2026-10-01","01",false,movisen,1,0,false,true,false,ESME_RINVSRCADR,156,flash,"",1
"","2026-10-01","01",false,movisen,1,0,false,true,false,ESME_RINVSRCADR,157,flash,"",1
"","2026-10-01","01",false,movisen,2,1,false,true,false,ESME_RINVSRCADR,153,sms,"",2
"","2026-10-01","01",false,movisen,2,2,false,true,false,ESME_RINVSRCADR,10,sms,"",2
"","2026-10-01","02",false,altanrobot,1,0,false,true,false,ESME_RINVSRCADR,139,flash,"",1
"","2026-10-01","02",false,altanrobot,1,0,false,true,false,ESME_RINVSRCADR,139,sms,"",1
"","2026-10-01","02",false,altanrobot,1,0,false,true,false,ESME_RINVSRCADR,141,flash,"",1
"","2026-10-01","02",false,altanrobot,1,0,false,true,false,ESME_RINVSRCADR,141,sms,"",1
"","2026-10-01","02",false,altanrobot,1,0,false,true,false,ESME_RINVSRCADR,143,flash,"",1
"","2026-10-01","02",false,altanrobot,1,0,false,true,false,ESME_RINVSRCADR,143,sms,"",1
"","2026-10-01","02",false,altanrobot,1,0,false,true,false,ESME_RINVSRCADR,147,flash,"",2
"","2026-10-01","02",false,altanrobot,1,0,false,true,false,ESME_RINVSRCADR,147,sms,"",2
"","2026-10-01","02",false,altanrobot,1,0,false,true,false,ESME_RINVSRCADR,148,flash,"",2
"","2026-10-01","02",false,altanrobot,1,0,false,true,false,ESME_RINVSRCADR,148,sms,"",2
"","2026-10-01","02",false,movisen,1,0,false,true,false,ESME_RINVSRCADR,41,sms,"",1
"","2026-10-01","02",false,movisen,1,0,false,true,false,ESME_RINVSRCADR,123,flash,"",1
"","2026-10-01","02",false,movisen,1,0,false,true,false,ESME_RINVSRCADR,137,sms,"",1
"","2026-10-01","02",false,movisen,1,0,false,true,false,ESME_RINVSRCADR,151,flash,"",1
"","2026-10-01","02",false,movisen,2,1,false,true,false,ESME_RINVSRCADR,153,sms,"",4
"","2026-10-01","02",false,movisen,2,2,false,true,false,ESME_RINVSRCADR,10,sms,"",4
"","2026-10-01","03",false,movisen,1,0,false,true,false,ESME_RINVSRCADR,30,sms,"",3
"","2026-10-01","03",false,movisen,1,0,false,true,false,ESME_RINVSRCADR,125,flash,"",1
"","2026-10-01","03",false,movisen,1,0,false,true,false,ESME_RINVSRCADR,133,sms,"",1
"","2026-10-01","03",false,movisen,1,0,false,true,false,ESME_RINVSRCADR,135,sms,"",1
"","2026-10-01","03",false,movisen,1,0,false,true,false,ESME_RINVSRCADR,141,sms,"",1
"","2026-10-01","03",false,movisen,1,0,false,true,false,ESME_RINVSRCADR,157,flash,"",1
"","2026-10-01","04",false,movisen,1,0,false,true,false,ESME_RINVSRCADR,133,sms,"",1
"","2026-10-01","04",false,movisen,1,0,false,true,false,ESME_RINVSRCADR,141,sms,"",2
"","2026-10-01","05",false,alestra,1,0,false,true,false,ESME_RINVSRCADR,149,sms,"",1
"","2026-10-01","05",false,movisen,1,0,false,true,false,ESME_RINVSRCADR,127,sms,"",1
"","2026-10-01","05",false,movisen,1,0,false,true,false,ESME_RINVSRCADR,131,sms,"",1
"","2026-10-01","05",false,movisen,1,0,false,true,false,ESME_RINVSRCADR,141,sms,"",2
"","2026-10-01","06",false,movisen,1,0,false,true,false,ESME_RINVSRCADR,115,sms,"",1
"","2026-10-01","07",false,movisen,1,0,false,true,false,ESME_RINVSRCADR,115,sms,"",1
"","2026-10-01","09",false,movisen,1,0,false,true,false,ESME_RINVSRCADR,115,sms,"",2
"","2026-10-01","09",false,movisen,1,0,false,true,false,ESME_RINVSRCADR,122,sms,"",1
"","2026-10-01","11",false,movisen,1,0,false,true,false,ESME_RINVSRCADR,158,sms,"",3
"","2026-10-01","12",false,movisen,1,0,false,true,false,ESME_RINVSRCADR,30,sms,"",2
"","2026-10-01","12",false,movisen,1,0,false,true,false,ESME_RINVSRCADR,141,sms,"",1
"","2026-10-01","12",false,movisen,1,0,false,true,false,ESME_RINVSRCADR,158,sms,"",2
"33401","2026-10-01","00",false,Openip-sant_nm2v,1,0,false,true,false,CommandStatusType(259),146,sms,openipsms,5
"33401","2026-10-01","00",false,ROBOCOM-MOVISTAR,1,0,false,true,false,ESME_RSUBMITFAIL,4,sms,ROBOCOM_SMS,2
"33401","2026-10-01","00",false,ROBOCOM-MOVISTAR,1,0,false,true,false,ESME_RSUBMITFAIL,38,sms,ROBOCOM_SMS,1
"33401","2026-10-01","00",false,ROBOCOM-MOVISTAR,1,0,false,true,false,ESME_RSUBMITFAIL,79,sms,ROBOCOM_SMS,1
"33401","2026-10-01","00",false,ROBOCOM-MOVISTAR,1,0,false,true,false,ESME_RSUBMITFAIL,109,flash,ROBOCOM_SMS,34
"33401","2026-10-01","00",false,ROBOCOM-MOVISTAR,1,0,false,true,false,ESME_RSUBMITFAIL,110,flash,ROBOCOM_SMS,5
"33401","2026-10-01","00",false,ROBOCOM-MOVISTAR,1,0,false,true,false,ESME_RSUBMITFAIL,119,flash,ROBOCOM_SMS,2
"33401","2026-10-01","00",false,ROBOCOM-MOVISTAR,1,0,false,true,false,ESME_RSUBMITFAIL,120,flash,ROBOCOM_SMS,7
"33401","2026-10-01","00",false,ROBOCOM-MOVISTAR,1,0,false,true,false,ESME_RSUBMITFAIL,121,flash,ROBOCOM_SMS,10
"33401","2026-10-01","00",false,ROBOCOM-MOVISTAR,1,0,false,true,false,ESME_RSUBMITFAIL,122,flash,ROBOCOM_SMS,19
"33401","2026-10-01","00",false,ROBOCOM-MOVISTAR,1,0,false,true,false,ESME_RSUBMITFAIL,123,flash,ROBOCOM_SMS,18
"33401","2026-10-01","00",false,ROBOCOM-MOVISTAR,1,0,false,true,false,ESME_RSUBMITFAIL,124,flash,ROBOCOM_SMS,19
"33401","2026-10-01","00",false,ROBOCOM-MOVISTAR,1,0,false,true,false,ESME_RSUBMITFAIL,125,flash,ROBOCOM_SMS,12
"33401","2026-10-01","00",false,ROBOCOM-MOVISTAR,1,0,false,true,false,ESME_RSUBMITFAIL,126,flash,ROBOCOM_SMS,6
"33401","2026-10-01","00",false,ROBOCOM-MOVISTAR,1,0,false,true,false,ESME_RSUBMITFAIL,127,flash,ROBOCOM_SMS,5
"33401","2026-10-01","00",false,ROBOCOM-MOVISTAR,1,0,false,true,false,ESME_RSUBMITFAIL,128,flash,ROBOCOM_SMS,1
"33401","2026-10-01","00",false,ROBOCOM-MOVISTAR,1,0,false,true,false,ESME_RSUBMITFAIL,130,flash,ROBOCOM_SMS,3
"33401","2026-10-01","00",false,ROBOCOM-MOVISTAR,1,0,false,true,false,ESME_RSUBMITFAIL,131,flash,ROBOCOM_SMS,5
"33401","2026-10-01","00",false,ROBOCOM-MOVISTAR,1,0,false,true,false,ESME_RSUBMITFAIL,132,flash,ROBOCOM_SMS,11
"33401","2026-10-01","00",false,ROBOCOM-MOVISTAR,1,0,false,true,false,ESME_RSUBMITFAIL,133,flash,ROBOCOM_SMS,28
"33401","2026-10-01","00",false,ROBOCOM-MOVISTAR,1,0,false,true,false,ESME_RSUBMITFAIL,134,flash,ROBOCOM_SMS,16
"33401","2026-10-01","00",false,ROBOCOM-MOVISTAR,1,0,false,true,false,ESME_RSUBMITFAIL,135,flash,ROBOCOM_SMS,15
"33401","2026-10-01","00",false,ROBOCOM-MOVISTAR,1,0,false,true,false,ESME_RSUBMITFAIL,136,flash,ROBOCOM_SMS,4
"33401","2026-10-01","00",false,ROBOCOM-MOVISTAR,1,0,false,true,false,ESME_RSUBMITFAIL,136,sms,ROBOCOM_SMS,1
"33401","2026-10-01","00",false,ROBOCOM-MOVISTAR,1,0,false,true,false,ESME_RSUBMITFAIL,137,flash,ROBOCOM_SMS,5
"33401","2026-10-01","00",false,ROBOCOM-MOVISTAR,1,0,false,true,false,ESME_RSUBMITFAIL,137,sms,ROBOCOM_SMS,4
"33401","2026-10-01","00",false,ROBOCOM-MOVISTAR,1,0,false,true,false,ESME_RSUBMITFAIL,138,flash,ROBOCOM_SMS,1192
"33401","2026-10-01","00",false,ROBOCOM-MOVISTAR,1,0,false,true,false,ESME_RSUBMITFAIL,138,sms,ROBOCOM_SMS,13
"33401","2026-10-01","00",false,ROBOCOM-MOVISTAR,1,0,false,true,false,ESME_RSUBMITFAIL,139,flash,ROBOCOM_SMS,5
"33401","2026-10-01","00",false,ROBOCOM-MOVISTAR,1,0,false,true,false,ESME_RSUBMITFAIL,139,sms,ROBOCOM_SMS,11
"33401","2026-10-01","00",false,ROBOCOM-MOVISTAR,1,0,false,true,false,ESME_RSUBMITFAIL,140,flash,ROBOCOM_SMS,11
"33401","2026-10-01","00",false,ROBOCOM-MOVISTAR,1,0,false,true,false,ESME_RSUBMITFAIL,140,sms,ROBOCOM_SMS,2439
"33401","2026-10-01","00",false,ROBOCOM-MOVISTAR,1,0,false,true,false,ESME_RSUBMITFAIL,141,flash,ROBOCOM_SMS,20
"33401","2026-10-01","00",false,ROBOCOM-MOVISTAR,1,0,false,true,false,ESME_RSUBMITFAIL,141,sms,ROBOCOM_SMS,12
"33401","2026-10-01","00",false,ROBOCOM-MOVISTAR,1,0,false,true,false,ESME_RSUBMITFAIL,142,flash,ROBOCOM_SMS,107
"33401","2026-10-01","00",false,ROBOCOM-MOVISTAR,1,0,false,true,false,ESME_RSUBMITFAIL,142,sms,ROBOCOM_SMS,16
"33401","2026-10-01","00",false,ROBOCOM-MOVISTAR,1,0,false,true,false,ESME_RSUBMITFAIL,143,flash,ROBOCOM_SMS,7
"33401","2026-10-01","00",false,ROBOCOM-MOVISTAR,1,0,false,true,false,ESME_RSUBMITFAIL,143,sms,ROBOCOM_SMS,19
"33401","2026-10-01","00",false,ROBOCOM-MOVISTAR,1,0,false,true,false,ESME_RSUBMITFAIL,144,flash,ROBOCOM_SMS,81
"33401","2026-10-01","00",false,ROBOCOM-MOVISTAR,1,0,false,true,false,ESME_RSUBMITFAIL,144,sms,ROBOCOM_SMS,310
"33401","2026-10-01","00",false,ROBOCOM-MOVISTAR,1,0,false,true,false,ESME_RSUBMITFAIL,145,flash,ROBOCOM_SMS,3
"33401","2026-10-01","00",false,ROBOCOM-MOVISTAR,1,0,false,true,false,ESME_RSUBMITFAIL,145,sms,ROBOCOM_SMS,35
"33401","2026-10-01","00",false,ROBOCOM-MOVISTAR,1,0,false,true,false,ESME_RSUBMITFAIL,146,flash,ROBOCOM_SMS,8
"33401","2026-10-01","00",false,ROBOCOM-MOVISTAR,1,0,false,true,false,ESME_RSUBMITFAIL,146,sms,ROBOCOM_SMS,52
"33401","2026-10-01","00",false,ROBOCOM-MOVISTAR,1,0,false,true,false,ESME_RSUBMITFAIL,147,flash,ROBOCOM_SMS,2
"33401","2026-10-01","00",false,ROBOCOM-MOVISTAR,1,0,false,true,false,ESME_RSUBMITFAIL,147,sms,ROBOCOM_SMS,68
"33401","2026-10-01","00",false,ROBOCOM-MOVISTAR,1,0,false,true,false,ESME_RSUBMITFAIL,148,flash,ROBOCOM_SMS,1
"33401","2026-10-01","00",false,ROBOCOM-MOVISTAR,1,0,false,true,false,ESME_RSUBMITFAIL,148,sms,ROBOCOM_SMS,49
"33401","2026-10-01","00",false,ROBOCOM-MOVISTAR,1,0,false,true,false,ESME_RSUBMITFAIL,149,sms,ROBOCOM_SMS,157
"33401","2026-10-01","00",false,ROBOCOM-MOVISTAR,1,0,false,true,false,ESME_RSUBMITFAIL,150,flash,ROBOCOM_SMS,1
"33401","2026-10-01","00",false,ROBOCOM-MOVISTAR,1,0,false,true,false,ESME_RSUBMITFAIL,150,sms,ROBOCOM_SMS,243
"33401","2026-10-01","00",false,ROBOCOM-MOVISTAR,1,0,false,true,false,ESME_RSUBMITFAIL,151,flash,ROBOCOM_SMS,2
"33401","2026-10-01","00",false,ROBOCOM-MOVISTAR,1,0,false,true,false,ESME_RSUBMITFAIL,151,sms,ROBOCOM_SMS,1096
"33401","2026-10-01","00",false,ROBOCOM-MOVISTAR,1,0,false,true,false,ESME_RSUBMITFAIL,152,flash,ROBOCOM_SMS,2
"33401","2026-10-01","00",false,ROBOCOM-MOVISTAR,1,0,false,true,false,ESME_RSUBMITFAIL,152,sms,ROBOCOM_SMS,417
"33401","2026-10-01","00",false,ROBOCOM-MOVISTAR,1,0,false,true,false,ESME_RSUBMITFAIL,153,sms,ROBOCOM_SMS,385
"33401","2026-10-01","00",false,ROBOCOM-MOVISTAR,1,0,false,true,false,ESME_RSUBMITFAIL,154,sms,ROBOCOM_SMS,282
"33401","2026-10-01","00",false,ROBOCOM-MOVISTAR,1,0,false,true,false,ESME_RSUBMITFAIL,155,sms,ROBOCOM_SMS,167
"33401","2026-10-01","00",false,ROBOCOM-MOVISTAR,1,0,false,true,false,ESME_RSUBMITFAIL,156,flash,ROBOCOM_SMS,162
"33401","2026-10-01","00",false,ROBOCOM-MOVISTAR,1,0,false,true,false,ESME_RSUBMITFAIL,156,sms,ROBOCOM_SMS,321
"33401","2026-10-01","00",false,ROBOCOM-MOVISTAR,1,0,false,true,false,ESME_RSUBMITFAIL,157,flash,ROBOCOM_SMS,22
"33401","2026-10-01","00",false,ROBOCOM-MOVISTAR,1,0,false,true,false,ESME_RSUBMITFAIL,157,sms,ROBOCOM_SMS,83
"33401","2026-10-01","00",false,ROBOCOM-MOVISTAR,1,0,false,true,false,ESME_RSUBMITFAIL,158,flash,ROBOCOM_SMS,13
"33401","2026-10-01","00",false,ROBOCOM-MOVISTAR,1,0,false,true,false,ESME_RSUBMITFAIL,158,sms,ROBOCOM_SMS,47
"33401","2026-10-01","00",false,ROBOCOM-MOVISTAR,1,0,false,true,false,ESME_RSUBMITFAIL,159,flash,ROBOCOM_SMS,1
"33401","2026-10-01","00",false,ROBOCOM-MOVISTAR,1,0,false,true,false,ESME_RSUBMITFAIL,159,sms,ROBOCOM_SMS,7
"33401","2026-10-01","00",false,ROBOCOM-MOVISTAR,1,0,false,true,false,ESME_RSUBMITFAIL,160,sms,ROBOCOM_SMS,3
"33401","2026-10-01","00",false,ROBOCOM-MOVISTAR,1,0,false,true,false,ESME_RTHROTTLED,119,flash,ROBOCOM_SMS,1
"33401","2026-10-01","00",false,ROBOCOM-MOVISTAR,1,0,false,true,false,ESME_RTHROTTLED,120,flash,ROBOCOM_SMS,3
"33401","2026-10-01","00",false,ROBOCOM-MOVISTAR,1,0,false,true,false,ESME_RTHROTTLED,121,flash,ROBOCOM_SMS,8
"33401","2026-10-01","00",false,ROBOCOM-MOVISTAR,1,0,false,true,false,ESME_RTHROTTLED,122,flash,ROBOCOM_SMS,18
"33401","2026-10-01","00",false,ROBOCOM-MOVISTAR,1,0,false,true,false,ESME_RTHROTTLED,123,flash,ROBOCOM_SMS,16
"33401","2026-10-01","00",false,ROBOCOM-MOVISTAR,1,0,false,true,false,ESME_RTHROTTLED,124,flash,ROBOCOM_SMS,12
"33401","2026-10-01","00",false,ROBOCOM-MOVISTAR,1,0,false,true,false,ESME_RTHROTTLED,125,flash,ROBOCOM_SMS,8
"33401","2026-10-01","00",false,ROBOCOM-MOVISTAR,1,0,false,true,false,ESME_RTHROTTLED,126,flash,ROBOCOM_SMS,4
"33401","2026-10-01","00",false,ROBOCOM-MOVISTAR,1,0,false,true,false,ESME_RTHROTTLED,127,flash,ROBOCOM_SMS,1
"33401","2026-10-01","00",false,ROBOCOM-MOVISTAR,1,0,false,true,false,ESME_RTHROTTLED,129,flash,ROBOCOM_SMS,3
"33401","2026-10-01","00",false,ROBOCOM-MOVISTAR,1,0,false,true,false,ESME_RTHROTTLED,130,flash,ROBOCOM_SMS,3
"33401","2026-10-01","00",false,ROBOCOM-MOVISTAR,1,0,false,true,false,ESME_RTHROTTLED,131,flash,ROBOCOM_SMS,7
"33401","2026-10-01","00",false,ROBOCOM-MOVISTAR,1,0,false,true,false,ESME_RTHROTTLED,132,flash,ROBOCOM_SMS,8
"33401","2026-10-01","00",false,ROBOCOM-MOVISTAR,1,0,false,true,false,ESME_RTHROTTLED,133,flash,ROBOCOM_SMS,9
"33401","2026-10-01","00",false,ROBOCOM-MOVISTAR,1,0,false,true,false,ESME_RTHROTTLED,134,flash,ROBOCOM_SMS,9
"33401","2026-10-01","00",false,ROBOCOM-MOVISTAR,1,0,false,true,false,ESME_RTHROTTLED,135,flash,ROBOCOM_SMS,3
"33401","2026-10-01","00",false,ROBOCOM-MOVISTAR,1,0,false,true,false,ESME_RTHROTTLED,137,flash,ROBOCOM_SMS,3
"33401","2026-10-01","00",false,ROBOCOM-MOVISTAR,1,0,false,true,false,ESME_RTHROTTLED,137,sms,ROBOCOM_SMS,5
"33401","2026-10-01","00",false,ROBOCOM-MOVISTAR,1,0,false,true,false,ESME_RTHROTTLED,138,flash,ROBOCOM_SMS,10
"33401","2026-10-01","00",false,ROBOCOM-MOVISTAR,1,0,false,true,false,ESME_RTHROTTLED,138,sms,ROBOCOM_SMS,2
"33401","2026-10-01","00",false,ROBOCOM-MOVISTAR,1,0,false,true,false,ESME_RTHROTTLED,139,flash,ROBOCOM_SMS,4
"33401","2026-10-01","00",false,ROBOCOM-MOVISTAR,1,0,false,true,false,ESME_RTHROTTLED,139,sms,ROBOCOM_SMS,3
"33401","2026-10-01","00",false,ROBOCOM-MOVISTAR,1,0,false,true,false,ESME_RTHROTTLED,140,flash,ROBOCOM_SMS,1
"33401","2026-10-01","00",false,ROBOCOM-MOVISTAR,1,0,false,true,false,ESME_RTHROTTLED,140,sms,ROBOCOM_SMS,310
"33401","2026-10-01","00",false,ROBOCOM-MOVISTAR,1,0,false,true,false,ESME_RTHROTTLED,141,flash,ROBOCOM_SMS,2
"33401","2026-10-01","00",false,ROBOCOM-MOVISTAR,1,0,false,true,false,ESME_RTHROTTLED,141,sms,ROBOCOM_SMS,4
"33401","2026-10-01","00",false,ROBOCOM-MOVISTAR,1,0,false,true,false,ESME_RTHROTTLED,142,flash,ROBOCOM_SMS,15
"33401","2026-10-01","00",false,ROBOCOM-MOVISTAR,1,0,false,true,false,ESME_RTHROTTLED,142,sms,ROBOCOM_SMS,3
"33401","2026-10-01","00",false,ROBOCOM-MOVISTAR,1,0,false,true,false,ESME_RTHROTTLED,143,flash,ROBOCOM_SMS,2
"33401","2026-10-01","00",false,ROBOCOM-MOVISTAR,1,0,false,true,false,ESME_RTHROTTLED,143,sms,ROBOCOM_SMS,8
"33401","2026-10-01","00",false,ROBOCOM-MOVISTAR,1,0,false,true,false,ESME_RTHROTTLED,144,flash,ROBOCOM_SMS,2
"33401","2026-10-01","00",false,ROBOCOM-MOVISTAR,1,0,false,true,false,ESME_RTHROTTLED,144,sms,ROBOCOM_SMS,98
"33401","2026-10-01","00",false,ROBOCOM-MOVISTAR,1,0,false,true,false,ESME_RTHROTTLED,145,flash,ROBOCOM_SMS,2
"33401","2026-10-01","00",false,ROBOCOM-MOVISTAR,1,0,false,true,false,ESME_RTHROTTLED,145,sms,ROBOCOM_SMS,9
"33401","2026-10-01","00",false,ROBOCOM-MOVISTAR,1,0,false,true,false,ESME_RTHROTTLED,146,flash,ROBOCOM_SMS,2
"33401","2026-10-01","00",false,ROBOCOM-MOVISTAR,1,0,false,true,false,ESME_RTHROTTLED,146,sms,ROBOCOM_SMS,10
"33401","2026-10-01","00",false,ROBOCOM-MOVISTAR,1,0,false,true,false,ESME_RTHROTTLED,147,flash,ROBOCOM_SMS,6
"33401","2026-10-01","00",false,ROBOCOM-MOVISTAR,1,0,false,true,false,ESME_RTHROTTLED,147,sms,ROBOCOM_SMS,19
"33401","2026-10-01","00",false,ROBOCOM-MOVISTAR,1,0,false,true,false,ESME_RTHROTTLED,148,sms,ROBOCOM_SMS,9
"33401","2026-10-01","00",false,ROBOCOM-MOVISTAR,1,0,false,true,false,ESME_RTHROTTLED,149,sms,ROBOCOM_SMS,30
"33401","2026-10-01","00",false,ROBOCOM-MOVISTAR,1,0,false,true,false,ESME_RTHROTTLED,150,sms,ROBOCOM_SMS,32
"33401","2026-10-01","00",false,ROBOCOM-MOVISTAR,1,0,false,true,false,ESME_RTHROTTLED,151,sms,ROBOCOM_SMS,147
"33401","2026-10-01","00",false,ROBOCOM-MOVISTAR,1,0,false,true,false,ESME_RTHROTTLED,152,sms,ROBOCOM_SMS,76
"33401","2026-10-01","00",false,ROBOCOM-MOVISTAR,1,0,false,true,false,ESME_RTHROTTLED,153,sms,ROBOCOM_SMS,76
"33401","2026-10-01","00",false,ROBOCOM-MOVISTAR,1,0,false,true,false,ESME_RTHROTTLED,154,sms,ROBOCOM_SMS,65
"33401","2026-10-01","00",false,ROBOCOM-MOVISTAR,1,0,false,true,false,ESME_RTHROTTLED,155,sms,ROBOCOM_SMS,46
"33401","2026-10-01","00",false,ROBOCOM-MOVISTAR,1,0,false,true,false,ESME_RTHROTTLED,156,flash,ROBOCOM_SMS,64
"33401","2026-10-01","00",false,ROBOCOM-MOVISTAR,1,0,false,true,false,ESME_RTHROTTLED,156,sms,ROBOCOM_SMS,148
"33401","2026-10-01","00",false,ROBOCOM-MOVISTAR,1,0,false,true,false,ESME_RTHROTTLED,157,flash,ROBOCOM_SMS,13
"33401","2026-10-01","00",false,ROBOCOM-MOVISTAR,1,0,false,true,false,ESME_RTHROTTLED,157,sms,ROBOCOM_SMS,32
"33401","2026-10-01","00",false,ROBOCOM-MOVISTAR,1,0,false,true,false,ESME_RTHROTTLED,158,flash,ROBOCOM_SMS,4
"33401","2026-10-01","00",false,ROBOCOM-MOVISTAR,1,0,false,true,false,ESME_RTHROTTLED,158,sms,ROBOCOM_SMS,9
"33401","2026-10-01","00",false,ROBOCOM-MOVISTAR,1,0,false,true,false,ESME_RTHROTTLED,159,flash,ROBOCOM_SMS,2
"33401","2026-10-01","00",false,ROBOCOM-MOVISTAR,1,0,false,true,false,ESME_RTHROTTLED,159,sms,ROBOCOM_SMS,2
"33401","2026-10-01","00",false,ROBOCOM-MOVISTAR,1,0,false,true,false,ESME_RTHROTTLED,160,sms,ROBOCOM_SMS,1
"33401","2026-10-01","00",false,ROBOCOM-MOVISTAR,2,1,false,true,false,ESME_RSUBMITFAIL,134,sms,ROBOCOM_SMS,3
"33401","2026-10-01","00",false,ROBOCOM-MOVISTAR,2,1,false,true,false,ESME_RSUBMITFAIL,153,flash,ROBOCOM_SMS,1
"33401","2026-10-01","00",false,ROBOCOM-MOVISTAR,2,1,false,true,false,ESME_RSUBMITFAIL,153,sms,ROBOCOM_SMS,1
"33401","2026-10-01","00",false,ROBOCOM-MOVISTAR,2,2,false,true,false,ESME_RTHROTTLED,15,sms,ROBOCOM_SMS,1
"33401","2026-10-01","00",false,alestra,1,0,false,true,false,ESME_RINVSRCADR,134,sms,"",1
"33401","2026-10-01","00",false,alestra,1,0,false,true,false,ESME_RINVSRCADR,135,sms,"",1
"33401","2026-10-01","00",false,alestra,1,0,false,true,false,ESME_RINVSRCADR,142,sms,"",1
"33401","2026-10-01","00",true,GW_ROBOT_TELCEL_2,1,0,false,false,false,"",4,sms,rob2tel,11
"33401","2026-10-01","00",true,GW_ROBOT_TELCEL_2,1,0,false,false,false,"",14,sms,rob2tel,2
"33401","2026-10-01","00",true,GW_ROBOT_TELCEL_2,1,0,false,false,false,"",15,sms,rob2tel,1
"33401","2026-10-01","00",true,GW_ROBOT_TELCEL_2,1,0,false,false,false,"",24,sms,rob2tel,4
"33401","2026-10-01","00",true,GW_ROBOT_TELCEL_2,1,0,false,false,false,"",30,sms,rob2tel,5
"33401","2026-10-01","00",true,GW_ROBOT_TELCEL_2,1,0,false,false,false,"",33,sms,rob2tel,3
"33401","2026-10-01","00",true,GW_ROBOT_TELCEL_2,1,0,false,false,false,"",38,sms,rob2tel,3
"33401","2026-10-01","00",true,GW_ROBOT_TELCEL_2,1,0,false,false,false,"",40,sms,rob2tel,1
"33401","2026-10-01","00",true,GW_ROBOT_TELCEL_2,1,0,false,false,false,"",41,sms,rob2tel,22
"33401","2026-10-01","00",true,GW_ROBOT_TELCEL_2,1,0,false,false,false,"",42,sms,rob2tel,4
"33401","2026-10-01","00",true,GW_ROBOT_TELCEL_2,1,0,false,false,false,"",43,sms,rob2tel,1
"33401","2026-10-01","00",true,GW_ROBOT_TELCEL_2,1,0,false,false,false,"",44,sms,rob2tel,45
"33401","2026-10-01","00",true,GW_ROBOT_TELCEL_2,1,0,false,false,false,"",45,sms,rob2tel,8
"33401","2026-10-01","00",true,GW_ROBOT_TELCEL_2,1,0,false,false,false,"",46,sms,rob2tel,1
"33401","2026-10-01","00",true,GW_ROBOT_TELCEL_2,1,0,false,false,false,"",47,sms,rob2tel,1
"33401","2026-10-01","00",true,GW_ROBOT_TELCEL_2,1,0,false,false,false,"",48,sms,rob2tel,6
"33401","2026-10-01","00",true,GW_ROBOT_TELCEL_2,1,0,false,false,false,"",49,sms,rob2tel,7
"33401","2026-10-01","00",true,GW_ROBOT_TELCEL_2,1,0,false,false,false,"",50,sms,rob2tel,6
"33401","2026-10-01","00",true,GW_ROBOT_TELCEL_2,1,0,false,false,false,"",51,sms,rob2tel,6
"33401","2026-10-01","00",true,GW_ROBOT_TELCEL_2,1,0,false,false,false,"",52,sms,rob2tel,6
"33401","2026-10-01","00",true,GW_ROBOT_TELCEL_2,1,0,false,false,false,"",53,sms,rob2tel,4
"33401","2026-10-01","00",true,GW_ROBOT_TELCEL_2,1,0,false,false,false,"",54,sms,rob2tel,2
"33401","2026-10-01","00",true,GW_ROBOT_TELCEL_2,1,0,false,false,false,"",55,sms,rob2tel,1
"33401","2026-10-01","00",true,GW_ROBOT_TELCEL_2,1,0,false,false,false,"",56,sms,rob2tel,1
"33401","2026-10-01","00",true,GW_ROBOT_TELCEL_2,1,0,false,false,false,"",57,sms,rob2tel,1
"33401","2026-10-01","00",true,GW_ROBOT_TELCEL_2,1,0,false,false,false,"",58,sms,rob2tel,1
"33401","2026-10-01","00",true,GW_ROBOT_TELCEL_2,1,0,false,false,false,"",59,sms,rob2tel,11
"33401","2026-10-01","00",true,GW_ROBOT_TELCEL_2,1,0,false,false,false,"",60,sms,rob2tel,6
"33401","2026-10-01","00",true,GW_ROBOT_TELCEL_2,1,0,false,false,false,"",61,sms,rob2tel,1
"33401","2026-10-01","00",true,GW_ROBOT_TELCEL_2,1,0,false,false,false,"",62,sms,rob2tel,2
"33401","2026-10-01","00",true,GW_ROBOT_TELCEL_2,1,0,false,false,false,"",63,sms,rob2tel,2
"33401","2026-10-01","00",true,GW_ROBOT_TELCEL_2,1,0,false,false,false,"",64,sms,rob2tel,4
"33401","2026-10-01","00",true,GW_ROBOT_TELCEL_2,1,0,false,false,false,"",65,sms,rob2tel,3
"33401","2026-10-01","00",true,GW_ROBOT_TELCEL_2,1,0,false,false,false,"",66,sms,rob2tel,2
"33401","2026-10-01","00",true,GW_ROBOT_TELCEL_2,1,0,false,false,false,"",67,sms,rob2tel,2
"33401","2026-10-01","00",true,GW_ROBOT_TELCEL_2,1,0,false,false,false,"",68,sms,rob2tel,48
"33401","2026-10-01","00",true,GW_ROBOT_TELCEL_2,1,0,false,false,false,"",69,sms,rob2tel,21
"33401","2026-10-01","00",true,GW_ROBOT_TELCEL_2,1,0,false,false,false,"",70,sms,rob2tel,1
"33401","2026-10-01","00",true,GW_ROBOT_TELCEL_2,1,0,false,false,false,"",71,sms,rob2tel,7
"33401","2026-10-01","00",true,GW_ROBOT_TELCEL_2,1,0,false,false,false,"",72,sms,rob2tel,4
"33401","2026-10-01","00",true,GW_ROBOT_TELCEL_2,1,0,false,false,false,"",73,sms,rob2tel,2
"33401","2026-10-01","00",true,GW_ROBOT_TELCEL_2,1,0,false,false,false,"",74,sms,rob2tel,307
"33401","2026-10-01","00",true,GW_ROBOT_TELCEL_2,1,0,false,false,false,"",75,sms,rob2tel,5
"33401","2026-10-01","00",true,GW_ROBOT_TELCEL_2,1,0,false,false,false,"",76,sms,rob2tel,15
"33401","2026-10-01","00",true,GW_ROBOT_TELCEL_2,1,0,false,false,false,"",77,sms,rob2tel,14
"33401","2026-10-01","00",true,GW_ROBOT_TELCEL_2,1,0,false,false,false,"",79,sms,rob2tel,27
"33401","2026-10-01","00",true,GW_ROBOT_TELCEL_2,1,0,false,false,false,"",80,sms,rob2tel,50
"33401","2026-10-01","00",true,GW_ROBOT_TELCEL_2,1,0,false,false,false,"",81,sms,rob2tel,104
"33401","2026-10-01","00",true,GW_ROBOT_TELCEL_2,1,0,false,false,false,"",82,sms,rob2tel,6
"33401","2026-10-01","00",true,GW_ROBOT_TELCEL_2,1,0,false,false,false,"",83,sms,rob2tel,2
"33401","2026-10-01","00",true,GW_ROBOT_TELCEL_2,1,0,false,false,false,"",84,sms,rob2tel,6
"33401","2026-10-01","00",true,GW_ROBOT_TELCEL_2,1,0,false,false,false,"",88,sms,rob2tel,3
"33401","2026-10-01","00",true,GW_ROBOT_TELCEL_2,1,0,false,false,false,"",89,sms,rob2tel,2
"33401","2026-10-01","00",true,GW_ROBOT_TELCEL_2,1,0,false,false,false,"",91,sms,rob2tel,1
"33401","2026-10-01","00",true,GW_ROBOT_TELCEL_2,1,0,false,false,false,"",92,sms,rob2tel,1
"33401","2026-10-01","00",true,GW_ROBOT_TELCEL_2,1,0,false,false,false,"",93,sms,rob2tel,1
"33401","2026-10-01","00",true,GW_ROBOT_TELCEL_2,1,0,false,false,false,"",94,sms,rob2tel,6
"33401","2026-10-01","00",true,GW_ROBOT_TELCEL_2,1,0,false,false,false,"",95,sms,rob2tel,10
"33401","2026-10-01","00",true,GW_ROBOT_TELCEL_2,1,0,false,false,false,"",96,sms,rob2tel,10
"33401","2026-10-01","00",true,GW_ROBOT_TELCEL_2,1,0,false,false,false,"",97,sms,rob2tel,13
"33401","2026-10-01","00",true,GW_ROBOT_TELCEL_2,1,0,false,false,false,"",98,sms,rob2tel,31
"33401","2026-10-01","00",true,GW_ROBOT_TELCEL_2,1,0,false,false,false,"",99,sms,rob2tel,393
"33401","2026-10-01","00",true,GW_ROBOT_TELCEL_2,1,0,false,false,false,"",100,sms,rob2tel,9
"33401","2026-10-01","00",true,GW_ROBOT_TELCEL_2,1,0,false,false,false,"",101,sms,rob2tel,282
"33401","2026-10-01","00",true,GW_ROBOT_TELCEL_2,1,0,false,false,false,"",102,sms,rob2tel,325
"33401","2026-10-01","00",true,GW_ROBOT_TELCEL_2,1,0,false,false,false,"",103,sms,rob2tel,1
"33401","2026-10-01","00",true,GW_ROBOT_TELCEL_2,1,0,false,false,false,"",104,sms,rob2tel,2650
"33401","2026-10-01","00",true,GW_ROBOT_TELCEL_2,1,0,false,false,false,"",105,sms,rob2tel,127
"33401","2026-10-01","00",true,GW_ROBOT_TELCEL_2,1,0,false,false,false,"",106,sms,rob2tel,22
"33401","2026-10-01","00",true,GW_ROBOT_TELCEL_2,1,0,false,false,false,"",107,sms,rob2tel,14
"33401","2026-10-01","00",true,GW_ROBOT_TELCEL_2,1,0,false,false,false,"",108,sms,rob2tel,36
"33401","2026-10-01","00",true,GW_ROBOT_TELCEL_2,1,0,false,false,false,"",109,flash,rob2tel,96
"33401","2026-10-01","00",true,GW_ROBOT_TELCEL_2,1,0,false,false,false,"",109,sms,rob2tel,13
"33401","2026-10-01","00",true,GW_ROBOT_TELCEL_2,1,0,false,false,false,"",110,flash,rob2tel,12
"33401","2026-10-01","00",true,GW_ROBOT_TELCEL_2,1,0,false,false,false,"",110,sms,rob2tel,14
"33401","2026-10-01","00",true,GW_ROBOT_TELCEL_2,1,0,false,false,false,"",111,flash,rob2tel,2
"33401","2026-10-01","00",true,GW_ROBOT_TELCEL_2,1,0,false,false,false,"",111,sms,rob2tel,19
"33401","2026-10-01","00",true,GW_ROBOT_TELCEL_2,1,0,false,false,false,"",112,sms,rob2tel,5
"33401","2026-10-01","00",true,GW_ROBOT_TELCEL_2,1,0,false,false,false,"",113,flash,rob2tel,1
"33401","2026-10-01","00",true,GW_ROBOT_TELCEL_2,1,0,false,false,false,"",113,sms,rob2tel,6
"33401","2026-10-01","00",true,GW_ROBOT_TELCEL_2,1,0,false,false,false,"",114,flash,rob2tel,1
"33401","2026-10-01","00",true,GW_ROBOT_TELCEL_2,1,0,false,false,false,"",114,sms,rob2tel,4
"33401","2026-10-01","00",true,GW_ROBOT_TELCEL_2,1,0,false,false,false,"",115,sms,rob2tel,49
"33401","2026-10-01","00",true,GW_ROBOT_TELCEL_2,1,0,false,false,false,"",116,sms,rob2tel,54
"33401","2026-10-01","00",true,GW_ROBOT_TELCEL_2,1,0,false,false,false,"",118,sms,rob2tel,41
"33401","2026-10-01","00",true,GW_ROBOT_TELCEL_2,1,0,false,false,false,"",119,flash,rob2tel,7
"33401","2026-10-01","00",true,GW_ROBOT_TELCEL_2,1,0,false,false,false,"",119,sms,rob2tel,18
"33401","2026-10-01","00",true,GW_ROBOT_TELCEL_2,1,0,false,false,false,"",120,flash,rob2tel,18
"33401","2026-10-01","00",true,GW_ROBOT_TELCEL_2,1,0,false,false,false,"",120,sms,rob2tel,20
"33401","2026-10-01","00",true,GW_ROBOT_TELCEL_2,1,0,false,false,false,"",121,flash,rob2tel,39
"33401","2026-10-01","00",true,GW_ROBOT_TELCEL_2,1,0,false,false,false,"",121,sms,rob2tel,152
"33401","2026-10-01","00",true,GW_ROBOT_TELCEL_2,1,0,false,false,false,"",122,flash,rob2tel,64
"33401","2026-10-01","00",true,GW_ROBOT_TELCEL_2,1,0,false,false,false,"",122,sms,rob2tel,12
"33401","2026-10-01","00",true,GW_ROBOT_TELCEL_2,1,0,false,false,false,"",123,flash,rob2tel,91
"33401","2026-10-01","00",true,GW_ROBOT_TELCEL_2,1,0,false,false,false,"",123,sms,rob2tel,9
"33401","2026-10-01","00",true,GW_ROBOT_TELCEL_2,1,0,false,false,false,"",124,flash,rob2tel,56
"33401","2026-10-01","00",true,GW_ROBOT_TELCEL_2,1,0,false,false,false,"",124,sms,rob2tel,6
"33401","2026-10-01","00",true,GW_ROBOT_TELCEL_2,1,0,false,false,false,"",125,flash,rob2tel,70
"33401","2026-10-01","00",true,GW_ROBOT_TELCEL_2,1,0,false,false,false,"",125,sms,rob2tel,8
"33401","2026-10-01","00",true,GW_ROBOT_TELCEL_2,1,0,false,false,false,"",126,flash,rob2tel,24
"33401","2026-10-01","00",true,GW_ROBOT_TELCEL_2,1,0,false,false,false,"",126,sms,rob2tel,2564
"33401","2026-10-01","00",true,GW_ROBOT_TELCEL_2,1,0,false,false,false,"",127,flash,rob2tel,14
"33401","2026-10-01","00",true,GW_ROBOT_TELCEL_2,1,0,false,false,false,"",127,sms,rob2tel,6
"33401","2026-10-01","00",true,GW_ROBOT_TELCEL_2,1,0,false,false,false,"",128,flash,rob2tel,7
"33401","2026-10-01","00",true,GW_ROBOT_TELCEL_2,1,0,false,false,false,"",128,sms,rob2tel,8
"33401","2026-10-01","00",true,GW_ROBOT_TELCEL_2,1,0,false,false,false,"",129,flash,rob2tel,9
"33401","2026-10-01","00",true,GW_ROBOT_TELCEL_2,1,0,false,false,false,"",129,sms,rob2tel,12022
"33401","2026-10-01","00",true,GW_ROBOT_TELCEL_2,1,0,false,false,false,"",130,flash,rob2tel,26
"33401","2026-10-01","00",true,GW_ROBOT_TELCEL_2,1,0,false,false,false,"",130,sms,rob2tel,39
"33401","2026-10-01","00",true,GW_ROBOT_TELCEL_2,1,0,false,false,false,"",131,flash,rob2tel,25
"33401","2026-10-01","00",true,GW_ROBOT_TELCEL_2,1,0,false,false,false,"",131,sms,rob2tel,679
"33401","2026-10-01","00",true,GW_ROBOT_TELCEL_2,1,0,false,false,false,"",132,flash,rob2tel,41
"33401","2026-10-01","00",true,GW_ROBOT_TELCEL_2,1,0,false,false,false,"",132,sms,rob2tel,29
"33401","2026-10-01","00",true,GW_ROBOT_TELCEL_2,1,0,false,false,false,"",133,flash,rob2tel,78
"33401","2026-10-01","00",true,GW_ROBOT_TELCEL_2,1,0,false,false,false,"",133,sms,rob2tel,665
"33401","2026-10-01","00",true,GW_ROBOT_TELCEL_2,1,0,false,false,false,"",134,flash,rob2tel,53
"33401","2026-10-01","00",true,GW_ROBOT_TELCEL_2,1,0,false,false,false,"",134,sms,rob2tel,13
"33401","2026-10-01","00",true,GW_ROBOT_TELCEL_2,1,0,false,false,false,"",135,flash,rob2tel,22
"33401","2026-10-01","00",true,GW_ROBOT_TELCEL_2,1,0,false,false,false,"",135,sms,rob2tel,11
"33401","2026-10-01","00",true,GW_ROBOT_TELCEL_2,1,0,false,false,false,"",136,flash,rob2tel,28
"33401","2026-10-01","00",true,GW_ROBOT_TELCEL_2,1,0,false,false,false,"",136,sms,rob2tel,50
"33401","2026-10-01","00",true,GW_ROBOT_TELCEL_2,1,0,false,false,false,"",137,flash,rob2tel,14
"33401","2026-10-01","00",true,GW_ROBOT_TELCEL_2,1,0,false,false,false,"",137,sms,rob2tel,51
"33401","2026-10-01","00",true,GW_ROBOT_TELCEL_2,1,0,false,false,false,"",138,flash,rob2tel,4296
"33401","2026-10-01","00",true,GW_ROBOT_TELCEL_2,1,0,false,false,false,"",138,sms,rob2tel,46
"33401","2026-10-01","00",true,GW_ROBOT_TELCEL_2,1,0,false,false,false,"",139,flash,rob2tel,22
"33401","2026-10-01","00",true,GW_ROBOT_TELCEL_2,1,0,false,false,false,"",139,sms,rob2tel,65
"33401","2026-10-01","00",true,GW_ROBOT_TELCEL_2,1,0,false,false,false,"",140,flash,rob2tel,73
"33401","2026-10-01","00",true,GW_ROBOT_TELCEL_2,1,0,false,false,false,"",140,sms,rob2tel,7303
"33401","2026-10-01","00",true,GW_ROBOT_TELCEL_2,1,0,false,false,false,"",141,flash,rob2tel,215
"33401","2026-10-01","00",true,GW_ROBOT_TELCEL_2,1,0,false,false,false,"",141,sms,rob2tel,267
"33401","2026-10-01","00",true,GW_ROBOT_TELCEL_2,1,0,false,false,false,"",142,flash,rob2tel,363
"33401","2026-10-01","00",true,GW_ROBOT_TELCEL_2,1,0,false,false,false,"",142,sms,rob2tel,63
"33401","2026-10-01","00",true,GW_ROBOT_TELCEL_2,1,0,false,false,false,"",143,flash,rob2tel,59
"33401","2026-10-01","00",true,GW_ROBOT_TELCEL_2,1,0,false,false,false,"",143,sms,rob2tel,49
"33401","2026-10-01","00",true,GW_ROBOT_TELCEL_2,1,0,false,false,false,"",144,flash,rob2tel,296
"33401","2026-10-01","00",true,GW_ROBOT_TELCEL_2,1,0,false,false,false,"",144,sms,rob2tel,1195
"33401","2026-10-01","00",true,GW_ROBOT_TELCEL_2,1,0,false,false,false,"",145,flash,rob2tel,55
"33401","2026-10-01","00",true,GW_ROBOT_TELCEL_2,1,0,false,false,false,"",145,sms,rob2tel,145
"33401","2026-10-01","00",true,GW_ROBOT_TELCEL_2,1,0,false,false,false,"",146,flash,rob2tel,27
"33401","2026-10-01","00",true,GW_ROBOT_TELCEL_2,1,0,false,false,false,"",146,sms,rob2tel,165
"33401","2026-10-01","00",true,GW_ROBOT_TELCEL_2,1,0,false,false,false,"",147,flash,rob2tel,66
"33401","2026-10-01","00",true,GW_ROBOT_TELCEL_2,1,0,false,false,false,"",147,sms,rob2tel,302
"33401","2026-10-01","00",true,GW_ROBOT_TELCEL_2,1,0,false,false,false,"",148,flash,rob2tel,17
"33401","2026-10-01","00",true,GW_ROBOT_TELCEL_2,1,0,false,false,false,"",148,sms,rob2tel,331
"33401","2026-10-01","00",true,GW_ROBOT_TELCEL_2,1,0,false,false,false,"",149,flash,rob2tel,16
"33401","2026-10-01","00",true,GW_ROBOT_TELCEL_2,1,0,false,false,false,"",149,sms,rob2tel,557
"33401","2026-10-01","00",true,GW_ROBOT_TELCEL_2,1,0,false,false,false,"",150,flash,rob2tel,12
"33401","2026-10-01","00",true,GW_ROBOT_TELCEL_2,1,0,false,false,false,"",150,sms,rob2tel,892
"33401","2026-10-01","00",true,GW_ROBOT_TELCEL_2,1,0,false,false,false,"",151,flash,rob2tel,11
"33401","2026-10-01","00",true,GW_ROBOT_TELCEL_2,1,0,false,false,false,"",151,sms,rob2tel,3620
"33401","2026-10-01","00",true,GW_ROBOT_TELCEL_2,1,0,false,false,false,"",152,flash,rob2tel,18
"33401","2026-10-01","00",true,GW_ROBOT_TELCEL_2,1,0,false,false,false,"",152,sms,rob2tel,1239
"33401","2026-10-01","00",true,GW_ROBOT_TELCEL_2,1,0,false,false,false,"",153,flash,rob2tel,15
"33401","2026-10-01","00",true,GW_ROBOT_TELCEL_2,1,0,false,false,false,"",153,sms,rob2tel,1269
"33401","2026-10-01","00",true,GW_ROBOT_TELCEL_2,1,0,false,false,false,"",154,flash,rob2tel,16
"33401","2026-10-01","00",true,GW_ROBOT_TELCEL_2,1,0,false,false,false,"",154,sms,rob2tel,1053
"33401","2026-10-01","00",true,GW_ROBOT_TELCEL_2,1,0,false,false,false,"",155,flash,rob2tel,18
"33401","2026-10-01","00",true,GW_ROBOT_TELCEL_2,1,0,false,false,false,"",155,sms,rob2tel,675
"33401","2026-10-01","00",true,GW_ROBOT_TELCEL_2,1,0,false,false,false,"",156,flash,rob2tel,768
"33401","2026-10-01","00",true,GW_ROBOT_TELCEL_2,1,0,false,false,false,"",156,sms,rob2tel,1545
"33401","2026-10-01","00",true,GW_ROBOT_TELCEL_2,1,0,false,false,false,"",157,flash,rob2tel,195
"33401","2026-10-01","00",true,GW_ROBOT_TELCEL_2,1,0,false,false,false,"",157,sms,rob2tel,444
"33401","2026-10-01","00",true,GW_ROBOT_TELCEL_2,1,0,false,false,false,"",158,flash,rob2tel,108
"33401","2026-10-01","00",true,GW_ROBOT_TELCEL_2,1,0,false,false,false,"",158,sms,rob2tel,179
"33401","2026-10-01","00",true,GW_ROBOT_TELCEL_2,1,0,false,false,false,"",159,flash,rob2tel,9
"33401","2026-10-01","00",true,GW_ROBOT_TELCEL_2,1,0,false,false,false,"",159,sms,rob2tel,38
"33401","2026-10-01","00",true,GW_ROBOT_TELCEL_2,1,0,false,false,false,"",160,sms,rob2tel,25
"33401","2026-10-01","00",true,GW_ROBOT_TELCEL_2,2,1,false,false,false,"",134,sms,rob2tel,56
"33401","2026-10-01","00",true,GW_ROBOT_TELCEL_2,2,1,false,false,false,"",151,sms,rob2tel,366
"33401","2026-10-01","00",true,GW_ROBOT_TELCEL_2,2,1,false,false,false,"",153,flash,rob2tel,90
"33401","2026-10-01","00",true,GW_ROBOT_TELCEL_2,2,1,false,false,false,"",153,sms,rob2tel,31
"33401","2026-10-01","00",true,GW_ROBOT_TELCEL_2,2,2,false,false,false,"",7,sms,rob2tel,1
"33401","2026-10-01","00",true,GW_ROBOT_TELCEL_2,2,2,false,false,false,"",8,sms,rob2tel,4
"33401","2026-10-01","00",true,GW_ROBOT_TELCEL_2,2,2,false,false,false,"",9,sms,rob2tel,10
"33401","2026-10-01","00",true,GW_ROBOT_TELCEL_2,2,2,false,false,false,"",10,flash,rob2tel,9
"33401","2026-10-01","00",true,GW_ROBOT_TELCEL_2,2,2,false,false,false,"",10,sms,rob2tel,19
"33401","2026-10-01","00",true,GW_ROBOT_TELCEL_2,2,2,false,false,false,"",11,flash,rob2tel,62
"33401","2026-10-01","00",true,GW_ROBOT_TELCEL_2,2,2,false,false,false,"",11,sms,rob2tel,4
"33401","2026-10-01","00",true,GW_ROBOT_TELCEL_2,2,2,false,false,false,"",12,flash,rob2tel,17
"33401","2026-10-01","00",true,GW_ROBOT_TELCEL_2,2,2,false,false,false,"",12,sms,rob2tel,2
"33401","2026-10-01","00",true,GW_ROBOT_TELCEL_2,2,2,false,false,false,"",13,sms,rob2tel,6
"33401","2026-10-01","00",true,GW_ROBOT_TELCEL_2,2,2,false,false,false,"",14,sms,rob2tel,8
"33401","2026-10-01","00",true,GW_ROBOT_TELCEL_2,2,2,false,false,false,"",15,sms,rob2tel,5
"33401","2026-10-01","00",true,GW_ROBOT_TELCEL_2,2,2,false,false,false,"",16,sms,rob2tel,5
"33401","2026-10-01","00",true,GW_ROBOT_TELCEL_2,2,2,false,false,false,"",17,sms,rob2tel,4
"33401","2026-10-01","00",true,GW_ROBOT_TELCEL_2,2,2,false,false,false,"",18,sms,rob2tel,5
"33401","2026-10-01","00",true,GW_ROBOT_TELCEL_2,2,2,false,false,false,"",19,sms,rob2tel,1
"33401","2026-10-01","00",true,GW_ROBOT_TELCEL_2,2,2,false,false,false,"",20,sms,rob2tel,3
"33401","2026-10-01","00",true,GW_ROBOT_TELCEL_2,2,2,false,false,false,"",21,sms,rob2tel,15
"33401","2026-10-01","00",true,GW_ROBOT_TELCEL_2,2,2,false,false,false,"",23,sms,rob2tel,1
"33401","2026-10-01","00",true,GW_ROBOT_TELCEL_2,2,2,false,false,false,"",27,sms,rob2tel,4
"33401","2026-10-01","00",true,GW_ROBOT_TELCEL_2,2,2,false,false,false,"",30,sms,rob2tel,2
"33401","2026-10-01","00",true,GW_ROBOT_TELCEL_2,2,2,false,false,false,"",31,sms,rob2tel,1
"33401","2026-10-01","00",true,GW_ROBOT_TELCEL_2,2,2,false,false,false,"",33,sms,rob2tel,2
"33401","2026-10-01","00",true,GW_ROBOT_TELCEL_2,2,2,false,false,false,"",34,sms,rob2tel,2
"33401","2026-10-01","00",true,GW_ROBOT_TELCEL_2,2,2,false,false,false,"",35,sms,rob2tel,5
"33401","2026-10-01","00",true,GW_ROBOT_TELCEL_2,2,2,false,false,false,"",36,sms,rob2tel,5
"33401","2026-10-01","00",true,GW_ROBOT_TELCEL_2,2,2,false,false,false,"",37,sms,rob2tel,3
"33401","2026-10-01","00",true,GW_ROBOT_TELCEL_2,2,2,false,false,false,"",38,sms,rob2tel,1
"33401","2026-10-01","00",true,GW_ROBOT_TELCEL_2,2,2,false,false,false,"",41,sms,rob2tel,4
"33401","2026-10-01","00",true,GW_ROBOT_TELCEL_2,2,2,false,false,false,"",42,sms,rob2tel,3
"33401","2026-10-01","00",true,GW_ROBOT_TELCEL_2,2,2,false,false,false,"",43,sms,rob2tel,4
"33401","2026-10-01","00",true,GW_ROBOT_TELCEL_2,2,2,false,false,false,"",44,sms,rob2tel,1
"33401","2026-10-01","00",true,GW_ROBOT_TELCEL_2,2,2,false,false,false,"",45,sms,rob2tel,3
"33401","2026-10-01","00",true,GW_ROBOT_TELCEL_2,2,2,false,false,false,"",46,sms,rob2tel,2
"33401","2026-10-01","00",true,GW_ROBOT_TELCEL_2,2,2,false,false,false,"",47,sms,rob2tel,1
"33401","2026-10-01","00",true,GW_ROBOT_TELCEL_2,2,2,false,false,false,"",48,sms,rob2tel,3
"33401","2026-10-01","00",true,GW_ROBOT_TELCEL_2,2,2,false,false,false,"",49,sms,rob2tel,6
"33401","2026-10-01","00",true,GW_ROBOT_TELCEL_2,2,2,false,false,false,"",60,sms,rob2tel,1
"33401","2026-10-01","00",true,GW_ROBOT_TELCEL_2,2,2,false,false,false,"",62,sms,rob2tel,2
"33401","2026-10-01","00",true,GW_ROBOT_TELCEL_2,2,2,false,false,false,"",63,sms,rob2tel,1
"33401","2026-10-01","00",true,GW_ROBOT_TELCEL_2,2,2,false,false,false,"",65,sms,rob2tel,30
"33401","2026-10-01","00",true,GW_ROBOT_TELCEL_2,2,2,false,false,false,"",69,sms,rob2tel,66
"33401","2026-10-01","00",true,GW_ROBOT_TELCEL_2,2,2,false,false,false,"",70,sms,rob2tel,39
"33401","2026-10-01","00",true,GW_ROBOT_TELCEL_2,2,2,false,false,false,"",71,sms,rob2tel,36
"33401","2026-10-01","00",true,GW_ROBOT_TELCEL_2,2,2,false,false,false,"",72,sms,rob2tel,56
"33401","2026-10-01","00",true,GW_ROBOT_TELCEL_2,2,2,false,false,false,"",73,sms,rob2tel,3
"33401","2026-10-01","00",true,GW_ROBOT_TELCEL_2,2,2,false,false,false,"",77,sms,rob2tel,3
"33401","2026-10-01","00",true,GW_ROBOT_TELCEL_2,2,2,false,false,false,"",79,sms,rob2tel,3
"33401","2026-10-01","00",true,GW_ROBOT_TELCEL_2,2,2,false,false,false,"",85,sms,rob2tel,1
"33401","2026-10-01","00",true,GW_ROBOT_TELCEL_2,2,2,false,false,false,"",88,sms,rob2tel,1
"33401","2026-10-01","00",true,GW_ROBOT_TELCEL_2,2,2,false,false,false,"",90,sms,rob2tel,1
"33401","2026-10-01","00",true,GW_ROBOT_TELCEL_2,2,2,false,false,false,"",91,sms,rob2tel,2
"33401","2026-10-01","00",true,GW_ROBOT_TELCEL_2,2,2,false,false,false,"",95,sms,rob2tel,1
"33401","2026-10-01","00",true,GW_ROBOT_TELCEL_2,2,2,false,false,false,"",97,sms,rob2tel,1
"33401","2026-10-01","00",true,GW_ROBOT_TELCEL_2,2,2,false,false,false,"",101,sms,rob2tel,2
"33401","2026-10-01","00",true,GW_ROBOT_TELCEL_2,2,2,false,false,false,"",102,sms,rob2tel,3
"33401","2026-10-01","00",true,GW_ROBOT_TELCEL_2,2,2,false,false,false,"",103,sms,rob2tel,5
"33401","2026-10-01","00",true,GW_ROBOT_TELCEL_2,2,2,false,false,false,"",104,sms,rob2tel,1
"33401","2026-10-01","00",true,GW_ROBOT_TELCEL_2,2,2,false,false,false,"",105,sms,rob2tel,2
"33401","2026-10-01","00",true,GW_ROBOT_TELCEL_2,2,2,false,false,false,"",106,sms,rob2tel,1
"33401","2026-10-01","00",true,GW_ROBOT_TELCEL_2,2,2,false,false,false,"",114,sms,rob2tel,1
"33401","2026-10-01","00",true,GW_ROBOT_TELCEL_2,2,2,false,false,false,"",116,sms,rob2tel,1
"33401","2026-10-01","00",true,GW_ROBOT_TELCEL_2,2,2,false,false,false,"",117,sms,rob2tel,3
"33401","2026-10-01","00",true,GW_ROBOT_TELCEL_2,2,2,false,false,false,"",118,sms,rob2tel,1
"33401","2026-10-01","00",true,GW_ROBOT_TELCEL_2,2,2,false,false,false,"",119,sms,rob2tel,1
"33401","2026-10-01","00",true,GW_ROBOT_TELCEL_2,2,2,false,false,false,"",120,sms,rob2tel,1
"33401","2026-10-01","00",true,GW_ROBOT_TELCEL_2,2,2,false,false,false,"",122,sms,rob2tel,2
"33401","2026-10-01","00",true,GW_ROBOT_TELCEL_2,2,2,false,false,false,"",123,sms,rob2tel,2
"33401","2026-10-01","00",true,GW_ROBOT_TELCEL_2,2,2,false,false,false,"",125,sms,rob2tel,13
"33401","2026-10-01","00",true,GW_ROBOT_TELCEL_2,2,2,false,false,false,"",127,sms,rob2tel,1
"33401","2026-10-01","00",true,GW_ROBOT_TELCEL_2,2,2,false,false,false,"",129,sms,rob2tel,3
"33401","2026-10-01","00",true,GW_ROBOT_TELCEL_2,2,2,false,false,false,"",132,sms,rob2tel,1
"33401","2026-10-01","00",true,GW_ROBOT_TELCEL_2,2,2,false,false,false,"",133,sms,rob2tel,1
"33401","2026-10-01","00",true,GW_ROBOT_TELCEL_2,2,2,false,false,false,"",134,sms,rob2tel,1
"33401","2026-10-01","00",true,GW_ROBOT_TELCEL_2,3,1,false,false,false,"",134,sms,rob2tel,14
"33401","2026-10-01","00",true,GW_ROBOT_TELCEL_2,3,1,false,false,false,"",151,sms,rob2tel,33
"33401","2026-10-01","00",true,GW_ROBOT_TELCEL_2,3,1,true,false,false,"",67,sms,rob2tel,28
"33401","2026-10-01","00",true,GW_ROBOT_TELCEL_2,3,2,false,false,false,"",134,sms,rob2tel,17
"33401","2026-10-01","00",true,GW_ROBOT_TELCEL_2,3,2,false,false,false,"",153,sms,rob2tel,36
"33401","2026-10-01","00",true,GW_ROBOT_TELCEL_2,3,2,true,false,false,"",67,sms,rob2tel,29
"33401","2026-10-01","00",true,GW_ROBOT_TELCEL_2,3,3,false,false,false,"",1,sms,rob2tel,1
"33401","2026-10-01","00",true,GW_ROBOT_TELCEL_2,3,3,false,false,false,"",5,sms,rob2tel,5
"33401","2026-10-01","00",true,GW_ROBOT_TELCEL_2,3,3,false,false,false,"",8,sms,rob2tel,3
"33401","2026-10-01","00",true,GW_ROBOT_TELCEL_2,3,3,false,false,false,"",15,sms,rob2tel,1
"33401","2026-10-01","00",true,GW_ROBOT_TELCEL_2,3,3,false,false,false,"",16,sms,rob2tel,1
"33401","2026-10-01","00",true,GW_ROBOT_TELCEL_2,3,3,false,false,false,"",19,sms,rob2tel,1
"33401","2026-10-01","00",true,GW_ROBOT_TELCEL_2,3,3,false,false,false,"",22,sms,rob2tel,1
"33401","2026-10-01","00",true,GW_ROBOT_TELCEL_2,3,3,false,false,false,"",24,sms,rob2tel,1
"33401","2026-10-01","00",true,GW_ROBOT_TELCEL_2,3,3,false,false,false,"",28,sms,rob2tel,1
"33401","2026-10-01","00",true,GW_ROBOT_TELCEL_2,3,3,false,false,false,"",76,sms,rob2tel,1
"33401","2026-10-01","00",true,GW_ROBOT_TELCEL_2,3,3,false,false,false,"",77,sms,rob2tel,3
"33401","2026-10-01","00",true,GW_ROBOT_TELCEL_2,3,3,false,false,false,"",78,sms,rob2tel,3
"33401","2026-10-01","00",true,GW_ROBOT_TELCEL_2,3,3,false,false,false,"",79,sms,rob2tel,3
"33401","2026-10-01","00",true,GW_ROBOT_TELCEL_2,3,3,false,false,false,"",80,sms,rob2tel,7
"33401","2026-10-01","00",true,GW_ROBOT_TELCEL_2,3,3,false,false,false,"",81,sms,rob2tel,7
"33401","2026-10-01","00",true,GW_ROBOT_TELCEL_2,3,3,false,false,false,"",82,sms,rob2tel,2
"33401","2026-10-01","00",true,GW_ROBOT_TELCEL_2,3,3,false,false,false,"",83,sms,rob2tel,1
"33401","2026-10-01","00",true,GW_ROBOT_TELCEL_2,3,3,false,false,false,"",84,sms,rob2tel,1
"33401","2026-10-01","00",true,GW_ROBOT_TELCEL_2,3,3,false,false,false,"",85,sms,rob2tel,2
"33401","2026-10-01","00",true,GW_ROBOT_TELCEL_2,3,3,false,false,false,"",86,sms,rob2tel,2
"33401","2026-10-01","00",true,GW_ROBOT_TELCEL_2,3,3,false,false,false,"",87,sms,rob2tel,2
"33401","2026-10-01","00",true,GW_ROBOT_TELCEL_2,3,3,false,false,false,"",88,sms,rob2tel,2
"33401","2026-10-01","00",true,GW_ROBOT_TELCEL_2,3,3,false,false,false,"",90,sms,rob2tel,1
"33401","2026-10-01","00",true,GW_ROBOT_TELCEL_2,3,3,false,false,false,"",126,sms,rob2tel,3
"33401","2026-10-01","00",true,GW_ROBOT_TELCEL_2,3,3,true,false,false,"",7,sms,rob2tel,1
"33401","2026-10-01","00",true,GW_ROBOT_TELCEL_2,3,3,true,false,false,"",9,sms,rob2tel,1
"33401","2026-10-01","00",true,GW_ROBOT_TELCEL_2,3,3,true,false,false,"",10,sms,rob2tel,2
"33401","2026-10-01","00",true,GW_ROBOT_TELCEL_2,3,3,true,false,false,"",11,sms,rob2tel,2
"33401","2026-10-01","00",true,GW_ROBOT_TELCEL_2,3,3,true,false,false,"",12,sms,rob2tel,1
"33401","2026-10-01","00",true,GW_ROBOT_TELCEL_2,3,3,true,false,false,"",13,sms,rob2tel,3
"33401","2026-10-01","00",true,GW_ROBOT_TELCEL_2,3,3,true,false,false,"",18,sms,rob2tel,2
"33401","2026-10-01","00",true,GW_ROBOT_TELCEL_2,3,3,true,false,false,"",19,sms,rob2tel,2
"33401","2026-10-01","00",true,GW_ROBOT_TELCEL_2,3,3,true,false,false,"",20,sms,rob2tel,2
"33401","2026-10-01","00",true,GW_ROBOT_TELCEL_2,3,3,true,false,false,"",21,sms,rob2tel,4
"33401","2026-10-01","00",true,GW_ROBOT_TELCEL_2,3,3,true,false,false,"",24,sms,rob2tel,1
"33401","2026-10-01","00",true,GW_ROBOT_TELCEL_2,3,3,true,false,false,"",26,sms,rob2tel,1
"33401","2026-10-01","00",true,GW_ROBOT_TELCEL_3,1,0,false,false,false,"",4,sms,rob2tel,9
"33401","2026-10-01","00",true,GW_ROBOT_TELCEL_3,1,0,false,false,false,"",14,sms,rob2tel,5
"33401","2026-10-01","00",true,GW_ROBOT_TELCEL_3,1,0,false,false,false,"",20,sms,rob2tel,2
"33401","2026-10-01","00",true,GW_ROBOT_TELCEL_3,1,0,false,false,false,"",24,sms,rob2tel,2
"33401","2026-10-01","00",true,GW_ROBOT_TELCEL_3,1,0,false,false,false,"",30,sms,rob2tel,9
"33401","2026-10-01","00",true,GW_ROBOT_TELCEL_3,1,0,false,false,false,"",33,sms,rob2tel,2
"33401","2026-10-01","00",true,GW_ROBOT_TELCEL_3,1,0,false,false,false,"",38,sms,rob2tel,4
"33401","2026-10-01","00",true,GW_ROBOT_TELCEL_3,1,0,false,false,false,"",40,sms,rob2tel,3
"33401","2026-10-01","00",true,GW_ROBOT_TELCEL_3,1,0,false,false,false,"",41,sms,rob2tel,22
"33401","2026-10-01","00",true,GW_ROBOT_TELCEL_3,1,0,false,false,false,"",42,sms,rob2tel,4
"33401","2026-10-01","00",true,GW_ROBOT_TELCEL_3,1,0,false,false,false,"",43,sms,rob2tel,1
"33401","2026-10-01","00",true,GW_ROBOT_TELCEL_3,1,0,false,false,false,"",44,sms,rob2tel,51
"33401","2026-10-01","00",true,GW_ROBOT_TELCEL_3,1,0,false,false,false,"",45,sms,rob2tel,7
"33401","2026-10-01","00",true,GW_ROBOT_TELCEL_3,1,0,false,false,false,"",46,sms,rob2tel,3
"33401","2026-10-01","00",true,GW_ROBOT_TELCEL_3,1,0,false,false,false,"",47,sms,rob2tel,5
"33401","2026-10-01","00",true,GW_ROBOT_TELCEL_3,1,0,false,false,false,"",48,sms,rob2tel,5
"33401","2026-10-01","00",true,GW_ROBOT_TELCEL_3,1,0,false,false,false,"",49,sms,rob2tel,7
"33401","2026-10-01","00",true,GW_ROBOT_TELCEL_3,1,0,false,false,false,"",50,sms,rob2tel,8
"33401","2026-10-01","00",true,GW_ROBOT_TELCEL_3,1,0,false,false,false,"",51,sms,rob2tel,9
"33401","2026-10-01","00",true,GW_ROBOT_TELCEL_3,1,0,false,false,false,"",52,sms,rob2tel,4
"33401","2026-10-01","00",true,GW_ROBOT_TELCEL_3,1,0,false,false,false,"",53,sms,rob2tel,6
"33401","2026-10-01","00",true,GW_ROBOT_TELCEL_3,1,0,false,false,false,"",54,sms,rob2tel,3
"33401","2026-10-01","00",true,GW_ROBOT_TELCEL_3,1,0,false,false,false,"",55,sms,rob2tel,1
"33401","2026-10-01","00",true,GW_ROBOT_TELCEL_3,1,0,false,false,false,"",56,sms,rob2tel,2
"33401","2026-10-01","00",true,GW_ROBOT_TELCEL_3,1,0,false,false,false,"",57,sms,rob2tel,3
"33401","2026-10-01","00",true,GW_ROBOT_TELCEL_3,1,0,false,false,false,"",58,sms,rob2tel,1
"33401","2026-10-01","00",true,GW_ROBOT_TELCEL_3,1,0,false,false,false,"",59,sms,rob2tel,17
"33401","2026-10-01","00",true,GW_ROBOT_TELCEL_3,1,0,false,false,false,"",60,sms,rob2tel,4
"33401","2026-10-01","00",true,GW_ROBOT_TELCEL_3,1,0,false,false,false,"",61,sms,rob2tel,3
"33401","2026-10-01","00",true,GW_ROBOT_TELCEL_3,1,0,false,false,false,"",62,sms,rob2tel,1
"33401","2026-10-01","00",true,GW_ROBOT_TELCEL_3,1,0,false,false,false,"",63,sms,rob2tel,4
"33401","2026-10-01","00",true,GW_ROBOT_TELCEL_3,1,0,false,false,false,"",64,sms,rob2tel,1
"33401","2026-10-01","00",true,GW_ROBOT_TELCEL_3,1,0,false,false,false,"",65,sms,rob2tel,5
"33401","2026-10-01","00",true,GW_ROBOT_TELCEL_3,1,0,false,false,false,"",66,sms,rob2tel,3
"33401","2026-10-01","00",true,GW_ROBOT_TELCEL_3,1,0,false,false,false,"",67,sms,rob2tel,4
"33401","2026-10-01","00",true,GW_ROBOT_TELCEL_3,1,0,false,false,false,"",68,sms,rob2tel,73
"33401","2026-10-01","00",true,GW_ROBOT_TELCEL_3,1,0,false,false,false,"",69,sms,rob2tel,15
"33401","2026-10-01","00",true,GW_ROBOT_TELCEL_3,1,0,false,false,false,"",70,sms,rob2tel,3
"33401","2026-10-01","00",true,GW_ROBOT_TELCEL_3,1,0,false,false,false,"",71,sms,rob2tel,3
"33401","2026-10-01","00",true,GW_ROBOT_TELCEL_3,1,0,false,false,false,"",72,sms,rob2tel,4
"33401","2026-10-01","00",true,GW_ROBOT_TELCEL_3,1,0,false,false,false,"",73,sms,rob2tel,2
"33401","2026-10-01","00",true,GW_ROBOT_TELCEL_3,1,0,false,false,false,"",74,sms,rob2tel,307
"33401","2026-10-01","00",true,GW_ROBOT_TELCEL_3,1,0,false,false,false,"",75,sms,rob2tel,1
"33401","2026-10-01","00",true,GW_ROBOT_TELCEL_3,1,0,false,false,false,"",76,sms,rob2tel,22
"33401","2026-10-01","00",true,GW_ROBOT_TELCEL_3,1,0,false,false,false,"",77,sms,rob2tel,19
"33401","2026-10-01","00",true,GW_ROBOT_TELCEL_3,1,0,false,false,false,"",79,sms,rob2tel,21
"33401","2026-10-01","00",true,GW_ROBOT_TELCEL_3,1,0,false,false,false,"",80,sms,rob2tel,48
"33401","2026-10-01","00",true,GW_ROBOT_TELCEL_3,1,0,false,false,false,"",81,sms,rob2tel,82
"33401","2026-10-01","00",true,GW_ROBOT_TELCEL_3,1,0,false,false,false,"",82,sms,rob2tel,2
"33401","2026-10-01","00",true,GW_ROBOT_TELCEL_3,1,0,false,false,false,"",83,sms,rob2tel,1
"33401","2026-10-01","00",true,GW_ROBOT_TELCEL_3,1,0,false,false,false,"",84,sms,rob2tel,11
"33401","2026-10-01","00",true,GW_ROBOT_TELCEL_3,1,0,false,false,false,"",88,sms,rob2tel,4
"33401","2026-10-01","00",true,GW_ROBOT_TELCEL_3,1,0,false,false,false,"",89,sms,rob2tel,1
"33401","2026-10-01","00",true,GW_ROBOT_TELCEL_3,1,0,false,false,false,"",90,sms,rob2tel,1
"33401","2026-10-01","00",true,GW_ROBOT_TELCEL_3,1,0,false,false,false,"",92,sms,rob2tel,1
"33401","2026-10-01","00",true,GW_ROBOT_TELCEL_3,1,0,false,false,false,"",93,sms,rob2tel,4
"33401","2026-10-01","00",true,GW_ROBOT_TELCEL_3,1,0,false,false,false,"",94,sms,rob2tel,4
"33401","2026-10-01","00",true,GW_ROBOT_TELCEL_3,1,0,false,false,false,"",95,sms,rob2tel,8
"33401","2026-10-01","00",true,GW_ROBOT_TELCEL_3,1,0,false,false,false,"",96,sms,rob2tel,9
"33401","2026-10-01","00",true,GW_ROBOT_TELCEL_3,1,0,false,false,false,"",97,sms,rob2tel,9
"33401","2026-10-01","00",true,GW_ROBOT_TELCEL_3,1,0,false,false,false,"",98,sms,rob2tel,31
"33401","2026-10-01","00",true,GW_ROBOT_TELCEL_3,1,0,false,false,false,"",99,sms,rob2tel,396
"33401","2026-10-01","00",true,GW_ROBOT_TELCEL_3,1,0,false,false,false,"",100,sms,rob2tel,1
"33401","2026-10-01","00",true,GW_ROBOT_TELCEL_3,1,0,false,false,false,"",101,sms,rob2tel,290
"33401","2026-10-01","00",true,GW_ROBOT_TELCEL_3,1,0,false,false,false,"",102,sms,rob2tel,285
"33401","2026-10-01","00",true,GW_ROBOT_TELCEL_3,1,0,false,false,false,"",104,sms,rob2tel,2592
"33401","2026-10-01","00",true,GW_ROBOT_TELCEL_3,1,0,false,false,false,"",105,sms,rob2tel,127
"33401","2026-10-01","00",true,GW_ROBOT_TELCEL_3,1,0,false,false,false,"",106,sms,rob2tel,21
"33401","2026-10-01","00",true,GW_ROBOT_TELCEL_3,1,0,false,false,false,"",107,sms,rob2tel,15
"33401","2026-10-01","00",true,GW_ROBOT_TELCEL_3,1,0,false,false,false,"",108,sms,rob2tel,38
"33401","2026-10-01","00",true,GW_ROBOT_TELCEL_3,1,0,false,false,false,"",109,flash,rob2tel,118
"33401","2026-10-01","00",true,GW_ROBOT_TELCEL_3,1,0,false,false,false,"",109,sms,rob2tel,9
"33401","2026-10-01","00",true,GW_ROBOT_TELCEL_3,1,0,false,false,false,"",110,flash,rob2tel,9
"33401","2026-10-01","00",true,GW_ROBOT_TELCEL_3,1,0,false,false,false,"",110,sms,rob2tel,9
"33401","2026-10-01","00",true,GW_ROBOT_TELCEL_3,1,0,false,false,false,"",111,flash,rob2tel,1
"33401","2026-10-01","00",true,GW_ROBOT_TELCEL_3,1,0,false,false,false,"",111,sms,rob2tel,20
"33401","2026-10-01","00",true,GW_ROBOT_TELCEL_3,1,0,false,false,false,"",112,flash,rob2tel,2
"33401","2026-10-01","00",true,GW_ROBOT_TELCEL_3,1,0,false,false,false,"",112,sms,rob2tel,11
"33401","2026-10-01","00",true,GW_ROBOT_TELCEL_3,1,0,false,false,false,"",113,sms,rob2tel,6
"33401","2026-10-01","00",true,GW_ROBOT_TELCEL_3,1,0,false,false,false,"",114,flash,rob2tel,1
"33401","2026-10-01","00",true,GW_ROBOT_TELCEL_3,1,0,false,false,false,"",114,sms,rob2tel,1
"33401","2026-10-01","00",true,GW_ROBOT_TELCEL_3,1,0,false,false,false,"",115,sms,rob2tel,55
"33401","2026-10-01","00",true,GW_ROBOT_TELCEL_3,1,0,false,false,false,"",116,sms,rob2tel,38
"33401","2026-10-01","00",true,GW_ROBOT_TELCEL_3,1,0,false,false,false,"",117,sms,rob2tel,1
"33401","2026-10-01","00",true,GW_ROBOT_TELCEL_3,1,0,false,false,false,"",118,flash,rob2tel,1
"33401","2026-10-01","00",true,GW_ROBOT_TELCEL_3,1,0,false,false,false,"",118,sms,rob2tel,21
"33401","2026-10-01","00",true,GW_ROBOT_TELCEL_3,1,0,false,false,false,"",119,flash,rob2tel,6
"33401","2026-10-01","00",true,GW_ROBOT_TELCEL_3,1,0,false,false,false,"",119,sms,rob2tel,20
"33401","2026-10-01","00",true,GW_ROBOT_TELCEL_3,1,0,false,false,false,"",120,flash,rob2tel,23
"33401","2026-10-01","00",true,GW_ROBOT_TELCEL_3,1,0,false,false,false,"",120,sms,rob2tel,21
"33401","2026-10-01","00",true,GW_ROBOT_TELCEL_3,1,0,false,false,false,"",121,flash,rob2tel,48
"33401","2026-10-01","00",true,GW_ROBOT_TELCEL_3,1,0,false,false,false,"",121,sms,rob2tel,139
"33401","2026-10-01","00",true,GW_ROBOT_TELCEL_3,1,0,false,false,false,"",122,flash,rob2tel,53
"33401","2026-10-01","00",true,GW_ROBOT_TELCEL_3,1,0,false,false,false,"",122,sms,rob2tel,13
"33401","2026-10-01","00",true,GW_ROBOT_TELCEL_3,1,0,false,false,false,"",123,flash,rob2tel,79
"33401","2026-10-01","00",true,GW_ROBOT_TELCEL_3,1,0,false,false,false,"",123,sms,rob2tel,10
"33401","2026-10-01","00",true,GW_ROBOT_TELCEL_3,1,0,false,false,false,"",124,flash,rob2tel,75
"33401","2026-10-01","00",true,GW_ROBOT_TELCEL_3,1,0,false,false,false,"",124,sms,rob2tel,3
"33401","2026-10-01","00",true,GW_ROBOT_TELCEL_3,1,0,false,false,false,"",125,flash,rob2tel,50
"33401","2026-10-01","00",true,GW_ROBOT_TELCEL_3,1,0,false,false,false,"",125,sms,rob2tel,13
"33401","2026-10-01","00",true,GW_ROBOT_TELCEL_3,1,0,false,false,false,"",126,flash,rob2tel,25
"33401","2026-10-01","00",true,GW_ROBOT_TELCEL_3,1,0,false,false,false,"",126,sms,rob2tel,2718
"33401","2026-10-01","00",true,GW_ROBOT_TELCEL_3,1,0,false,false,false,"",127,flash,rob2tel,18
"33401","2026-10-01","00",true,GW_ROBOT_TELCEL_3,1,0,false,false,false,"",127,sms,rob2tel,7
"33401","2026-10-01","00",true,GW_ROBOT_TELCEL_3,1,0,false,false,false,"",128,flash,rob2tel,9
"33401","2026-10-01","00",true,GW_ROBOT_TELCEL_3,1,0,false,false,false,"",128,sms,rob2tel,8
"33401","2026-10-01","00",true,GW_ROBOT_TELCEL_3,1,0,false,false,false,"",129,flash,rob2tel,9
"33401","2026-10-01","00",true,GW_ROBOT_TELCEL_3,1,0,false,false,false,"",129,sms,rob2tel,12173
"33401","2026-10-01","00",true,GW_ROBOT_TELCEL_3,1,0,false,false,false,"",130,flash,rob2tel,25
"33401","2026-10-01","00",true,GW_ROBOT_TELCEL_3,1,0,false,false,false,"",130,sms,rob2tel,53
"33401","2026-10-01","00",true,GW_ROBOT_TELCEL_3,1,0,false,false,false,"",131,flash,rob2tel,33
"33401","2026-10-01","00",true,GW_ROBOT_TELCEL_3,1,0,false,false,false,"",131,sms,rob2tel,717
"33401","2026-10-01","00",true,GW_ROBOT_TELCEL_3,1,0,false,false,false,"",132,flash,rob2tel,31
"33401","2026-10-01","00",true,GW_ROBOT_TELCEL_3,1,0,false,false,false,"",132,sms,rob2tel,53
"33401","2026-10-01","00",true,GW_ROBOT_TELCEL_3,1,0,false,false,false,"",133,flash,rob2tel,82
"33401","2026-10-01","00",true,GW_ROBOT_TELCEL_3,1,0,false,false,false,"",133,sms,rob2tel,591
"33401","2026-10-01","00",true,GW_ROBOT_TELCEL_3,1,0,false,false,false,"",134,flash,rob2tel,42
"33401","2026-10-01","00",true,GW_ROBOT_TELCEL_3,1,0,false,false,false,"",134,sms,rob2tel,21
"33401","2026-10-01","00",true,GW_ROBOT_TELCEL_3,1,0,false,false,false,"",135,flash,rob2tel,26
"33401","2026-10-01","00",true,GW_ROBOT_TELCEL_3,1,0,false,false,false,"",135,sms,rob2tel,6
"33401","2026-10-01","00",true,GW_ROBOT_TELCEL_3,1,0,false,false,false,"",136,flash,rob2tel,16
"33401","2026-10-01","00",true,GW_ROBOT_TELCEL_3,1,0,false,false,false,"",136,sms,rob2tel,46
"33401","2026-10-01","00",true,GW_ROBOT_TELCEL_3,1,0,false,false,false,"",137,flash,rob2tel,11
"33401","2026-10-01","00",true,GW_ROBOT_TELCEL_3,1,0,false,false,false,"",137,sms,rob2tel,50
"33401","2026-10-01","00",true,GW_ROBOT_TELCEL_3,1,0,false,false,false,"",138,flash,rob2tel,4427
"33401","2026-10-01","00",true,GW_ROBOT_TELCEL_3,1,0,false,false,false,"",138,sms,rob2tel,42
"33401","2026-10-01","00",true,GW_ROBOT_TELCEL_3,1,0,false,false,false,"",139,flash,rob2tel,16
"33401","2026-10-01","00",true,GW_ROBOT_TELCEL_3,1,0,false,false,false,"",139,sms,rob2tel,60
"33401","2026-10-01","00",true,GW_ROBOT_TELCEL_3,1,0,false,false,false,"",140,flash,rob2tel,72
"33401","2026-10-01","00",true,GW_ROBOT_TELCEL_3,1,0,false,false,false,"",140,sms,rob2tel,7384
"33401","2026-10-01","00",true,GW_ROBOT_TELCEL_3,1,0,false,false,false,"",141,flash,rob2tel,202
"33401","2026-10-01","00",true,GW_ROBOT_TELCEL_3,1,0,false,false,false,"",141,sms,rob2tel,258
"33401","2026-10-01","00",true,GW_ROBOT_TELCEL_3,1,0,false,false,false,"",142,flash,rob2tel,355
"33401","2026-10-01","00",true,GW_ROBOT_TELCEL_3,1,0,false,false,false,"",142,sms,rob2tel,70
"33401","2026-10-01","00",true,GW_ROBOT_TELCEL_3,1,0,false,false,false,"",143,flash,rob2tel,65
"33401","2026-10-01","00",true,GW_ROBOT_TELCEL_3,1,0,false,false,false,"",143,sms,rob2tel,63
"33401","2026-10-01","00",true,GW_ROBOT_TELCEL_3,1,0,false,false,false,"",144,flash,rob2tel,255
"33401","2026-10-01","00",true,GW_ROBOT_TELCEL_3,1,0,false,false,false,"",144,sms,rob2tel,1149
"33401","2026-10-01","00",true,GW_ROBOT_TELCEL_3,1,0,false,false,false,"",145,flash,rob2tel,45
"33401","2026-10-01","00",true,GW_ROBOT_TELCEL_3,1,0,false,false,false,"",145,sms,rob2tel,174
"33401","2026-10-01","00",true,GW_ROBOT_TELCEL_3,1,0,false,false,false,"",146,flash,rob2tel,31
"33401","2026-10-01","00",true,GW_ROBOT_TELCEL_3,1,0,false,false,false,"",146,sms,rob2tel,157
"33401","2026-10-01","00",true,GW_ROBOT_TELCEL_3,1,0,false,false,false,"",147,flash,rob2tel,66
"33401","2026-10-01","00",true,GW_ROBOT_TELCEL_3,1,0,false,false,false,"",147,sms,rob2tel,324
"33401","2026-10-01","00",true,GW_ROBOT_TELCEL_3,1,0,false,false,false,"",148,flash,rob2tel,14
"33401","2026-10-01","00",true,GW_ROBOT_TELCEL_3,1,0,false,false,false,"",148,sms,rob2tel,307
"33401","2026-10-01","00",true,GW_ROBOT_TELCEL_3,1,0,false,false,false,"",149,flash,rob2tel,5
"33401","2026-10-01","00",true,GW_ROBOT_TELCEL_3,1,0,false,false,false,"",149,sms,rob2tel,566
"33401","2026-10-01","00",true,GW_ROBOT_TELCEL_3,1,0,false,false,false,"",150,flash,rob2tel,11
"33401","2026-10-01","00",true,GW_ROBOT_TELCEL_3,1,0,false,false,false,"",150,sms,rob2tel,891
"33401","2026-10-01","00",true,GW_ROBOT_TELCEL_3,1,0,false,false,false,"",151,flash,rob2tel,5
"33401","2026-10-01","00",true,GW_ROBOT_TELCEL_3,1,0,false,false,false,"",151,sms,rob2tel,3509
"33401","2026-10-01","00",true,GW_ROBOT_TELCEL_3,1,0,false,false,false,"",152,flash,rob2tel,13
"33401","2026-10-01","00",true,GW_ROBOT_TELCEL_3,1,0,false,false,false,"",152,sms,rob2tel,1279
"33401","2026-10-01","00",true,GW_ROBOT_TELCEL_3,1,0,false,false,false,"",153,flash,rob2tel,14
"33401","2026-10-01","00",true,GW_ROBOT_TELCEL_3,1,0,false,false,false,"",153,sms,rob2tel,1267
"33401","2026-10-01","00",true,GW_ROBOT_TELCEL_3,1,0,false,false,false,"",154,flash,rob2tel,13
"33401","2026-10-01","00",true,GW_ROBOT_TELCEL_3,1,0,false,false,false,"",154,sms,rob2tel,1066
"33401","2026-10-01","00",true,GW_ROBOT_TELCEL_3,1,0,false,false,false,"",155,flash,rob2tel,12
"33401","2026-10-01","00",true,GW_ROBOT_TELCEL_3,1,0,false,false,false,"",155,sms,rob2tel,628
"33401","2026-10-01","00",true,GW_ROBOT_TELCEL_3,1,0,false,false,false,"",156,flash,rob2tel,825
"33401","2026-10-01","00",true,GW_ROBOT_TELCEL_3,1,0,false,false,false,"",156,sms,rob2tel,1484
"33401","2026-10-01","00",true,GW_ROBOT_TELCEL_3,1,0,false,false,false,"",157,flash,rob2tel,169
"33401","2026-10-01","00",true,GW_ROBOT_TELCEL_3,1,0,false,false,false,"",157,sms,rob2tel,490
"33401","2026-10-01","00",true,GW_ROBOT_TELCEL_3,1,0,false,false,false,"",158,flash,rob2tel,77
"33401","2026-10-01","00",true,GW_ROBOT_TELCEL_3,1,0,false,false,false,"",158,sms,rob2tel,175
"33401","2026-10-01","00",true,GW_ROBOT_TELCEL_3,1,0,false,false,false,"",159,flash,rob2tel,14
"33401","2026-10-01","00",true,GW_ROBOT_TELCEL_3,1,0,false,false,false,"",159,sms,rob2tel,43
"33401","2026-10-01","00",true,GW_ROBOT_TELCEL_3,1,0,false,false,false,"",160,sms,rob2tel,29
"33401","2026-10-01","00",true,GW_ROBOT_TELCEL_3,2,1,false,false,false,"",134,sms,rob2tel,53
"33401","2026-10-01","00",true,GW_ROBOT_TELCEL_3,2,1,false,false,false,"",151,sms,rob2tel,329
"33401","2026-10-01","00",true,GW_ROBOT_TELCEL_3,2,1,false,false,false,"",153,flash,rob2tel,83
"33401","2026-10-01","00",true,GW_ROBOT_TELCEL_3,2,1,false,false,false,"",153,sms,rob2tel,33
"33401","2026-10-01","00",true,GW_ROBOT_TELCEL_3,2,2,false,false,false,"",7,sms,rob2tel,1
"33401","2026-10-01","00",true,GW_ROBOT_TELCEL_3,2,2,false,false,false,"",8,sms,rob2tel,2
"33401","2026-10-01","00",true,GW_ROBOT_TELCEL_3,2,2,false,false,false,"",9,sms,rob2tel,4
"33401","2026-10-01","00",true,GW_ROBOT_TELCEL_3,2,2,false,false,false,"",10,flash,rob2tel,12
"33401","2026-10-01","00",true,GW_ROBOT_TELCEL_3,2,2,false,false,false,"",10,sms,rob2tel,12
"33401","2026-10-01","00",true,GW_ROBOT_TELCEL_3,2,2,false,false,false,"",11,flash,rob2tel,65
"33401","2026-10-01","00",true,GW_ROBOT_TELCEL_3,2,2,false,false,false,"",11,sms,rob2tel,9
"33401","2026-10-01","00",true,GW_ROBOT_TELCEL_3,2,2,false,false,false,"",12,flash,rob2tel,8
"33401","2026-10-01","00",true,GW_ROBOT_TELCEL_3,2,2,false,false,false,"",12,sms,rob2tel,2
"33401","2026-10-01","00",true,GW_ROBOT_TELCEL_3,2,2,false,false,false,"",13,sms,rob2tel,4
"33401","2026-10-01","00",true,GW_ROBOT_TELCEL_3,2,2,false,false,false,"",14,sms,rob2tel,9
"33401","2026-10-01","00",true,GW_ROBOT_TELCEL_3,2,2,false,false,false,"",15,sms,rob2tel,10
"33401","2026-10-01","00",true,GW_ROBOT_TELCEL_3,2,2,false,false,false,"",16,sms,rob2tel,3
"33401","2026-10-01","00",true,GW_ROBOT_TELCEL_3,2,2,false,false,false,"",17,sms,rob2tel,5
"33401","2026-10-01","00",true,GW_ROBOT_TELCEL_3,2,2,false,false,false,"",18,sms,rob2tel,8
"33401","2026-10-01","00",true,GW_ROBOT_TELCEL_3,2,2,false,false,false,"",20,sms,rob2tel,1
"33401","2026-10-01","00",true,GW_ROBOT_TELCEL_3,2,2,false,false,false,"",21,sms,rob2tel,9
"33401","2026-10-01","00",true,GW_ROBOT_TELCEL_3,2,2,false,false,false,"",22,sms,rob2tel,1
"33401","2026-10-01","00",true,GW_ROBOT_TELCEL_3,2,2,false,false,false,"",23,sms,rob2tel,1
"33401","2026-10-01","00",true,GW_ROBOT_TELCEL_3,2,2,false,false,false,"",27,sms,rob2tel,1
"33401","2026-10-01","00",true,GW_ROBOT_TELCEL_3,2,2,false,false,false,"",28,sms,rob2tel,3
"33401","2026-10-01","00",true,GW_ROBOT_TELCEL_3,2,2,false,false,false,"",30,sms,rob2tel,1
"33401","2026-10-01","00",true,GW_ROBOT_TELCEL_3,2,2,false,false,false,"",31,sms,rob2tel,1
"33401","2026-10-01","00",true,GW_ROBOT_TELCEL_3,2,2,false,false,false,"",32,sms,rob2tel,3
"33401","2026-10-01","00",true,GW_ROBOT_TELCEL_3,2,2,false,false,false,"",33,sms,rob2tel,1
"33401","2026-10-01","00",true,GW_ROBOT_TELCEL_3,2,2,false,false,false,"",34,sms,rob2tel,4
"33401","2026-10-01","00",true,GW_ROBOT_TELCEL_3,2,2,false,false,false,"",35,sms,rob2tel,8
"33401","2026-10-01","00",true,GW_ROBOT_TELCEL_3,2,2,false,false,false,"",40,sms,rob2tel,1
"33401","2026-10-01","00",true,GW_ROBOT_TELCEL_3,2,2,false,false,false,"",41,sms,rob2tel,3
"33401","2026-10-01","00",true,GW_ROBOT_TELCEL_3,2,2,false,false,false,"",42,sms,rob2tel,2
"33401","2026-10-01","00",true,GW_ROBOT_TELCEL_3,2,2,false,false,false,"",43,sms,rob2tel,3
"33401","2026-10-01","00",true,GW_ROBOT_TELCEL_3,2,2,false,false,false,"",44,sms,rob2tel,2
"33401","2026-10-01","00",true,GW_ROBOT_TELCEL_3,2,2,false,false,false,"",45,sms,rob2tel,3
"33401","2026-10-01","00",true,GW_ROBOT_TELCEL_3,2,2,false,false,false,"",46,sms,rob2tel,2
"33401","2026-10-01","00",true,GW_ROBOT_TELCEL_3,2,2,false,false,false,"",47,sms,rob2tel,2
"33401","2026-10-01","00",true,GW_ROBOT_TELCEL_3,2,2,false,false,false,"",48,sms,rob2tel,4
"33401","2026-10-01","00",true,GW_ROBOT_TELCEL_3,2,2,false,false,false,"",49,sms,rob2tel,5
"33401","2026-10-01","00",true,GW_ROBOT_TELCEL_3,2,2,false,false,false,"",52,sms,rob2tel,6
"33401","2026-10-01","00",true,GW_ROBOT_TELCEL_3,2,2,false,false,false,"",60,sms,rob2tel,2
"33401","2026-10-01","00",true,GW_ROBOT_TELCEL_3,2,2,false,false,false,"",62,sms,rob2tel,2
"33401","2026-10-01","00",true,GW_ROBOT_TELCEL_3,2,2,false,false,false,"",63,sms,rob2tel,1
"33401","2026-10-01","00",true,GW_ROBOT_TELCEL_3,2,2,false,false,false,"",65,sms,rob2tel,36
"33401","2026-10-01","00",true,GW_ROBOT_TELCEL_3,2,2,false,false,false,"",66,sms,rob2tel,1
"33401","2026-10-01","00",true,GW_ROBOT_TELCEL_3,2,2,false,false,false,"",68,sms,rob2tel,2
"33401","2026-10-01","00",true,GW_ROBOT_TELCEL_3,2,2,false,false,false,"",69,sms,rob2tel,50
"33401","2026-10-01","00",true,GW_ROBOT_TELCEL_3,2,2,false,false,false,"",70,sms,rob2tel,46
"33401","2026-10-01","00",true,GW_ROBOT_TELCEL_3,2,2,false,false,false,"",71,sms,rob2tel,33
"33401","2026-10-01","00",true,GW_ROBOT_TELCEL_3,2,2,false,false,false,"",72,sms,rob2tel,47
"33401","2026-10-01","00",true,GW_ROBOT_TELCEL_3,2,2,false,false,false,"",73,sms,rob2tel,3
"33401","2026-10-01","00",true,GW_ROBOT_TELCEL_3,2,2,false,false,false,"",76,sms,rob2tel,1
"33401","2026-10-01","00",true,GW_ROBOT_TELCEL_3,2,2,false,false,false,"",77,sms,rob2tel,3
"33401","2026-10-01","00",true,GW_ROBOT_TELCEL_3,2,2,false,false,false,"",79,sms,rob2tel,5
"33401","2026-10-01","00",true,GW_ROBOT_TELCEL_3,2,2,false,false,false,"",88,sms,rob2tel,1
"33401","2026-10-01","00",true,GW_ROBOT_TELCEL_3,2,2,false,false,false,"",89,sms,rob2tel,2
"33401","2026-10-01","00",true,GW_ROBOT_TELCEL_3,2,2,false,false,false,"",90,sms,rob2tel,2
"33401","2026-10-01","00",true,GW_ROBOT_TELCEL_3,2,2,false,false,false,"",91,sms,rob2tel,1
"33401","2026-10-01","00",true,GW_ROBOT_TELCEL_3,2,2,false,false,false,"",93,sms,rob2tel,1
"33401","2026-10-01","00",true,GW_ROBOT_TELCEL_3,2,2,false,false,false,"",94,sms,rob2tel,1
"33401","2026-10-01","00",true,GW_ROBOT_TELCEL_3,2,2,false,false,false,"",95,sms,rob2tel,1
"33401","2026-10-01","00",true,GW_ROBOT_TELCEL_3,2,2,false,false,false,"",97,sms,rob2tel,1
"33401","2026-10-01","00",true,GW_ROBOT_TELCEL_3,2,2,false,false,false,"",101,sms,rob2tel,5
"33401","2026-10-01","00",true,GW_ROBOT_TELCEL_3,2,2,false,false,false,"",102,sms,rob2tel,2
"33401","2026-10-01","00",true,GW_ROBOT_TELCEL_3,2,2,false,false,false,"",103,sms,rob2tel,5
"33401","2026-10-01","00",true,GW_ROBOT_TELCEL_3,2,2,false,false,false,"",106,sms,rob2tel,1
"33401","2026-10-01","00",true,GW_ROBOT_TELCEL_3,2,2,false,false,false,"",116,sms,rob2tel,2
"33401","2026-10-01","00",true,GW_ROBOT_TELCEL_3,2,2,false,false,false,"",118,sms,rob2tel,1
"33401","2026-10-01","00",true,GW_ROBOT_TELCEL_3,2,2,false,false,false,"",125,sms,rob2tel,23
"33401","2026-10-01","00",true,GW_ROBOT_TELCEL_3,2,2,false,false,false,"",126,sms,rob2tel,1
"33401","2026-10-01","00",true,GW_ROBOT_TELCEL_3,2,2,false,false,false,"",127,sms,rob2tel,1
"33401","2026-10-01","00",true,GW_ROBOT_TELCEL_3,2,2,false,false,false,"",128,sms,rob2tel,1
"33401","2026-10-01","00",true,GW_ROBOT_TELCEL_3,2,2,false,false,false,"",129,sms,rob2tel,7
"33401","2026-10-01","00",true,GW_ROBOT_TELCEL_3,2,2,false,false,false,"",130,sms,rob2tel,1
"33401","2026-10-01","00",true,GW_ROBOT_TELCEL_3,2,2,false,false,false,"",133,sms,rob2tel,1
"33401","2026-10-01","00",true,GW_ROBOT_TELCEL_3,2,2,false,false,false,"",148,sms,rob2tel,1
"33401","2026-10-01","00",true,GW_ROBOT_TELCEL_3,3,1,false,false,false,"",134,sms,rob2tel,17
"33401","2026-10-01","00",true,GW_ROBOT_TELCEL_3,3,1,false,false,false,"",151,sms,rob2tel,38
"33401","2026-10-01","00",true,GW_ROBOT_TELCEL_3,3,1,true,false,false,"",67,sms,rob2tel,19
"33401","2026-10-01","00",true,GW_ROBOT_TELCEL_3,3,2,false,false,false,"",134,sms,rob2tel,14
"33401","2026-10-01","00",true,GW_ROBOT_TELCEL_3,3,2,false,false,false,"",153,sms,rob2tel,35
"33401","2026-10-01","00",true,GW_ROBOT_TELCEL_3,3,2,true,false,false,"",67,sms,rob2tel,18
"33401","2026-10-01","00",true,GW_ROBOT_TELCEL_3,3,3,false,false,false,"",1,sms,rob2tel,1
"33401","2026-10-01","00",true,GW_ROBOT_TELCEL_3,3,3,false,false,false,"",3,sms,rob2tel,3
"33401","2026-10-01","00",true,GW_ROBOT_TELCEL_3,3,3,false,false,false,"",4,sms,rob2tel,1
"33401","2026-10-01","00",true,GW_ROBOT_TELCEL_3,3,3,false,false,false,"",5,sms,rob2tel,3
"33401","2026-10-01","00",true,GW_ROBOT_TELCEL_3,3,3,false,false,false,"",6,sms,rob2tel,1
"33401","2026-10-01","00",true,GW_ROBOT_TELCEL_3,3,3,false,false,false,"",10,sms,rob2tel,1
"33401","2026-10-01","00",true,GW_ROBOT_TELCEL_3,3,3,false,false,false,"",11,sms,rob2tel,1
"33401","2026-10-01","00",true,GW_ROBOT_TELCEL_3,3,3,false,false,false,"",13,sms,rob2tel,1
"33401","2026-10-01","00",true,GW_ROBOT_TELCEL_3,3,3,false,false,false,"",14,sms,rob2tel,1
"33401","2026-10-01","00",true,GW_ROBOT_TELCEL_3,3,3,false,false,false,"",15,sms,rob2tel,2
"33401","2026-10-01","00",true,GW_ROBOT_TELCEL_3,3,3,false,false,false,"",17,sms,rob2tel,2
"33401","2026-10-01","00",true,GW_ROBOT_TELCEL_3,3,3,false,false,false,"",30,sms,rob2tel,1
"33401","2026-10-01","00",true,GW_ROBOT_TELCEL_3,3,3,false,false,false,"",37,sms,rob2tel,1
"33401","2026-10-01","00",true,GW_ROBOT_TELCEL_3,3,3,false,false,false,"",75,sms,rob2tel,1
"33401","2026-10-01","00",true,GW_ROBOT_TELCEL_3,3,3,false,false,false,"",76,sms,rob2tel,1
"33401","2026-10-01","00",true,GW_ROBOT_TELCEL_3,3,3,false,false,false,"",77,sms,rob2tel,3
"33401","2026-10-01","00",true,GW_ROBOT_TELCEL_3,3,3,false,false,false,"",78,sms,rob2tel,2
"33401","2026-10-01","00",true,GW_ROBOT_TELCEL_3,3,3,false,false,false,"",79,sms,rob2tel,3
"33401","2026-10-01","00",true,GW_ROBOT_TELCEL_3,3,3,false,false,false,"",80,sms,rob2tel,3
"33401","2026-10-01","00",true,GW_ROBOT_TELCEL_3,3,3,false,false,false,"",81,sms,rob2tel,4
"33401","2026-10-01","00",true,GW_ROBOT_TELCEL_3,3,3,false,false,false,"",82,sms,rob2tel,1
"33401","2026-10-01","00",true,GW_ROBOT_TELCEL_3,3,3,false,false,false,"",84,sms,rob2tel,3
"33401","2026-10-01","00",true,GW_ROBOT_TELCEL_3,3,3,false,false,false,"",86,sms,rob2tel,3
"33401","2026-10-01","00",true,GW_ROBOT_TELCEL_3,3,3,false,false,false,"",87,sms,rob2tel,3
"33401","2026-10-01","00",true,GW_ROBOT_TELCEL_3,3,3,false,false,false,"",126,sms,rob2tel,1
"33401","2026-10-01","00",true,GW_ROBOT_TELCEL_3,3,3,true,false,false,"",7,sms,rob2tel,1
"33401","2026-10-01","00",true,GW_ROBOT_TELCEL_3,3,3,true,false,false,"",8,sms,rob2tel,1
"33401","2026-10-01","00",true,GW_ROBOT_TELCEL_3,3,3,true,false,false,"",11,sms,rob2tel,2
"33401","2026-10-01","00",true,GW_ROBOT_TELCEL_3,3,3,true,false,false,"",13,sms,rob2tel,1
"33401","2026-10-01","00",true,GW_ROBOT_TELCEL_3,3,3,true,false,false,"",14,sms,rob2tel,3
"33401","2026-10-01","00",true,GW_ROBOT_TELCEL_3,3,3,true,false,false,"",15,sms,rob2tel,1
"33401","2026-10-01","00",true,GW_ROBOT_TELCEL_3,3,3,true,false,false,"",16,sms,rob2tel,1
"33401","2026-10-01","00",true,GW_ROBOT_TELCEL_3,3,3,true,false,false,"",18,sms,rob2tel,7
"33401","2026-10-01","00",true,GW_ROBOT_TELCEL_3,3,3,true,false,false,"",19,sms,rob2tel,2
"33401","2026-10-01","00",true,GW_ROBOT_TELCEL_3,3,3,true,false,false,"",21,sms,rob2tel,2
"33401","2026-10-01","00",true,GW_ROBOT_TELCEL_3,3,3,true,false,false,"",22,sms,rob2tel,1
"33401","2026-10-01","00",true,GW_ROBOT_TELCEL_3,3,3,true,false,false,"",23,sms,rob2tel,1
"33401","2026-10-01","00",true,GW_ROBOT_TELCEL_3,3,3,true,false,false,"",24,sms,rob2tel,1
"33401","2026-10-01","00",true,GW_ROBOT_TELCEL_3,3,3,true,false,false,"",25,sms,rob2tel,1
"33401","2026-10-01","00",true,Openip-sant_nm2v,1,0,false,false,false,"",142,sms,openipsms,1
"33401","2026-10-01","00",true,Openip-sant_nm2v,1,0,false,false,false,"",143,sms,openipsms,5
"33401","2026-10-01","00",true,Openip-sant_nm2v,1,0,false,false,false,"",144,sms,openipsms,50
"33401","2026-10-01","00",true,Openip-sant_nm2v,1,0,false,false,false,"",146,sms,openipsms,768
"33401","2026-10-01","00",true,Openip-sant_nm2v,1,0,false,false,false,"",147,sms,openipsms,360
"33401","2026-10-01","00",true,Openip-sant_nm2v,1,0,false,false,false,"",152,sms,openipsms,4
"33401","2026-10-01","00",true,Openip-sant_nm2v,1,0,false,false,false,"",153,sms,openipsms,19
"33401","2026-10-01","00",true,Openip-sant_nm2v,1,0,false,false,false,"",154,sms,openipsms,15
"33401","2026-10-01","00",true,Openip-sant_nm2v,1,0,false,false,false,"",155,sms,openipsms,63
"33401","2026-10-01","00",true,Openip-sant_nm2v,1,0,false,false,false,"",156,sms,openipsms,120
"33401","2026-10-01","00",true,Openip-sant_nm2v,1,0,false,false,false,"",157,sms,openipsms,133
"33401","2026-10-01","00",true,Openip-sant_nm2v,1,0,false,false,false,"",158,sms,openipsms,119
"33401","2026-10-01","00",true,Openip-sant_nm2v,1,0,false,false,false,"",159,sms,openipsms,74
"33401","2026-10-01","00",true,Openip-sant_nm2v,1,0,false,false,false,"",160,sms,openipsms,38
"33401","2026-10-01","00",true,ROBOCOM-MOVISTAR,1,0,false,false,false,"",4,sms,ROBOCOM_SMS,2
"33401","2026-10-01","00",true,ROBOCOM-MOVISTAR,1,0,false,false,false,"",24,sms,ROBOCOM_SMS,6
"33401","2026-10-01","00",true,ROBOCOM-MOVISTAR,1,0,false,false,false,"",117,flash,ROBOCOM_SMS,1
"33401","2026-10-01","00",true,ROBOCOM-MOVISTAR,1,0,false,false,false,"",123,flash,ROBOCOM_SMS,2
"33401","2026-10-01","00",true,ROBOCOM-MOVISTAR,1,0,false,false,false,"",124,flash,ROBOCOM_SMS,3
"33401","2026-10-01","00",true,ROBOCOM-MOVISTAR,1,0,false,false,false,"",125,flash,ROBOCOM_SMS,3
"33401","2026-10-01","00",true,ROBOCOM-MOVISTAR,1,0,false,false,false,"",126,flash,ROBOCOM_SMS,1
"33401","2026-10-01","00",true,ROBOCOM-MOVISTAR,1,0,false,false,false,"",126,sms,ROBOCOM_SMS,1
"33401","2026-10-01","00",true,ROBOCOM-MOVISTAR,1,0,false,false,false,"",128,flash,ROBOCOM_SMS,1
"33401","2026-10-01","00",true,ROBOCOM-MOVISTAR,1,0,false,false,false,"",131,flash,ROBOCOM_SMS,2
"33401","2026-10-01","00",true,ROBOCOM-MOVISTAR,1,0,false,false,false,"",132,flash,ROBOCOM_SMS,3
"33401","2026-10-01","00",true,ROBOCOM-MOVISTAR,1,0,false,false,false,"",133,flash,ROBOCOM_SMS,1
"33401","2026-10-01","00",true,ROBOCOM-MOVISTAR,1,0,false,false,false,"",134,flash,ROBOCOM_SMS,2
"33401","2026-10-01","00",true,ROBOCOM-MOVISTAR,1,0,false,false,false,"",135,flash,ROBOCOM_SMS,1
"33401","2026-10-01","00",true,ROBOCOM-MOVISTAR,1,0,false,false,false,"",137,flash,ROBOCOM_SMS,5
"33401","2026-10-01","00",true,ROBOCOM-MOVISTAR,1,0,false,false,false,"",138,sms,ROBOCOM_SMS,4
"33401","2026-10-01","00",true,ROBOCOM-MOVISTAR,1,0,false,false,false,"",139,flash,ROBOCOM_SMS,1
"33401","2026-10-01","00",true,ROBOCOM-MOVISTAR,1,0,false,false,false,"",139,sms,ROBOCOM_SMS,4
"33401","2026-10-01","00",true,ROBOCOM-MOVISTAR,1,0,false,false,false,"",140,flash,ROBOCOM_SMS,3
"33401","2026-10-01","00",true,ROBOCOM-MOVISTAR,1,0,false,false,false,"",140,sms,ROBOCOM_SMS,11
"33401","2026-10-01","00",true,ROBOCOM-MOVISTAR,1,0,false,false,false,"",141,flash,ROBOCOM_SMS,10
"33401","2026-10-01","00",true,ROBOCOM-MOVISTAR,1,0,false,false,false,"",141,sms,ROBOCOM_SMS,5
"33401","2026-10-01","00",true,ROBOCOM-MOVISTAR,1,0,false,false,false,"",142,sms,ROBOCOM_SMS,6
"33401","2026-10-01","00",true,ROBOCOM-MOVISTAR,1,0,false,false,false,"",143,sms,ROBOCOM_SMS,3
"33401","2026-10-01","00",true,ROBOCOM-MOVISTAR,1,0,false,false,false,"",144,sms,ROBOCOM_SMS,6
"33401","2026-10-01","00",true,ROBOCOM-MOVISTAR,1,0,false,false,false,"",145,flash,ROBOCOM_SMS,7
"33401","2026-10-01","00",true,ROBOCOM-MOVISTAR,1,0,false,false,false,"",145,sms,ROBOCOM_SMS,11
"33401","2026-10-01","00",true,ROBOCOM-MOVISTAR,1,0,false,false,false,"",146,sms,ROBOCOM_SMS,10
"33401","2026-10-01","00",true,ROBOCOM-MOVISTAR,1,0,false,false,false,"",147,flash,ROBOCOM_SMS,18
"33401","2026-10-01","00",true,ROBOCOM-MOVISTAR,1,0,false,false,false,"",147,sms,ROBOCOM_SMS,20
"33401","2026-10-01","00",true,ROBOCOM-MOVISTAR,1,0,false,false,false,"",148,sms,ROBOCOM_SMS,12
"33401","2026-10-01","00",true,ROBOCOM-MOVISTAR,1,0,false,false,false,"",149,sms,ROBOCOM_SMS,15
"33401","2026-10-01","00",true,ROBOCOM-MOVISTAR,1,0,false,false,false,"",150,flash,ROBOCOM_SMS,1
"33401","2026-10-01","00",true,ROBOCOM-MOVISTAR,1,0,false,false,false,"",150,sms,ROBOCOM_SMS,12
"33401","2026-10-01","00",true,ROBOCOM-MOVISTAR,1,0,false,false,false,"",151,flash,ROBOCOM_SMS,3
"33401","2026-10-01","00",true,ROBOCOM-MOVISTAR,1,0,false,false,false,"",151,sms,ROBOCOM_SMS,72
"33401","2026-10-01","00",true,ROBOCOM-MOVISTAR,1,0,false,false,false,"",152,flash,ROBOCOM_SMS,3
"33401","2026-10-01","00",true,ROBOCOM-MOVISTAR,1,0,false,false,false,"",152,sms,ROBOCOM_SMS,3
"33401","2026-10-01","00",true,ROBOCOM-MOVISTAR,1,0,false,false,false,"",153,flash,ROBOCOM_SMS,5
"33401","2026-10-01","00",true,ROBOCOM-MOVISTAR,1,0,false,false,false,"",153,sms,ROBOCOM_SMS,11
"33401","2026-10-01","00",true,ROBOCOM-MOVISTAR,1,0,false,false,false,"",154,flash,ROBOCOM_SMS,4
"33401","2026-10-01","00",true,ROBOCOM-MOVISTAR,1,0,false,false,false,"",154,sms,ROBOCOM_SMS,4
"33401","2026-10-01","00",true,ROBOCOM-MOVISTAR,1,0,false,false,false,"",155,flash,ROBOCOM_SMS,2
"33401","2026-10-01","00",true,ROBOCOM-MOVISTAR,1,0,false,false,false,"",155,sms,ROBOCOM_SMS,6
"33401","2026-10-01","00",true,ROBOCOM-MOVISTAR,1,0,false,false,false,"",156,flash,ROBOCOM_SMS,4
"33401","2026-10-01","00",true,ROBOCOM-MOVISTAR,1,0,false,false,false,"",156,sms,ROBOCOM_SMS,3
"33401","2026-10-01","00",true,ROBOCOM-MOVISTAR,1,0,false,false,false,"",157,sms,ROBOCOM_SMS,2
"33401","2026-10-01","00",true,ROBOCOM-MOVISTAR,1,0,false,false,false,"",158,flash,ROBOCOM_SMS,1
"33401","2026-10-01","00",true,ROBOCOM-MOVISTAR,1,0,false,false,false,"",158,sms,ROBOCOM_SMS,1
"33401","2026-10-01","00",true,ROBOCOM-MOVISTAR,1,0,false,false,false,"",159,sms,ROBOCOM_SMS,1
"33401","2026-10-01","00",true,ROBOCOM-MOVISTAR,1,0,false,false,false,"",160,sms,ROBOCOM_SMS,3
"33401","2026-10-01","00",true,ROBOCOM-MOVISTAR,2,1,false,false,false,"",134,sms,ROBOCOM_SMS,9
"33401","2026-10-01","00",true,ROBOCOM-MOVISTAR,2,1,false,false,false,"",153,flash,ROBOCOM_SMS,12
"33401","2026-10-01","00",true,ROBOCOM-MOVISTAR,2,1,true,false,false,"",67,sms,ROBOCOM_SMS,1
"33401","2026-10-01","00",true,ROBOCOM-MOVISTAR,2,2,false,false,false,"",11,flash,ROBOCOM_SMS,9
"33401","2026-10-01","00",true,ROBOCOM-MOVISTAR,2,2,false,false,false,"",12,flash,ROBOCOM_SMS,4
"33401","2026-10-01","00",true,ROBOCOM-MOVISTAR,2,2,false,false,false,"",15,sms,ROBOCOM_SMS,2
"33401","2026-10-01","00",true,ROBOCOM-MOVISTAR,2,2,false,false,false,"",23,sms,ROBOCOM_SMS,1
"33401","2026-10-01","00",true,ROBOCOM-MOVISTAR,2,2,false,false,false,"",49,sms,ROBOCOM_SMS,1
"33401","2026-10-01","00",true,ROBOCOM-MOVISTAR,2,2,false,false,false,"",102,sms,ROBOCOM_SMS,1
"33401","2026-10-01","00",true,ROBOCOM-MOVISTAR,2,2,false,false,false,"",103,sms,ROBOCOM_SMS,3
"33401","2026-10-01","00",true,ROBOCOM-MOVISTAR,2,2,false,false,false,"",104,sms,ROBOCOM_SMS,1
"33401","2026-10-01","00",true,ROBOCOM-MOVISTAR,2,2,false,false,false,"",106,sms,ROBOCOM_SMS,1
"33401","2026-10-01","00",true,ROBOCOM-MOVISTAR,2,2,false,false,false,"",130,sms,ROBOCOM_SMS,1
"33401","2026-10-01","00",true,ROBOCOM-MOVISTAR,2,2,false,false,false,"",132,sms,ROBOCOM_SMS,1
"33401","2026-10-01","00",true,ROBOCOM-MOVISTAR,2,2,true,false,false,"",12,sms,ROBOCOM_SMS,1
"33401","2026-10-01","00",true,ROBOCOM-MOVISTAR,3,1,false,false,false,"",134,sms,ROBOCOM_SMS,2
"33401","2026-10-01","00",true,ROBOCOM-MOVISTAR,3,1,true,false,false,"",67,sms,ROBOCOM_SMS,8
"33401","2026-10-01","00",true,ROBOCOM-MOVISTAR,3,2,false,false,false,"",134,sms,ROBOCOM_SMS,2
"33401","2026-10-01","00",true,ROBOCOM-MOVISTAR,3,2,true,false,false,"",67,sms,ROBOCOM_SMS,8
"33401","2026-10-01","00",true,ROBOCOM-MOVISTAR,3,3,false,false,false,"",2,sms,ROBOCOM_SMS,1
"33401","2026-10-01","00",true,ROBOCOM-MOVISTAR,3,3,false,false,false,"",7,sms,ROBOCOM_SMS,1
"33401","2026-10-01","00",true,ROBOCOM-MOVISTAR,3,3,true,false,false,"",13,sms,ROBOCOM_SMS,2
"33401","2026-10-01","00",true,ROBOCOM-MOVISTAR,3,3,true,false,false,"",14,sms,ROBOCOM_SMS,1
"33401","2026-10-01","00",true,ROBOCOM-MOVISTAR,3,3,true,false,false,"",16,sms,ROBOCOM_SMS,2
"33401","2026-10-01","00",true,ROBOCOM-MOVISTAR,3,3,true,false,false,"",20,sms,ROBOCOM_SMS,1
"33401","2026-10-01","00",true,ROBOCOM-MOVISTAR,3,3,true,false,false,"",22,sms,ROBOCOM_SMS,1
"33401","2026-10-01","00",true,ROBOCOM-MOVISTAR,3,3,true,false,false,"",24,sms,ROBOCOM_SMS,1
"33401","2026-10-01","00",true,ROBOCOM_ALESTRA,1,0,false,false,false,"",104,sms,ROBOCOM,1
"33401","2026-10-01","00",true,ROBOCOM_ALESTRA,1,0,false,false,false,"",129,sms,ROBOCOM,1
"33401","2026-10-01","01",false,ROBOCOM-MOVISTAR,1,0,false,true,false,ESME_RSUBMITFAIL,4,sms,ROBOCOM_SMS,15
"33401","2026-10-01","01",false,ROBOCOM-MOVISTAR,1,0,false,true,false,ESME_RSUBMITFAIL,37,sms,ROBOCOM_SMS,2
"33401","2026-10-01","01",false,ROBOCOM-MOVISTAR,1,0,false,true,false,ESME_RSUBMITFAIL,109,flash,ROBOCOM_SMS,34
"33401","2026-10-01","01",false,ROBOCOM-MOVISTAR,1,0,false,true,false,ESME_RSUBMITFAIL,110,flash,ROBOCOM_SMS,5
"33401","2026-10-01","01",false,ROBOCOM-MOVISTAR,1,0,false,true,false,ESME_RSUBMITFAIL,120,sms,ROBOCOM_SMS,5
"33401","2026-10-01","01",false,ROBOCOM-MOVISTAR,1,0,false,true,false,ESME_RSUBMITFAIL,138,flash,ROBOCOM_SMS,2
"33401","2026-10-01","01",false,ROBOCOM-MOVISTAR,1,0,false,true,false,ESME_RSUBMITFAIL,140,sms,ROBOCOM_SMS,715
"33401","2026-10-01","01",false,ROBOCOM-MOVISTAR,1,0,false,true,false,ESME_RSUBMITFAIL,142,sms,ROBOCOM_SMS,2
"33401","2026-10-01","01",false,ROBOCOM-MOVISTAR,1,0,false,true,false,ESME_RSUBMITFAIL,143,sms,ROBOCOM_SMS,1
"33401","2026-10-01","01",false,ROBOCOM-MOVISTAR,1,0,false,true,false,ESME_RSUBMITFAIL,144,flash,ROBOCOM_SMS,2
"33401","2026-10-01","01",false,ROBOCOM-MOVISTAR,1,0,false,true,false,ESME_RSUBMITFAIL,144,sms,ROBOCOM_SMS,3
"33401","2026-10-01","01",false,ROBOCOM-MOVISTAR,1,0,false,true,false,ESME_RSUBMITFAIL,145,flash,ROBOCOM_SMS,1
"33401","2026-10-01","01",false,ROBOCOM-MOVISTAR,1,0,false,true,false,ESME_RSUBMITFAIL,145,sms,ROBOCOM_SMS,6
"33401","2026-10-01","01",false,ROBOCOM-MOVISTAR,1,0,false,true,false,ESME_RSUBMITFAIL,146,flash,ROBOCOM_SMS,6
"33401","2026-10-01","01",false,ROBOCOM-MOVISTAR,1,0,false,true,false,ESME_RSUBMITFAIL,146,sms,ROBOCOM_SMS,10
"33401","2026-10-01","01",false,ROBOCOM-MOVISTAR,1,0,false,true,false,ESME_RSUBMITFAIL,147,flash,ROBOCOM_SMS,28
"33401","2026-10-01","01",false,ROBOCOM-MOVISTAR,1,0,false,true,false,ESME_RSUBMITFAIL,147,sms,ROBOCOM_SMS,67
"33401","2026-10-01","01",false,ROBOCOM-MOVISTAR,1,0,false,true,false,ESME_RSUBMITFAIL,148,flash,ROBOCOM_SMS,85
"33401","2026-10-01","01",false,ROBOCOM-MOVISTAR,1,0,false,true,false,ESME_RSUBMITFAIL,148,sms,ROBOCOM_SMS,86
"33401","2026-10-01","01",false,ROBOCOM-MOVISTAR,1,0,false,true,false,ESME_RSUBMITFAIL,149,sms,ROBOCOM_SMS,290
"33401","2026-10-01","01",false,ROBOCOM-MOVISTAR,1,0,false,true,false,ESME_RSUBMITFAIL,150,flash,ROBOCOM_SMS,14
"33401","2026-10-01","01",false,ROBOCOM-MOVISTAR,1,0,false,true,false,ESME_RSUBMITFAIL,150,sms,ROBOCOM_SMS,820
"33401","2026-10-01","01",false,ROBOCOM-MOVISTAR,1,0,false,true,false,ESME_RSUBMITFAIL,151,flash,ROBOCOM_SMS,18
"33401","2026-10-01","01",false,ROBOCOM-MOVISTAR,1,0,false,true,false,ESME_RSUBMITFAIL,151,sms,ROBOCOM_SMS,1453
"33401","2026-10-01","01",false,ROBOCOM-MOVISTAR,1,0,false,true,false,ESME_RSUBMITFAIL,152,flash,ROBOCOM_SMS,14
"33401","2026-10-01","01",false,ROBOCOM-MOVISTAR,1,0,false,true,false,ESME_RSUBMITFAIL,152,sms,ROBOCOM_SMS,1365
"33401","2026-10-01","01",false,ROBOCOM-MOVISTAR,1,0,false,true,false,ESME_RSUBMITFAIL,153,flash,ROBOCOM_SMS,25
"33401","2026-10-01","01",false,ROBOCOM-MOVISTAR,1,0,false,true,false,ESME_RSUBMITFAIL,153,sms,ROBOCOM_SMS,1227
"33401","2026-10-01","01",false,ROBOCOM-MOVISTAR,1,0,false,true,false,ESME_RSUBMITFAIL,154,flash,ROBOCOM_SMS,53
"33401","2026-10-01","01",false,ROBOCOM-MOVISTAR,1,0,false,true,false,ESME_RSUBMITFAIL,154,sms,ROBOCOM_SMS,782
"33401","2026-10-01","01",false,ROBOCOM-MOVISTAR,1,0,false,true,false,ESME_RSUBMITFAIL,155,flash,ROBOCOM_SMS,19
"33401","2026-10-01","01",false,ROBOCOM-MOVISTAR,1,0,false,true,false,ESME_RSUBMITFAIL,155,sms,ROBOCOM_SMS,527
"33401","2026-10-01","01",false,ROBOCOM-MOVISTAR,1,0,false,true,false,ESME_RSUBMITFAIL,156,flash,ROBOCOM_SMS,52
"33401","2026-10-01","01",false,ROBOCOM-MOVISTAR,1,0,false,true,false,ESME_RSUBMITFAIL,156,sms,ROBOCOM_SMS,372
"33401","2026-10-01","01",false,ROBOCOM-MOVISTAR,1,0,false,true,false,ESME_RSUBMITFAIL,157,flash,ROBOCOM_SMS,90
"33401","2026-10-01","01",false,ROBOCOM-MOVISTAR,1,0,false,true,false,ESME_RSUBMITFAIL,157,sms,ROBOCOM_SMS,153
"33401","2026-10-01","01",false,ROBOCOM-MOVISTAR,1,0,false,true,false,ESME_RSUBMITFAIL,158,flash,ROBOCOM_SMS,24
"33401","2026-10-01","01",false,ROBOCOM-MOVISTAR,1,0,false,true,false,ESME_RSUBMITFAIL,158,sms,ROBOCOM_SMS,19
"33401","2026-10-01","01",false,ROBOCOM-MOVISTAR,1,0,false,true,false,ESME_RSUBMITFAIL,159,flash,ROBOCOM_SMS,18
"33401","2026-10-01","01",false,ROBOCOM-MOVISTAR,1,0,false,true,false,ESME_RSUBMITFAIL,159,sms,ROBOCOM_SMS,5
"33401","2026-10-01","01",false,ROBOCOM-MOVISTAR,1,0,false,true,false,ESME_RSUBMITFAIL,160,flash,ROBOCOM_SMS,7
"33401","2026-10-01","01",false,ROBOCOM-MOVISTAR,1,0,false,true,false,ESME_RSUBMITFAIL,160,sms,ROBOCOM_SMS,2
"33401","2026-10-01","01",false,ROBOCOM-MOVISTAR,1,0,false,true,false,ESME_RTHROTTLED,140,sms,ROBOCOM_SMS,31
"33401","2026-10-01","01",false,ROBOCOM-MOVISTAR,1,0,false,true,false,ESME_RTHROTTLED,146,sms,ROBOCOM_SMS,9
"33401","2026-10-01","01",false,ROBOCOM-MOVISTAR,1,0,false,true,false,ESME_RTHROTTLED,147,flash,ROBOCOM_SMS,1
"33401","2026-10-01","01",false,ROBOCOM-MOVISTAR,1,0,false,true,false,ESME_RTHROTTLED,147,sms,ROBOCOM_SMS,38
"33401","2026-10-01","01",false,ROBOCOM-MOVISTAR,1,0,false,true,false,ESME_RTHROTTLED,148,sms,ROBOCOM_SMS,40
"33401","2026-10-01","01",false,ROBOCOM-MOVISTAR,1,0,false,true,false,ESME_RTHROTTLED,149,sms,ROBOCOM_SMS,154
"33401","2026-10-01","01",false,ROBOCOM-MOVISTAR,1,0,false,true,false,ESME_RTHROTTLED,150,sms,ROBOCOM_SMS,295
"33401","2026-10-01","01",false,ROBOCOM-MOVISTAR,1,0,false,true,false,ESME_RTHROTTLED,151,sms,ROBOCOM_SMS,378
"33401","2026-10-01","01",false,ROBOCOM-MOVISTAR,1,0,false,true,false,ESME_RTHROTTLED,152,flash,ROBOCOM_SMS,1
"33401","2026-10-01","01",false,ROBOCOM-MOVISTAR,1,0,false,true,false,ESME_RTHROTTLED,152,sms,ROBOCOM_SMS,428
"33401","2026-10-01","01",false,ROBOCOM-MOVISTAR,1,0,false,true,false,ESME_RTHROTTLED,153,flash,ROBOCOM_SMS,2
"33401","2026-10-01","01",false,ROBOCOM-MOVISTAR,1,0,false,true,false,ESME_RTHROTTLED,153,sms,ROBOCOM_SMS,313
"33401","2026-10-01","01",false,ROBOCOM-MOVISTAR,1,0,false,true,false,ESME_RTHROTTLED,154,flash,ROBOCOM_SMS,3
"33401","2026-10-01","01",false,ROBOCOM-MOVISTAR,1,0,false,true,false,ESME_RTHROTTLED,154,sms,ROBOCOM_SMS,183
"33401","2026-10-01","01",false,ROBOCOM-MOVISTAR,1,0,false,true,false,ESME_RTHROTTLED,155,flash,ROBOCOM_SMS,8
"33401","2026-10-01","01",false,ROBOCOM-MOVISTAR,1,0,false,true,false,ESME_RTHROTTLED,155,sms,ROBOCOM_SMS,82
"33401","2026-10-01","01",false,ROBOCOM-MOVISTAR,1,0,false,true,false,ESME_RTHROTTLED,156,flash,ROBOCOM_SMS,39
"33401","2026-10-01","01",false,ROBOCOM-MOVISTAR,1,0,false,true,false,ESME_RTHROTTLED,156,sms,ROBOCOM_SMS,17
"33401","2026-10-01","01",false,ROBOCOM-MOVISTAR,1,0,false,true,false,ESME_RTHROTTLED,157,flash,ROBOCOM_SMS,5
"33401","2026-10-01","01",false,ROBOCOM-MOVISTAR,1,0,false,true,false,ESME_RTHROTTLED,157,sms,ROBOCOM_SMS,14
"33401","2026-10-01","01",false,ROBOCOM-MOVISTAR,1,0,false,true,false,ESME_RTHROTTLED,158,flash,ROBOCOM_SMS,7
"33401","2026-10-01","01",false,ROBOCOM-MOVISTAR,1,0,false,true,false,ESME_RTHROTTLED,160,flash,ROBOCOM_SMS,2
"33401","2026-10-01","01",false,ROBOCOM-MOVISTAR,2,1,false,true,false,ESME_RSUBMITFAIL,153,sms,ROBOCOM_SMS,1
"33401","2026-10-01","01",false,alestra,1,0,false,true,false,ESME_RINVSRCADR,142,sms,"",1
"33401","2026-10-01","01",false,movisen,1,0,false,true,false,ESME_RINVSRCADR,153,sms,"",1
"33401","2026-10-01","01",true,GW_ROBOT_TELCEL_2,1,0,false,false,false,"",4,sms,rob2tel,55
"33401","2026-10-01","01",true,GW_ROBOT_TELCEL_2,1,0,false,false,false,"",14,sms,rob2tel,1
"33401","2026-10-01","01",true,GW_ROBOT_TELCEL_2,1,0,false,false,false,"",15,sms,rob2tel,2
"33401","2026-10-01","01",true,GW_ROBOT_TELCEL_2,1,0,false,false,false,"",20,sms,rob2tel,3
"33401","2026-10-01","01",true,GW_ROBOT_TELCEL_2,1,0,false,false,false,"",24,sms,rob2tel,3
"33401","2026-10-01","01",true,GW_ROBOT_TELCEL_2,1,0,false,false,false,"",28,sms,rob2tel,1
"33401","2026-10-01","01",true,GW_ROBOT_TELCEL_2,1,0,false,false,false,"",30,sms,rob2tel,8
"33401","2026-10-01","01",true,GW_ROBOT_TELCEL_2,1,0,false,false,false,"",33,sms,rob2tel,1
"33401","2026-10-01","01",true,GW_ROBOT_TELCEL_2,1,0,false,false,false,"",38,sms,rob2tel,4
"33401","2026-10-01","01",true,GW_ROBOT_TELCEL_2,1,0,false,false,false,"",41,sms,rob2tel,15
"33401","2026-10-01","01",true,GW_ROBOT_TELCEL_2,1,0,false,false,false,"",42,sms,rob2tel,4
"33401","2026-10-01","01",true,GW_ROBOT_TELCEL_2,1,0,false,false,false,"",43,sms,rob2tel,2
"33401","2026-10-01","01",true,GW_ROBOT_TELCEL_2,1,0,false,false,false,"",44,sms,rob2tel,51
"33401","2026-10-01","01",true,GW_ROBOT_TELCEL_2,1,0,false,false,false,"",45,sms,rob2tel,4
"33401","2026-10-01","01",true,GW_ROBOT_TELCEL_2,1,0,false,false,false,"",46,sms,rob2tel,2
"33401","2026-10-01","01",true,GW_ROBOT_TELCEL_2,1,0,false,false,false,"",47,sms,rob2tel,1
"33401","2026-10-01","01",true,GW_ROBOT_TELCEL_2,1,0,false,false,false,"",48,sms,rob2tel,7
"33401","2026-10-01","01",true,GW_ROBOT_TELCEL_2,1,0,false,false,false,"",49,sms,rob2tel,6
"33401","2026-10-01","01",true,GW_ROBOT_TELCEL_2,1,0,false,false,false,"",50,sms,rob2tel,6
"33401","2026-10-01","01",true,GW_ROBOT_TELCEL_2,1,0,false,false,false,"",51,sms,rob2tel,3
"33401","2026-10-01","01",true,GW_ROBOT_TELCEL_2,1,0,false,false,false,"",52,sms,rob2tel,3
"33401","2026-10-01","01",true,GW_ROBOT_TELCEL_2,1,0,false,false,false,"",53,sms,rob2tel,3
"33401","2026-10-01","01",true,GW_ROBOT_TELCEL_2,1,0,false,false,false,"",54,sms,rob2tel,1
"33401","2026-10-01","01",true,GW_ROBOT_TELCEL_2,1,0,false,false,false,"",56,sms,rob2tel,3
"33401","2026-10-01","01",true,GW_ROBOT_TELCEL_2,1,0,false,false,false,"",57,sms,rob2tel,2
"33401","2026-10-01","01",true,GW_ROBOT_TELCEL_2,1,0,false,false,false,"",58,sms,rob2tel,4
"33401","2026-10-01","01",true,GW_ROBOT_TELCEL_2,1,0,false,false,false,"",59,sms,rob2tel,14
"33401","2026-10-01","01",true,GW_ROBOT_TELCEL_2,1,0,false,false,false,"",60,sms,rob2tel,3
"33401","2026-10-01","01",true,GW_ROBOT_TELCEL_2,1,0,false,false,false,"",61,sms,rob2tel,2
"33401","2026-10-01","01",true,GW_ROBOT_TELCEL_2,1,0,false,false,false,"",62,sms,rob2tel,3
"33401","2026-10-01","01",true,GW_ROBOT_TELCEL_2,1,0,false,false,false,"",63,sms,rob2tel,4
"33401","2026-10-01","01",true,GW_ROBOT_TELCEL_2,1,0,false,false,false,"",64,sms,rob2tel,2
"33401","2026-10-01","01",true,GW_ROBOT_TELCEL_2,1,0,false,false,false,"",65,sms,rob2tel,1
"33401","2026-10-01","01",true,GW_ROBOT_TELCEL_2,1,0,false,false,false,"",66,sms,rob2tel,1
"33401","2026-10-01","01",true,GW_ROBOT_TELCEL_2,1,0,false,false,false,"",67,sms,rob2tel,2
"33401","2026-10-01","01",true,GW_ROBOT_TELCEL_2,1,0,false,false,false,"",68,sms,rob2tel,47
"33401","2026-10-01","01",true,GW_ROBOT_TELCEL_2,1,0,false,false,false,"",69,sms,rob2tel,9
"33401","2026-10-01","01",true,GW_ROBOT_TELCEL_2,1,0,false,false,false,"",70,sms,rob2tel,1
"33401","2026-10-01","01",true,GW_ROBOT_TELCEL_2,1,0,false,false,false,"",71,sms,rob2tel,6
"33401","2026-10-01","01",true,GW_ROBOT_TELCEL_2,1,0,false,false,false,"",72,sms,rob2tel,3
"33401","2026-10-01","01",true,GW_ROBOT_TELCEL_2,1,0,false,false,false,"",73,sms,rob2tel,2
"33401","2026-10-01","01",true,GW_ROBOT_TELCEL_2,1,0,false,false,false,"",74,sms,rob2tel,351
"33401","2026-10-01","01",true,GW_ROBOT_TELCEL_2,1,0,false,false,false,"",76,sms,rob2tel,17
"33401","2026-10-01","01",true,GW_ROBOT_TELCEL_2,1,0,false,false,false,"",77,sms,rob2tel,7
"33401","2026-10-01","01",true,GW_ROBOT_TELCEL_2,1,0,false,false,false,"",79,sms,rob2tel,29
"33401","2026-10-01","01",true,GW_ROBOT_TELCEL_2,1,0,false,false,false,"",80,sms,rob2tel,47
"33401","2026-10-01","01",true,GW_ROBOT_TELCEL_2,1,0,false,false,false,"",81,sms,rob2tel,103
"33401","2026-10-01","01",true,GW_ROBOT_TELCEL_2,1,0,false,false,false,"",82,sms,rob2tel,11
"33401","2026-10-01","01",true,GW_ROBOT_TELCEL_2,1,0,false,false,false,"",84,sms,rob2tel,11
"33401","2026-10-01","01",true,GW_ROBOT_TELCEL_2,1,0,false,false,false,"",87,sms,rob2tel,5
"33401","2026-10-01","01",true,GW_ROBOT_TELCEL_2,1,0,false,false,false,"",88,sms,rob2tel,1
"33401","2026-10-01","01",true,GW_ROBOT_TELCEL_2,1,0,false,false,false,"",89,sms,rob2tel,3
"33401","2026-10-01","01",true,GW_ROBOT_TELCEL_2,1,0,false,false,false,"",90,sms,rob2tel,1
"33401","2026-10-01","01",true,GW_ROBOT_TELCEL_2,1,0,false,false,false,"",92,sms,rob2tel,1
"33401","2026-10-01","01",true,GW_ROBOT_TELCEL_2,1,0,false,false,false,"",93,sms,rob2tel,7
"33401","2026-10-01","01",true,GW_ROBOT_TELCEL_2,1,0,false,false,false,"",94,sms,rob2tel,6
"33401","2026-10-01","01",true,GW_ROBOT_TELCEL_2,1,0,false,false,false,"",95,sms,rob2tel,10
"33401","2026-10-01","01",true,GW_ROBOT_TELCEL_2,1,0,false,false,false,"",96,sms,rob2tel,7
"33401","2026-10-01","01",true,GW_ROBOT_TELCEL_2,1,0,false,false,false,"",97,sms,rob2tel,7
"33401","2026-10-01","01",true,GW_ROBOT_TELCEL_2,1,0,false,false,false,"",98,sms,rob2tel,39
"33401","2026-10-01","01",true,GW_ROBOT_TELCEL_2,1,0,false,false,false,"",99,sms,rob2tel,302
"33401","2026-10-01","01",true,GW_ROBOT_TELCEL_2,1,0,false,false,false,"",100,sms,rob2tel,7
"33401","2026-10-01","01",true,GW_ROBOT_TELCEL_2,1,0,false,false,false,"",101,sms,rob2tel,303
"33401","2026-10-01","01",true,GW_ROBOT_TELCEL_2,1,0,false,false,false,"",102,sms,rob2tel,290
"33401","2026-10-01","01",true,GW_ROBOT_TELCEL_2,1,0,false,false,false,"",103,sms,rob2tel,2
"33401","2026-10-01","01",true,GW_ROBOT_TELCEL_2,1,0,false,false,false,"",104,sms,rob2tel,95
"33401","2026-10-01","01",true,GW_ROBOT_TELCEL_2,1,0,false,false,false,"",105,sms,rob2tel,153
"33401","2026-10-01","01",true,GW_ROBOT_TELCEL_2,1,0,false,false,false,"",106,sms,rob2tel,66
"33401","2026-10-01","01",true,GW_ROBOT_TELCEL_2,1,0,false,false,false,"",107,sms,rob2tel,93
"33401","2026-10-01","01",true,GW_ROBOT_TELCEL_2,1,0,false,false,false,"",108,sms,rob2tel,140
"33401","2026-10-01","01",true,GW_ROBOT_TELCEL_2,1,0,false,false,false,"",109,flash,rob2tel,108
"33401","2026-10-01","01",true,GW_ROBOT_TELCEL_2,1,0,false,false,false,"",109,sms,rob2tel,42
"33401","2026-10-01","01",true,GW_ROBOT_TELCEL_2,1,0,false,false,false,"",110,flash,rob2tel,12
"33401","2026-10-01","01",true,GW_ROBOT_TELCEL_2,1,0,false,false,false,"",110,sms,rob2tel,41
"33401","2026-10-01","01",true,GW_ROBOT_TELCEL_2,1,0,false,false,false,"",111,flash,rob2tel,2
"33401","2026-10-01","01",true,GW_ROBOT_TELCEL_2,1,0,false,false,false,"",111,sms,rob2tel,30
"33401","2026-10-01","01",true,GW_ROBOT_TELCEL_2,1,0,false,false,false,"",112,flash,rob2tel,39
"33401","2026-10-01","01",true,GW_ROBOT_TELCEL_2,1,0,false,false,false,"",112,sms,rob2tel,61
"33401","2026-10-01","01",true,GW_ROBOT_TELCEL_2,1,0,false,false,false,"",113,flash,rob2tel,61
"33401","2026-10-01","01",true,GW_ROBOT_TELCEL_2,1,0,false,false,false,"",113,sms,rob2tel,7
"33401","2026-10-01","01",true,GW_ROBOT_TELCEL_2,1,0,false,false,false,"",114,sms,rob2tel,9
"33401","2026-10-01","01",true,GW_ROBOT_TELCEL_2,1,0,false,false,false,"",115,sms,rob2tel,130
"33401","2026-10-01","01",true,GW_ROBOT_TELCEL_2,1,0,false,false,false,"",116,sms,rob2tel,401
"33401","2026-10-01","01",true,GW_ROBOT_TELCEL_2,1,0,false,false,false,"",117,sms,rob2tel,175
"33401","2026-10-01","01",true,GW_ROBOT_TELCEL_2,1,0,false,false,false,"",118,sms,rob2tel,58
"33401","2026-10-01","01",true,GW_ROBOT_TELCEL_2,1,0,false,false,false,"",119,sms,rob2tel,10
"33401","2026-10-01","01",true,GW_ROBOT_TELCEL_2,1,0,false,false,false,"",120,sms,rob2tel,18
"33401","2026-10-01","01",true,GW_ROBOT_TELCEL_2,1,0,false,false,false,"",121,sms,rob2tel,53
"33401","2026-10-01","01",true,GW_ROBOT_TELCEL_2,1,0,false,false,false,"",122,sms,rob2tel,24
"33401","2026-10-01","01",true,GW_ROBOT_TELCEL_2,1,0,false,false,false,"",123,sms,rob2tel,23
"33401","2026-10-01","01",true,GW_ROBOT_TELCEL_2,1,0,false,false,false,"",124,sms,rob2tel,53
"33401","2026-10-01","01",true,GW_ROBOT_TELCEL_2,1,0,false,false,false,"",125,sms,rob2tel,11
"33401","2026-10-01","01",true,GW_ROBOT_TELCEL_2,1,0,false,false,false,"",126,sms,rob2tel,8
"33401","2026-10-01","01",true,GW_ROBOT_TELCEL_2,1,0,false,false,false,"",127,sms,rob2tel,4
"33401","2026-10-01","01",true,GW_ROBOT_TELCEL_2,1,0,false,false,false,"",128,sms,rob2tel,89
"33401","2026-10-01","01",true,GW_ROBOT_TELCEL_2,1,0,false,false,false,"",129,sms,rob2tel,77
"33401","2026-10-01","01",true,GW_ROBOT_TELCEL_2,1,0,false,false,false,"",130,flash,rob2tel,2
"33401","2026-10-01","01",true,GW_ROBOT_TELCEL_2,1,0,false,false,false,"",130,sms,rob2tel,53
"33401","2026-10-01","01",true,GW_ROBOT_TELCEL_2,1,0,false,false,false,"",131,flash,rob2tel,8
"33401","2026-10-01","01",true,GW_ROBOT_TELCEL_2,1,0,false,false,false,"",131,sms,rob2tel,33
"33401","2026-10-01","01",true,GW_ROBOT_TELCEL_2,1,0,false,false,false,"",132,flash,rob2tel,7
"33401","2026-10-01","01",true,GW_ROBOT_TELCEL_2,1,0,false,false,false,"",132,sms,rob2tel,28
"33401","2026-10-01","01",true,GW_ROBOT_TELCEL_2,1,0,false,false,false,"",133,flash,rob2tel,3
"33401","2026-10-01","01",true,GW_ROBOT_TELCEL_2,1,0,false,false,false,"",133,sms,rob2tel,62
"33401","2026-10-01","01",true,GW_ROBOT_TELCEL_2,1,0,false,false,false,"",134,sms,rob2tel,13
"33401","2026-10-01","01",true,GW_ROBOT_TELCEL_2,1,0,false,false,false,"",135,flash,rob2tel,1
"33401","2026-10-01","01",true,GW_ROBOT_TELCEL_2,1,0,false,false,false,"",135,sms,rob2tel,70
"33401","2026-10-01","01",true,GW_ROBOT_TELCEL_2,1,0,false,false,false,"",136,flash,rob2tel,1
"33401","2026-10-01","01",true,GW_ROBOT_TELCEL_2,1,0,false,false,false,"",136,sms,rob2tel,43
"33401","2026-10-01","01",true,GW_ROBOT_TELCEL_2,1,0,false,false,false,"",137,flash,rob2tel,1
"33401","2026-10-01","01",true,GW_ROBOT_TELCEL_2,1,0,false,false,false,"",137,sms,rob2tel,11
"33401","2026-10-01","01",true,GW_ROBOT_TELCEL_2,1,0,false,false,false,"",138,sms,rob2tel,3
"33401","2026-10-01","01",true,GW_ROBOT_TELCEL_2,1,0,false,false,false,"",139,flash,rob2tel,4
"33401","2026-10-01","01",true,GW_ROBOT_TELCEL_2,1,0,false,false,false,"",139,sms,rob2tel,10
"33401","2026-10-01","01",true,GW_ROBOT_TELCEL_2,1,0,false,false,false,"",140,flash,rob2tel,4
"33401","2026-10-01","01",true,GW_ROBOT_TELCEL_2,1,0,false,false,false,"",140,sms,rob2tel,1902
"33401","2026-10-01","01",true,GW_ROBOT_TELCEL_2,1,0,false,false,false,"",141,flash,rob2tel,5
"33401","2026-10-01","01",true,GW_ROBOT_TELCEL_2,1,0,false,false,false,"",141,sms,rob2tel,208
"33401","2026-10-01","01",true,GW_ROBOT_TELCEL_2,1,0,false,false,false,"",142,flash,rob2tel,9
"33401","2026-10-01","01",true,GW_ROBOT_TELCEL_2,1,0,false,false,false,"",142,sms,rob2tel,47
"33401","2026-10-01","01",true,GW_ROBOT_TELCEL_2,1,0,false,false,false,"",143,flash,rob2tel,8
"33401","2026-10-01","01",true,GW_ROBOT_TELCEL_2,1,0,false,false,false,"",143,sms,rob2tel,14
"33401","2026-10-01","01",true,GW_ROBOT_TELCEL_2,1,0,false,false,false,"",144,flash,rob2tel,15
"33401","2026-10-01","01",true,GW_ROBOT_TELCEL_2,1,0,false,false,false,"",144,sms,rob2tel,75
"33401","2026-10-01","01",true,GW_ROBOT_TELCEL_2,1,0,false,false,false,"",145,flash,rob2tel,9
"33401","2026-10-01","01",true,GW_ROBOT_TELCEL_2,1,0,false,false,false,"",145,sms,rob2tel,35
"33401","2026-10-01","01",true,GW_ROBOT_TELCEL_2,1,0,false,false,false,"",146,flash,rob2tel,23
"33401","2026-10-01","01",true,GW_ROBOT_TELCEL_2,1,0,false,false,false,"",146,sms,rob2tel,60
"33401","2026-10-01","01",true,GW_ROBOT_TELCEL_2,1,0,false,false,false,"",147,flash,rob2tel,106
"33401","2026-10-01","01",true,GW_ROBOT_TELCEL_2,1,0,false,false,false,"",147,sms,rob2tel,189
"33401","2026-10-01","01",true,GW_ROBOT_TELCEL_2,1,0,false,false,false,"",148,flash,rob2tel,233
"33401","2026-10-01","01",true,GW_ROBOT_TELCEL_2,1,0,false,false,false,"",148,sms,rob2tel,244
"33401","2026-10-01","01",true,GW_ROBOT_TELCEL_2,1,0,false,false,false,"",149,flash,rob2tel,22
"33401","2026-10-01","01",true,GW_ROBOT_TELCEL_2,1,0,false,false,false,"",149,sms,rob2tel,730
"33401","2026-10-01","01",true,GW_ROBOT_TELCEL_2,1,0,false,false,false,"",150,flash,rob2tel,81
"33401","2026-10-01","01",true,GW_ROBOT_TELCEL_2,1,0,false,false,false,"",150,sms,rob2tel,1741
"33401","2026-10-01","01",true,GW_ROBOT_TELCEL_2,1,0,false,false,false,"",151,flash,rob2tel,139
"33401","2026-10-01","01",true,GW_ROBOT_TELCEL_2,1,0,false,false,false,"",151,sms,rob2tel,3182
"33401","2026-10-01","01",true,GW_ROBOT_TELCEL_2,1,0,false,false,false,"",152,flash,rob2tel,72
"33401","2026-10-01","01",true,GW_ROBOT_TELCEL_2,1,0,false,false,false,"",152,sms,rob2tel,2816
"33401","2026-10-01","01",true,GW_ROBOT_TELCEL_2,1,0,false,false,false,"",153,flash,rob2tel,112
"33401","2026-10-01","01",true,GW_ROBOT_TELCEL_2,1,0,false,false,false,"",153,sms,rob2tel,2534
"33401","2026-10-01","01",true,GW_ROBOT_TELCEL_2,1,0,false,false,false,"",154,flash,rob2tel,234
"33401","2026-10-01","01",true,GW_ROBOT_TELCEL_2,1,0,false,false,false,"",154,sms,rob2tel,1749
"33401","2026-10-01","01",true,GW_ROBOT_TELCEL_2,1,0,false,false,false,"",155,flash,rob2tel,87
"33401","2026-10-01","01",true,GW_ROBOT_TELCEL_2,1,0,false,false,false,"",155,sms,rob2tel,969
"33401","2026-10-01","01",true,GW_ROBOT_TELCEL_2,1,0,false,false,false,"",156,flash,rob2tel,330
"33401","2026-10-01","01",true,GW_ROBOT_TELCEL_2,1,0,false,false,false,"",156,sms,rob2tel,753
"33401","2026-10-01","01",true,GW_ROBOT_TELCEL_2,1,0,false,false,false,"",157,flash,rob2tel,343
"33401","2026-10-01","01",true,GW_ROBOT_TELCEL_2,1,0,false,false,false,"",157,sms,rob2tel,455
"33401","2026-10-01","01",true,GW_ROBOT_TELCEL_2,1,0,false,false,false,"",158,flash,rob2tel,137
"33401","2026-10-01","01",true,GW_ROBOT_TELCEL_2,1,0,false,false,false,"",158,sms,rob2tel,114
"33401","2026-10-01","01",true,GW_ROBOT_TELCEL_2,1,0,false,false,false,"",159,flash,rob2tel,166
"33401","2026-10-01","01",true,GW_ROBOT_TELCEL_2,1,0,false,false,false,"",159,sms,rob2tel,6
"33401","2026-10-01","01",true,GW_ROBOT_TELCEL_2,1,0,false,false,false,"",160,flash,rob2tel,7
"33401","2026-10-01","01",true,GW_ROBOT_TELCEL_2,1,0,false,false,false,"",160,sms,rob2tel,2
"33401","2026-10-01","01",true,GW_ROBOT_TELCEL_2,2,1,false,false,false,"",134,sms,rob2tel,21
"33401","2026-10-01","01",true,GW_ROBOT_TELCEL_2,2,1,false,false,false,"",149,sms,rob2tel,1
"33401","2026-10-01","01",true,GW_ROBOT_TELCEL_2,2,1,false,false,false,"",151,sms,rob2tel,352
"33401","2026-10-01","01",true,GW_ROBOT_TELCEL_2,2,1,false,false,false,"",153,sms,rob2tel,13
"33401","2026-10-01","01",true,GW_ROBOT_TELCEL_2,2,2,false,false,false,"",7,sms,rob2tel,1
"33401","2026-10-01","01",true,GW_ROBOT_TELCEL_2,2,2,false,false,false,"",9,sms,rob2tel,2
"33401","2026-10-01","01",true,GW_ROBOT_TELCEL_2,2,2,false,false,false,"",10,sms,rob2tel,6
"33401","2026-10-01","01",true,GW_ROBOT_TELCEL_2,2,2,false,false,false,"",11,sms,rob2tel,2
"33401","2026-10-01","01",true,GW_ROBOT_TELCEL_2,2,2,false,false,false,"",12,sms,rob2tel,1
"33401","2026-10-01","01",true,GW_ROBOT_TELCEL_2,2,2,false,false,false,"",13,sms,rob2tel,4
"33401","2026-10-01","01",true,GW_ROBOT_TELCEL_2,2,2,false,false,false,"",14,sms,rob2tel,2
"33401","2026-10-01","01",true,GW_ROBOT_TELCEL_2,2,2,false,false,false,"",15,sms,rob2tel,4
"33401","2026-10-01","01",true,GW_ROBOT_TELCEL_2,2,2,false,false,false,"",17,sms,rob2tel,1
"33401","2026-10-01","01",true,GW_ROBOT_TELCEL_2,2,2,false,false,false,"",18,sms,rob2tel,3
"33401","2026-10-01","01",true,GW_ROBOT_TELCEL_2,2,2,false,false,false,"",21,sms,rob2tel,8
"33401","2026-10-01","01",true,GW_ROBOT_TELCEL_2,2,2,false,false,false,"",22,sms,rob2tel,1
"33401","2026-10-01","01",true,GW_ROBOT_TELCEL_2,2,2,false,false,false,"",23,sms,rob2tel,1
"33401","2026-10-01","01",true,GW_ROBOT_TELCEL_2,2,2,false,false,false,"",25,sms,rob2tel,1
"33401","2026-10-01","01",true,GW_ROBOT_TELCEL_2,2,2,false,false,false,"",27,sms,rob2tel,1
"33401","2026-10-01","01",true,GW_ROBOT_TELCEL_2,2,2,false,false,false,"",30,sms,rob2tel,1
"33401","2026-10-01","01",true,GW_ROBOT_TELCEL_2,2,2,false,false,false,"",32,sms,rob2tel,2
"33401","2026-10-01","01",true,GW_ROBOT_TELCEL_2,2,2,false,false,false,"",33,sms,rob2tel,73
"33401","2026-10-01","01",true,GW_ROBOT_TELCEL_2,2,2,false,false,false,"",34,sms,rob2tel,19
"33401","2026-10-01","01",true,GW_ROBOT_TELCEL_2,2,2,false,false,false,"",35,sms,rob2tel,6
"33401","2026-10-01","01",true,GW_ROBOT_TELCEL_2,2,2,false,false,false,"",36,sms,rob2tel,1
"33401","2026-10-01","01",true,GW_ROBOT_TELCEL_2,2,2,false,false,false,"",37,sms,rob2tel,1
"33401","2026-10-01","01",true,GW_ROBOT_TELCEL_2,2,2,false,false,false,"",39,sms,rob2tel,2
"33401","2026-10-01","01",true,GW_ROBOT_TELCEL_2,2,2,false,false,false,"",40,sms,rob2tel,1
"33401","2026-10-01","01",true,GW_ROBOT_TELCEL_2,2,2,false,false,false,"",41,sms,rob2tel,3
"33401","2026-10-01","01",true,GW_ROBOT_TELCEL_2,2,2,false,false,false,"",42,sms,rob2tel,2
"33401","2026-10-01","01",true,GW_ROBOT_TELCEL_2,2,2,false,false,false,"",43,sms,rob2tel,4
"33401","2026-10-01","01",true,GW_ROBOT_TELCEL_2,2,2,false,false,false,"",45,sms,rob2tel,3
"33401","2026-10-01","01",true,GW_ROBOT_TELCEL_2,2,2,false,false,false,"",46,sms,rob2tel,2
"33401","2026-10-01","01",true,GW_ROBOT_TELCEL_2,2,2,false,false,false,"",49,sms,rob2tel,2
"33401","2026-10-01","01",true,GW_ROBOT_TELCEL_2,2,2,false,false,false,"",52,sms,rob2tel,4
"33401","2026-10-01","01",true,GW_ROBOT_TELCEL_2,2,2,false,false,false,"",53,sms,rob2tel,1
"33401","2026-10-01","01",true,GW_ROBOT_TELCEL_2,2,2,false,false,false,"",60,sms,rob2tel,1
"33401","2026-10-01","01",true,GW_ROBOT_TELCEL_2,2,2,false,false,false,"",62,sms,rob2tel,6
"33401","2026-10-01","01",true,GW_ROBOT_TELCEL_2,2,2,false,false,false,"",65,sms,rob2tel,16
"33401","2026-10-01","01",true,GW_ROBOT_TELCEL_2,2,2,false,false,false,"",66,sms,rob2tel,1
"33401","2026-10-01","01",true,GW_ROBOT_TELCEL_2,2,2,false,false,false,"",68,sms,rob2tel,1
"33401","2026-10-01","01",true,GW_ROBOT_TELCEL_2,2,2,false,false,false,"",69,sms,rob2tel,62
"33401","2026-10-01","01",true,GW_ROBOT_TELCEL_2,2,2,false,false,false,"",70,sms,rob2tel,45
"33401","2026-10-01","01",true,GW_ROBOT_TELCEL_2,2,2,false,false,false,"",71,sms,rob2tel,21
"33401","2026-10-01","01",true,GW_ROBOT_TELCEL_2,2,2,false,false,false,"",72,sms,rob2tel,41
"33401","2026-10-01","01",true,GW_ROBOT_TELCEL_2,2,2,false,false,false,"",73,sms,rob2tel,3
"33401","2026-10-01","01",true,GW_ROBOT_TELCEL_2,2,2,false,false,false,"",74,sms,rob2tel,1
"33401","2026-10-01","01",true,GW_ROBOT_TELCEL_2,2,2,false,false,false,"",75,sms,rob2tel,1
"33401","2026-10-01","01",true,GW_ROBOT_TELCEL_2,2,2,false,false,false,"",77,sms,rob2tel,4
"33401","2026-10-01","01",true,GW_ROBOT_TELCEL_2,2,2,false,false,false,"",88,sms,rob2tel,1
"33401","2026-10-01","01",true,GW_ROBOT_TELCEL_2,2,2,false,false,false,"",89,sms,rob2tel,1
"33401","2026-10-01","01",true,GW_ROBOT_TELCEL_2,2,2,false,false,false,"",90,sms,rob2tel,3
"33401","2026-10-01","01",true,GW_ROBOT_TELCEL_2,2,2,false,false,false,"",92,sms,rob2tel,1
"33401","2026-10-01","01",true,GW_ROBOT_TELCEL_2,2,2,false,false,false,"",94,sms,rob2tel,1
"33401","2026-10-01","01",true,GW_ROBOT_TELCEL_2,2,2,false,false,false,"",96,sms,rob2tel,1
"33401","2026-10-01","01",true,GW_ROBOT_TELCEL_2,2,2,false,false,false,"",97,sms,rob2tel,1
"33401","2026-10-01","01",true,GW_ROBOT_TELCEL_2,2,2,false,false,false,"",98,sms,rob2tel,1
"33401","2026-10-01","01",true,GW_ROBOT_TELCEL_2,2,2,false,false,false,"",99,sms,rob2tel,1
"33401","2026-10-01","01",true,GW_ROBOT_TELCEL_2,2,2,false,false,false,"",101,sms,rob2tel,1
"33401","2026-10-01","01",true,GW_ROBOT_TELCEL_2,2,2,false,false,false,"",109,sms,rob2tel,1
"33401","2026-10-01","01",true,GW_ROBOT_TELCEL_2,2,2,false,false,false,"",117,sms,rob2tel,3
"33401","2026-10-01","01",true,GW_ROBOT_TELCEL_2,2,2,false,false,false,"",122,sms,rob2tel,1
"33401","2026-10-01","01",true,GW_ROBOT_TELCEL_2,2,2,false,false,false,"",125,sms,rob2tel,5
"33401","2026-10-01","01",true,GW_ROBOT_TELCEL_2,2,2,false,false,false,"",126,sms,rob2tel,1
"33401","2026-10-01","01",true,GW_ROBOT_TELCEL_2,2,2,false,false,false,"",129,sms,rob2tel,8
"33401","2026-10-01","01",true,GW_ROBOT_TELCEL_2,2,2,false,false,false,"",131,sms,rob2tel,4
"33401","2026-10-01","01",true,GW_ROBOT_TELCEL_2,2,2,false,false,false,"",133,sms,rob2tel,1
"33401","2026-10-01","01",true,GW_ROBOT_TELCEL_2,2,2,false,false,false,"",134,sms,rob2tel,1
"33401","2026-10-01","01",true,GW_ROBOT_TELCEL_2,2,2,false,false,false,"",148,sms,rob2tel,1
"33401","2026-10-01","01",true,GW_ROBOT_TELCEL_2,3,1,false,false,false,"",134,sms,rob2tel,22
"33401","2026-10-01","01",true,GW_ROBOT_TELCEL_2,3,1,false,false,false,"",151,sms,rob2tel,32
"33401","2026-10-01","01",true,GW_ROBOT_TELCEL_2,3,2,false,false,false,"",134,sms,rob2tel,18
"33401","2026-10-01","01",true,GW_ROBOT_TELCEL_2,3,2,false,false,false,"",153,sms,rob2tel,27
"33401","2026-10-01","01",true,GW_ROBOT_TELCEL_2,3,3,false,false,false,"",1,sms,rob2tel,1
"33401","2026-10-01","01",true,GW_ROBOT_TELCEL_2,3,3,false,false,false,"",2,sms,rob2tel,1
"33401","2026-10-01","01",true,GW_ROBOT_TELCEL_2,3,3,false,false,false,"",3,sms,rob2tel,1
"33401","2026-10-01","01",true,GW_ROBOT_TELCEL_2,3,3,false,false,false,"",5,sms,rob2tel,1
"33401","2026-10-01","01",true,GW_ROBOT_TELCEL_2,3,3,false,false,false,"",6,sms,rob2tel,1
"33401","2026-10-01","01",true,GW_ROBOT_TELCEL_2,3,3,false,false,false,"",7,sms,rob2tel,3
"33401","2026-10-01","01",true,GW_ROBOT_TELCEL_2,3,3,false,false,false,"",8,sms,rob2tel,1
"33401","2026-10-01","01",true,GW_ROBOT_TELCEL_2,3,3,false,false,false,"",9,sms,rob2tel,2
"33401","2026-10-01","01",true,GW_ROBOT_TELCEL_2,3,3,false,false,false,"",11,sms,rob2tel,1
"33401","2026-10-01","01",true,GW_ROBOT_TELCEL_2,3,3,false,false,false,"",12,sms,rob2tel,1
"33401","2026-10-01","01",true,GW_ROBOT_TELCEL_2,3,3,false,false,false,"",13,sms,rob2tel,1
"33401","2026-10-01","01",true,GW_ROBOT_TELCEL_2,3,3,false,false,false,"",14,sms,rob2tel,1
"33401","2026-10-01","01",true,GW_ROBOT_TELCEL_2,3,3,false,false,false,"",15,sms,rob2tel,1
"33401","2026-10-01","01",true,GW_ROBOT_TELCEL_2,3,3,false,false,false,"",16,sms,rob2tel,1
"33401","2026-10-01","01",true,GW_ROBOT_TELCEL_2,3,3,false,false,false,"",19,sms,rob2tel,1
"33401","2026-10-01","01",true,GW_ROBOT_TELCEL_2,3,3,false,false,false,"",21,sms,rob2tel,1
"33401","2026-10-01","01",true,GW_ROBOT_TELCEL_2,3,3,false,false,false,"",22,sms,rob2tel,1
"33401","2026-10-01","01",true,GW_ROBOT_TELCEL_2,3,3,false,false,false,"",24,sms,rob2tel,2
"33401","2026-10-01","01",true,GW_ROBOT_TELCEL_2,3,3,false,false,false,"",31,sms,rob2tel,1
"33401","2026-10-01","01",true,GW_ROBOT_TELCEL_2,3,3,false,false,false,"",76,sms,rob2tel,1
"33401","2026-10-01","01",true,GW_ROBOT_TELCEL_2,3,3,false,false,false,"",77,sms,rob2tel,3
"33401","2026-10-01","01",true,GW_ROBOT_TELCEL_2,3,3,false,false,false,"",78,sms,rob2tel,1
"33401","2026-10-01","01",true,GW_ROBOT_TELCEL_2,3,3,false,false,false,"",79,sms,rob2tel,2
"33401","2026-10-01","01",true,GW_ROBOT_TELCEL_2,3,3,false,false,false,"",80,sms,rob2tel,1
"33401","2026-10-01","01",true,GW_ROBOT_TELCEL_2,3,3,false,false,false,"",81,sms,rob2tel,3
"33401","2026-10-01","01",true,GW_ROBOT_TELCEL_2,3,3,false,false,false,"",82,sms,rob2tel,1
"33401","2026-10-01","01",true,GW_ROBOT_TELCEL_2,3,3,false,false,false,"",84,sms,rob2tel,4
"33401","2026-10-01","01",true,GW_ROBOT_TELCEL_2,3,3,false,false,false,"",86,sms,rob2tel,2
"33401","2026-10-01","01",true,GW_ROBOT_TELCEL_2,3,3,false,false,false,"",87,sms,rob2tel,1
"33401","2026-10-01","01",true,GW_ROBOT_TELCEL_2,3,3,false,false,false,"",88,sms,rob2tel,1
"33401","2026-10-01","01",true,GW_ROBOT_TELCEL_2,3,3,false,false,false,"",126,sms,rob2tel,5
"33401","2026-10-01","01",true,GW_ROBOT_TELCEL_3,1,0,false,false,false,"",4,sms,rob2tel,46
"33401","2026-10-01","01",true,GW_ROBOT_TELCEL_3,1,0,false,false,false,"",5,sms,rob2tel,1
"33401","2026-10-01","01",true,GW_ROBOT_TELCEL_3,1,0,false,false,false,"",15,sms,rob2tel,1
"33401","2026-10-01","01",true,GW_ROBOT_TELCEL_3,1,0,false,false,false,"",24,sms,rob2tel,3
"33401","2026-10-01","01",true,GW_ROBOT_TELCEL_3,1,0,false,false,false,"",30,sms,rob2tel,6
"33401","2026-10-01","01",true,GW_ROBOT_TELCEL_3,1,0,false,false,false,"",33,sms,rob2tel,5
"33401","2026-10-01","01",true,GW_ROBOT_TELCEL_3,1,0,false,false,false,"",37,sms,rob2tel,2
"33401","2026-10-01","01",true,GW_ROBOT_TELCEL_3,1,0,false,false,false,"",38,sms,rob2tel,2
"33401","2026-10-01","01",true,GW_ROBOT_TELCEL_3,1,0,false,false,false,"",41,sms,rob2tel,22
"33401","2026-10-01","01",true,GW_ROBOT_TELCEL_3,1,0,false,false,false,"",44,sms,rob2tel,43
"33401","2026-10-01","01",true,GW_ROBOT_TELCEL_3,1,0,false,false,false,"",45,sms,rob2tel,3
"33401","2026-10-01","01",true,GW_ROBOT_TELCEL_3,1,0,false,false,false,"",46,sms,rob2tel,6
"33401","2026-10-01","01",true,GW_ROBOT_TELCEL_3,1,0,false,false,false,"",47,sms,rob2tel,3
"33401","2026-10-01","01",true,GW_ROBOT_TELCEL_3,1,0,false,false,false,"",48,sms,rob2tel,6
"33401","2026-10-01","01",true,GW_ROBOT_TELCEL_3,1,0,false,false,false,"",49,sms,rob2tel,2
"33401","2026-10-01","01",true,GW_ROBOT_TELCEL_3,1,0,false,false,false,"",51,sms,rob2tel,9
"33401","2026-10-01","01",true,GW_ROBOT_TELCEL_3,1,0,false,false,false,"",52,sms,rob2tel,3
"33401","2026-10-01","01",true,GW_ROBOT_TELCEL_3,1,0,false,false,false,"",53,sms,rob2tel,3
"33401","2026-10-01","01",true,GW_ROBOT_TELCEL_3,1,0,false,false,false,"",54,sms,rob2tel,5
"33401","2026-10-01","01",true,GW_ROBOT_TELCEL_3,1,0,false,false,false,"",55,sms,rob2tel,2
"33401","2026-10-01","01",true,GW_ROBOT_TELCEL_3,1,0,false,false,false,"",56,sms,rob2tel,5
"33401","2026-10-01","01",true,GW_ROBOT_TELCEL_3,1,0,false,false,false,"",57,sms,rob2tel,2
"33401","2026-10-01","01",true,GW_ROBOT_TELCEL_3,1,0,false,false,false,"",59,sms,rob2tel,15
"33401","2026-10-01","01",true,GW_ROBOT_TELCEL_3,1,0,false,false,false,"",61,sms,rob2tel,2
"33401","2026-10-01","01",true,GW_ROBOT_TELCEL_3,1,0,false,false,false,"",62,sms,rob2tel,3
"33401","2026-10-01","01",true,GW_ROBOT_TELCEL_3,1,0,false,false,false,"",63,sms,rob2tel,2
"33401","2026-10-01","01",true,GW_ROBOT_TELCEL_3,1,0,false,false,false,"",65,sms,rob2tel,1
"33401","2026-10-01","01",true,GW_ROBOT_TELCEL_3,1,0,false,false,false,"",66,sms,rob2tel,2
"33401","2026-10-01","01",true,GW_ROBOT_TELCEL_3,1,0,false,false,false,"",67,sms,rob2tel,1
"33401","2026-10-01","01",true,GW_ROBOT_TELCEL_3,1,0,false,false,false,"",68,sms,rob2tel,48
"33401","2026-10-01","01",true,GW_ROBOT_TELCEL_3,1,0,false,false,false,"",69,sms,rob2tel,4
"33401","2026-10-01","01",true,GW_ROBOT_TELCEL_3,1,0,false,false,false,"",70,sms,rob2tel,4
"33401","2026-10-01","01",true,GW_ROBOT_TELCEL_3,1,0,false,false,false,"",71,sms,rob2tel,4
"33401","2026-10-01","01",true,GW_ROBOT_TELCEL_3,1,0,false,false,false,"",72,sms,rob2tel,1
"33401","2026-10-01","01",true,GW_ROBOT_TELCEL_3,1,0,false,false,false,"",73,sms,rob2tel,2
"33401","2026-10-01","01",true,GW_ROBOT_TELCEL_3,1,0,false,false,false,"",74,sms,rob2tel,338
"33401","2026-10-01","01",true,GW_ROBOT_TELCEL_3,1,0,false,false,false,"",75,sms,rob2tel,1
"33401","2026-10-01","01",true,GW_ROBOT_TELCEL_3,1,0,false,false,false,"",76,sms,rob2tel,15
"33401","2026-10-01","01",true,GW_ROBOT_TELCEL_3,1,0,false,false,false,"",77,sms,rob2tel,10
"33401","2026-10-01","01",true,GW_ROBOT_TELCEL_3,1,0,false,false,false,"",79,sms,rob2tel,22
"33401","2026-10-01","01",true,GW_ROBOT_TELCEL_3,1,0,false,false,false,"",80,sms,rob2tel,58
"33401","2026-10-01","01",true,GW_ROBOT_TELCEL_3,1,0,false,false,false,"",81,sms,rob2tel,118
"33401","2026-10-01","01",true,GW_ROBOT_TELCEL_3,1,0,false,false,false,"",82,sms,rob2tel,5
"33401","2026-10-01","01",true,GW_ROBOT_TELCEL_3,1,0,false,false,false,"",84,sms,rob2tel,13
"33401","2026-10-01","01",true,GW_ROBOT_TELCEL_3,1,0,false,false,false,"",87,sms,rob2tel,2
"33401","2026-10-01","01",true,GW_ROBOT_TELCEL_3,1,0,false,false,false,"",88,sms,rob2tel,1
"33401","2026-10-01","01",true,GW_ROBOT_TELCEL_3,1,0,false,false,false,"",89,sms,rob2tel,1
"33401","2026-10-01","01",true,GW_ROBOT_TELCEL_3,1,0,false,false,false,"",92,sms,rob2tel,1
"33401","2026-10-01","01",true,GW_ROBOT_TELCEL_3,1,0,false,false,false,"",93,sms,rob2tel,3
"33401","2026-10-01","01",true,GW_ROBOT_TELCEL_3,1,0,false,false,false,"",94,sms,rob2tel,8
"33401","2026-10-01","01",true,GW_ROBOT_TELCEL_3,1,0,false,false,false,"",95,sms,rob2tel,5
"33401","2026-10-01","01",true,GW_ROBOT_TELCEL_3,1,0,false,false,false,"",96,sms,rob2tel,5
"33401","2026-10-01","01",true,GW_ROBOT_TELCEL_3,1,0,false,false,false,"",97,sms,rob2tel,11
"33401","2026-10-01","01",true,GW_ROBOT_TELCEL_3,1,0,false,false,false,"",98,sms,rob2tel,29
"33401","2026-10-01","01",true,GW_ROBOT_TELCEL_3,1,0,false,false,false,"",99,sms,rob2tel,303
"33401","2026-10-01","01",true,GW_ROBOT_TELCEL_3,1,0,false,false,false,"",100,sms,rob2tel,5
"33401","2026-10-01","01",true,GW_ROBOT_TELCEL_3,1,0,false,false,false,"",101,sms,rob2tel,335
"33401","2026-10-01","01",true,GW_ROBOT_TELCEL_3,1,0,false,false,false,"",102,sms,rob2tel,326
"33401","2026-10-01","01",true,GW_ROBOT_TELCEL_3,1,0,false,false,false,"",103,sms,rob2tel,2
"33401","2026-10-01","01",true,GW_ROBOT_TELCEL_3,1,0,false,false,false,"",104,sms,rob2tel,103
"33401","2026-10-01","01",true,GW_ROBOT_TELCEL_3,1,0,false,false,false,"",105,sms,rob2tel,130
"33401","2026-10-01","01",true,GW_ROBOT_TELCEL_3,1,0,false,false,false,"",106,sms,rob2tel,61
"33401","2026-10-01","01",true,GW_ROBOT_TELCEL_3,1,0,false,false,false,"",107,sms,rob2tel,85
"33401","2026-10-01","01",true,GW_ROBOT_TELCEL_3,1,0,false,false,false,"",108,sms,rob2tel,112
"33401","2026-10-01","01",true,GW_ROBOT_TELCEL_3,1,0,false,false,false,"",109,flash,rob2tel,107
"33401","2026-10-01","01",true,GW_ROBOT_TELCEL_3,1,0,false,false,false,"",109,sms,rob2tel,52
"33401","2026-10-01","01",true,GW_ROBOT_TELCEL_3,1,0,false,false,false,"",110,flash,rob2tel,10
"33401","2026-10-01","01",true,GW_ROBOT_TELCEL_3,1,0,false,false,false,"",110,sms,rob2tel,26
"33401","2026-10-01","01",true,GW_ROBOT_TELCEL_3,1,0,false,false,false,"",111,flash,rob2tel,1
"33401","2026-10-01","01",true,GW_ROBOT_TELCEL_3,1,0,false,false,false,"",111,sms,rob2tel,30
"33401","2026-10-01","01",true,GW_ROBOT_TELCEL_3,1,0,false,false,false,"",112,flash,rob2tel,23
"33401","2026-10-01","01",true,GW_ROBOT_TELCEL_3,1,0,false,false,false,"",112,sms,rob2tel,67
"33401","2026-10-01","01",true,GW_ROBOT_TELCEL_3,1,0,false,false,false,"",113,flash,rob2tel,50
"33401","2026-10-01","01",true,GW_ROBOT_TELCEL_3,1,0,false,false,false,"",113,sms,rob2tel,5
"33401","2026-10-01","01",true,GW_ROBOT_TELCEL_3,1,0,false,false,false,"",114,sms,rob2tel,7
"33401","2026-10-01","01",true,GW_ROBOT_TELCEL_3,1,0,false,false,false,"",115,sms,rob2tel,128
"33401","2026-10-01","01",true,GW_ROBOT_TELCEL_3,1,0,false,false,false,"",116,sms,rob2tel,395
"33401","2026-10-01","01",true,GW_ROBOT_TELCEL_3,1,0,false,false,false,"",117,sms,rob2tel,164
"33401","2026-10-01","01",true,GW_ROBOT_TELCEL_3,1,0,false,false,false,"",118,sms,rob2tel,58
"33401","2026-10-01","01",true,GW_ROBOT_TELCEL_3,1,0,false,false,false,"",119,sms,rob2tel,15
"33401","2026-10-01","01",true,GW_ROBOT_TELCEL_3,1,0,false,false,false,"",120,sms,rob2tel,18
"33401","2026-10-01","01",true,GW_ROBOT_TELCEL_3,1,0,false,false,false,"",121,sms,rob2tel,48
"33401","2026-10-01","01",true,GW_ROBOT_TELCEL_3,1,0,false,false,false,"",122,sms,rob2tel,26
"33401","2026-10-01","01",true,GW_ROBOT_TELCEL_3,1,0,false,false,false,"",123,sms,rob2tel,22
"33401","2026-10-01","01",true,GW_ROBOT_TELCEL_3,1,0,false,false,false,"",124,sms,rob2tel,65
"33401","2026-10-01","01",true,GW_ROBOT_TELCEL_3,1,0,false,false,false,"",125,sms,rob2tel,9
"33401","2026-10-01","01",true,GW_ROBOT_TELCEL_3,1,0,false,false,false,"",126,sms,rob2tel,8
"33401","2026-10-01","01",true,GW_ROBOT_TELCEL_3,1,0,false,false,false,"",127,sms,rob2tel,3
"33401","2026-10-01","01",true,GW_ROBOT_TELCEL_3,1,0,false,false,false,"",128,sms,rob2tel,87
"33401","2026-10-01","01",true,GW_ROBOT_TELCEL_3,1,0,false,false,false,"",129,sms,rob2tel,99
"33401","2026-10-01","01",true,GW_ROBOT_TELCEL_3,1,0,false,false,false,"",130,flash,rob2tel,1
"33401","2026-10-01","01",true,GW_ROBOT_TELCEL_3,1,0,false,false,false,"",130,sms,rob2tel,66
"33401","2026-10-01","01",true,GW_ROBOT_TELCEL_3,1,0,false,false,false,"",131,flash,rob2tel,4
"33401","2026-10-01","01",true,GW_ROBOT_TELCEL_3,1,0,false,false,false,"",131,sms,rob2tel,51
"33401","2026-10-01","01",true,GW_ROBOT_TELCEL_3,1,0,false,false,false,"",132,flash,rob2tel,11
"33401","2026-10-01","01",true,GW_ROBOT_TELCEL_3,1,0,false,false,false,"",132,sms,rob2tel,37
"33401","2026-10-01","01",true,GW_ROBOT_TELCEL_3,1,0,false,false,false,"",133,flash,rob2tel,3
"33401","2026-10-01","01",true,GW_ROBOT_TELCEL_3,1,0,false,false,false,"",133,sms,rob2tel,65
"33401","2026-10-01","01",true,GW_ROBOT_TELCEL_3,1,0,false,false,false,"",134,sms,rob2tel,12
"33401","2026-10-01","01",true,GW_ROBOT_TELCEL_3,1,0,false,false,false,"",135,flash,rob2tel,2
"33401","2026-10-01","01",true,GW_ROBOT_TELCEL_3,1,0,false,false,false,"",135,sms,rob2tel,73
"33401","2026-10-01","01",true,GW_ROBOT_TELCEL_3,1,0,false,false,false,"",136,flash,rob2tel,1
"33401","2026-10-01","01",true,GW_ROBOT_TELCEL_3,1,0,false,false,false,"",136,sms,rob2tel,28
"33401","2026-10-01","01",true,GW_ROBOT_TELCEL_3,1,0,false,false,false,"",137,sms,rob2tel,10
"33401","2026-10-01","01",true,GW_ROBOT_TELCEL_3,1,0,false,false,false,"",138,flash,rob2tel,5
"33401","2026-10-01","01",true,GW_ROBOT_TELCEL_3,1,0,false,false,false,"",138,sms,rob2tel,7
"33401","2026-10-01","01",true,GW_ROBOT_TELCEL_3,1,0,false,false,false,"",139,flash,rob2tel,2
"33401","2026-10-01","01",true,GW_ROBOT_TELCEL_3,1,0,false,false,false,"",139,sms,rob2tel,3
"33401","2026-10-01","01",true,GW_ROBOT_TELCEL_3,1,0,false,false,false,"",140,flash,rob2tel,5
"33401","2026-10-01","01",true,GW_ROBOT_TELCEL_3,1,0,false,false,false,"",140,sms,rob2tel,2002
"33401","2026-10-01","01",true,GW_ROBOT_TELCEL_3,1,0,false,false,false,"",141,flash,rob2tel,9
"33401","2026-10-01","01",true,GW_ROBOT_TELCEL_3,1,0,false,false,false,"",141,sms,rob2tel,187
"33401","2026-10-01","01",true,GW_ROBOT_TELCEL_3,1,0,false,false,false,"",142,flash,rob2tel,6
"33401","2026-10-01","01",true,GW_ROBOT_TELCEL_3,1,0,false,false,false,"",142,sms,rob2tel,39
"33401","2026-10-01","01",true,GW_ROBOT_TELCEL_3,1,0,false,false,false,"",143,flash,rob2tel,13
"33401","2026-10-01","01",true,GW_ROBOT_TELCEL_3,1,0,false,false,false,"",143,sms,rob2tel,13
"33401","2026-10-01","01",true,GW_ROBOT_TELCEL_3,1,0,false,false,false,"",144,flash,rob2tel,17
"33401","2026-10-01","01",true,GW_ROBOT_TELCEL_3,1,0,false,false,false,"",144,sms,rob2tel,81
"33401","2026-10-01","01",true,GW_ROBOT_TELCEL_3,1,0,false,false,false,"",145,flash,rob2tel,8
"33401","2026-10-01","01",true,GW_ROBOT_TELCEL_3,1,0,false,false,false,"",145,sms,rob2tel,31
"33401","2026-10-01","01",true,GW_ROBOT_TELCEL_3,1,0,false,false,false,"",146,flash,rob2tel,34
"33401","2026-10-01","01",true,GW_ROBOT_TELCEL_3,1,0,false,false,false,"",146,sms,rob2tel,52
"33401","2026-10-01","01",true,GW_ROBOT_TELCEL_3,1,0,false,false,false,"",147,flash,rob2tel,114
"33401","2026-10-01","01",true,GW_ROBOT_TELCEL_3,1,0,false,false,false,"",147,sms,rob2tel,226
"33401","2026-10-01","01",true,GW_ROBOT_TELCEL_3,1,0,false,false,false,"",148,flash,rob2tel,253
"33401","2026-10-01","01",true,GW_ROBOT_TELCEL_3,1,0,false,false,false,"",148,sms,rob2tel,245
"33401","2026-10-01","01",true,GW_ROBOT_TELCEL_3,1,0,false,false,false,"",149,flash,rob2tel,23
"33401","2026-10-01","01",true,GW_ROBOT_TELCEL_3,1,0,false,false,false,"",149,sms,rob2tel,728
"33401","2026-10-01","01",true,GW_ROBOT_TELCEL_3,1,0,false,false,false,"",150,flash,rob2tel,88
"33401","2026-10-01","01",true,GW_ROBOT_TELCEL_3,1,0,false,false,false,"",150,sms,rob2tel,1744
"33401","2026-10-01","01",true,GW_ROBOT_TELCEL_3,1,0,false,false,false,"",151,flash,rob2tel,158
"33401","2026-10-01","01",true,GW_ROBOT_TELCEL_3,1,0,false,false,false,"",151,sms,rob2tel,3200
"33401","2026-10-01","01",true,GW_ROBOT_TELCEL_3,1,0,false,false,false,"",152,flash,rob2tel,62
"33401","2026-10-01","01",true,GW_ROBOT_TELCEL_3,1,0,false,false,false,"",152,sms,rob2tel,2792
"33401","2026-10-01","01",true,GW_ROBOT_TELCEL_3,1,0,false,false,false,"",153,flash,rob2tel,99
"33401","2026-10-01","01",true,GW_ROBOT_TELCEL_3,1,0,false,false,false,"",153,sms,rob2tel,2463
"33401","2026-10-01","01",true,GW_ROBOT_TELCEL_3,1,0,false,false,false,"",154,flash,rob2tel,232
"33401","2026-10-01","01",true,GW_ROBOT_TELCEL_3,1,0,false,false,false,"",154,sms,rob2tel,1750
"33401","2026-10-01","01",true,GW_ROBOT_TELCEL_3,1,0,false,false,false,"",155,flash,rob2tel,75
"33401","2026-10-01","01",true,GW_ROBOT_TELCEL_3,1,0,false,false,false,"",155,sms,rob2tel,976
"33401","2026-10-01","01",true,GW_ROBOT_TELCEL_3,1,0,false,false,false,"",156,flash,rob2tel,309
"33401","2026-10-01","01",true,GW_ROBOT_TELCEL_3,1,0,false,false,false,"",156,sms,rob2tel,840
"33401","2026-10-01","01",true,GW_ROBOT_TELCEL_3,1,0,false,false,false,"",157,flash,rob2tel,389
"33401","2026-10-01","01",true,GW_ROBOT_TELCEL_3,1,0,false,false,false,"",157,sms,rob2tel,433
"33401","2026-10-01","01",true,GW_ROBOT_TELCEL_3,1,0,false,false,false,"",158,flash,rob2tel,121
"33401","2026-10-01","01",true,GW_ROBOT_TELCEL_3,1,0,false,false,false,"",158,sms,rob2tel,125
"33401","2026-10-01","01",true,GW_ROBOT_TELCEL_3,1,0,false,false,false,"",159,flash,rob2tel,136
"33401","2026-10-01","01",true,GW_ROBOT_TELCEL_3,1,0,false,false,false,"",159,sms,rob2tel,9
"33401","2026-10-01","01",true,GW_ROBOT_TELCEL_3,1,0,false,false,false,"",160,flash,rob2tel,12
"33401","2026-10-01","01",true,GW_ROBOT_TELCEL_3,1,0,false,false,false,"",160,sms,rob2tel,5
"33401","2026-10-01","01",true,GW_ROBOT_TELCEL_3,2,1,false,false,false,"",134,sms,rob2tel,21
"33401","2026-10-01","01",true,GW_ROBOT_TELCEL_3,2,1,false,false,false,"",151,sms,rob2tel,363
"33401","2026-10-01","01",true,GW_ROBOT_TELCEL_3,2,1,false,false,false,"",153,sms,rob2tel,19
"33401","2026-10-01","01",true,GW_ROBOT_TELCEL_3,2,2,false,false,false,"",7,sms,rob2tel,1
"33401","2026-10-01","01",true,GW_ROBOT_TELCEL_3,2,2,false,false,false,"",8,sms,rob2tel,2
"33401","2026-10-01","01",true,GW_ROBOT_TELCEL_3,2,2,false,false,false,"",9,sms,rob2tel,4
"33401","2026-10-01","01",true,GW_ROBOT_TELCEL_3,2,2,false,false,false,"",10,sms,rob2tel,5
"33401","2026-10-01","01",true,GW_ROBOT_TELCEL_3,2,2,false,false,false,"",11,sms,rob2tel,3
"33401","2026-10-01","01",true,GW_ROBOT_TELCEL_3,2,2,false,false,false,"",12,sms,rob2tel,3
"33401","2026-10-01","01",true,GW_ROBOT_TELCEL_3,2,2,false,false,false,"",13,sms,rob2tel,4
"33401","2026-10-01","01",true,GW_ROBOT_TELCEL_3,2,2,false,false,false,"",15,sms,rob2tel,12
"33401","2026-10-01","01",true,GW_ROBOT_TELCEL_3,2,2,false,false,false,"",16,sms,rob2tel,4
"33401","2026-10-01","01",true,GW_ROBOT_TELCEL_3,2,2,false,false,false,"",18,sms,rob2tel,6
"33401","2026-10-01","01",true,GW_ROBOT_TELCEL_3,2,2,false,false,false,"",21,sms,rob2tel,7
"33401","2026-10-01","01",true,GW_ROBOT_TELCEL_3,2,2,false,false,false,"",22,sms,rob2tel,2
"33401","2026-10-01","01",true,GW_ROBOT_TELCEL_3,2,2,false,false,false,"",23,sms,rob2tel,1
"33401","2026-10-01","01",true,GW_ROBOT_TELCEL_3,2,2,false,false,false,"",25,sms,rob2tel,1
"33401","2026-10-01","01",true,GW_ROBOT_TELCEL_3,2,2,false,false,false,"",26,sms,rob2tel,1
"33401","2026-10-01","01",true,GW_ROBOT_TELCEL_3,2,2,false,false,false,"",27,sms,rob2tel,2
"33401","2026-10-01","01",true,GW_ROBOT_TELCEL_3,2,2,false,false,false,"",31,sms,rob2tel,1
"33401","2026-10-01","01",true,GW_ROBOT_TELCEL_3,2,2,false,false,false,"",32,sms,rob2tel,6
"33401","2026-10-01","01",true,GW_ROBOT_TELCEL_3,2,2,false,false,false,"",33,sms,rob2tel,67
"33401","2026-10-01","01",true,GW_ROBOT_TELCEL_3,2,2,false,false,false,"",34,sms,rob2tel,20
"33401","2026-10-01","01",true,GW_ROBOT_TELCEL_3,2,2,false,false,false,"",35,sms,rob2tel,2
"33401","2026-10-01","01",true,GW_ROBOT_TELCEL_3,2,2,false,false,false,"",36,sms,rob2tel,1
"33401","2026-10-01","01",true,GW_ROBOT_TELCEL_3,2,2,false,false,false,"",37,sms,rob2tel,1
"33401","2026-10-01","01",true,GW_ROBOT_TELCEL_3,2,2,false,false,false,"",38,sms,rob2tel,3
"33401","2026-10-01","01",true,GW_ROBOT_TELCEL_3,2,2,false,false,false,"",39,sms,rob2tel,2
"33401","2026-10-01","01",true,GW_ROBOT_TELCEL_3,2,2,false,false,false,"",40,sms,rob2tel,2
"33401","2026-10-01","01",true,GW_ROBOT_TELCEL_3,2,2,false,false,false,"",41,sms,rob2tel,2
"33401","2026-10-01","01",true,GW_ROBOT_TELCEL_3,2,2,false,false,false,"",42,sms,rob2tel,4
"33401","2026-10-01","01",true,GW_ROBOT_TELCEL_3,2,2,false,false,false,"",43,sms,rob2tel,1
"33401","2026-10-01","01",true,GW_ROBOT_TELCEL_3,2,2,false,false,false,"",45,sms,rob2tel,3
"33401","2026-10-01","01",true,GW_ROBOT_TELCEL_3,2,2,false,false,false,"",46,sms,rob2tel,2
"33401","2026-10-01","01",true,GW_ROBOT_TELCEL_3,2,2,false,false,false,"",48,sms,rob2tel,1
"33401","2026-10-01","01",true,GW_ROBOT_TELCEL_3,2,2,false,false,false,"",49,sms,rob2tel,6
"33401","2026-10-01","01",true,GW_ROBOT_TELCEL_3,2,2,false,false,false,"",51,sms,rob2tel,1
"33401","2026-10-01","01",true,GW_ROBOT_TELCEL_3,2,2,false,false,false,"",60,sms,rob2tel,2
"33401","2026-10-01","01",true,GW_ROBOT_TELCEL_3,2,2,false,false,false,"",62,sms,rob2tel,5
"33401","2026-10-01","01",true,GW_ROBOT_TELCEL_3,2,2,false,false,false,"",65,sms,rob2tel,16
"33401","2026-10-01","01",true,GW_ROBOT_TELCEL_3,2,2,false,false,false,"",67,sms,rob2tel,1
"33401","2026-10-01","01",true,GW_ROBOT_TELCEL_3,2,2,false,false,false,"",69,sms,rob2tel,47
"33401","2026-10-01","01",true,GW_ROBOT_TELCEL_3,2,2,false,false,false,"",70,sms,rob2tel,33
"33401","2026-10-01","01",true,GW_ROBOT_TELCEL_3,2,2,false,false,false,"",71,sms,rob2tel,22
"33401","2026-10-01","01",true,GW_ROBOT_TELCEL_3,2,2,false,false,false,"",72,sms,rob2tel,38
"33401","2026-10-01","01",true,GW_ROBOT_TELCEL_3,2,2,false,false,false,"",73,sms,rob2tel,2
"33401","2026-10-01","01",true,GW_ROBOT_TELCEL_3,2,2,false,false,false,"",75,sms,rob2tel,1
"33401","2026-10-01","01",true,GW_ROBOT_TELCEL_3,2,2,false,false,false,"",76,sms,rob2tel,2
"33401","2026-10-01","01",true,GW_ROBOT_TELCEL_3,2,2,false,false,false,"",77,sms,rob2tel,3
"33401","2026-10-01","01",true,GW_ROBOT_TELCEL_3,2,2,false,false,false,"",79,sms,rob2tel,2
"33401","2026-10-01","01",true,GW_ROBOT_TELCEL_3,2,2,false,false,false,"",80,sms,rob2tel,1
"33401","2026-10-01","01",true,GW_ROBOT_TELCEL_3,2,2,false,false,false,"",89,sms,rob2tel,3
"33401","2026-10-01","01",true,GW_ROBOT_TELCEL_3,2,2,false,false,false,"",90,sms,rob2tel,1
"33401","2026-10-01","01",true,GW_ROBOT_TELCEL_3,2,2,false,false,false,"",92,sms,rob2tel,2
"33401","2026-10-01","01",true,GW_ROBOT_TELCEL_3,2,2,false,false,false,"",95,sms,rob2tel,1
"33401","2026-10-01","01",true,GW_ROBOT_TELCEL_3,2,2,false,false,false,"",99,sms,rob2tel,1
"33401","2026-10-01","01",true,GW_ROBOT_TELCEL_3,2,2,false,false,false,"",108,sms,rob2tel,1
"33401","2026-10-01","01",true,GW_ROBOT_TELCEL_3,2,2,false,false,false,"",118,sms,rob2tel,1
"33401","2026-10-01","01",true,GW_ROBOT_TELCEL_3,2,2,false,false,false,"",122,sms,rob2tel,1
"33401","2026-10-01","01",true,GW_ROBOT_TELCEL_3,2,2,false,false,false,"",123,sms,rob2tel,1
"33401","2026-10-01","01",true,GW_ROBOT_TELCEL_3,2,2,false,false,false,"",125,sms,rob2tel,7
"33401","2026-10-01","01",true,GW_ROBOT_TELCEL_3,2,2,false,false,false,"",126,sms,rob2tel,1
"33401","2026-10-01","01",true,GW_ROBOT_TELCEL_3,2,2,false,false,false,"",127,sms,rob2tel,1
"33401","2026-10-01","01",true,GW_ROBOT_TELCEL_3,2,2,false,false,false,"",129,sms,rob2tel,3
"33401","2026-10-01","01",true,GW_ROBOT_TELCEL_3,2,2,false,false,false,"",131,sms,rob2tel,1
"33401","2026-10-01","01",true,GW_ROBOT_TELCEL_3,2,2,false,false,false,"",132,sms,rob2tel,1
"33401","2026-10-01","01",true,GW_ROBOT_TELCEL_3,3,1,false,false,false,"",134,sms,rob2tel,16
"33401","2026-10-01","01",true,GW_ROBOT_TELCEL_3,3,1,false,false,false,"",151,sms,rob2tel,30
"33401","2026-10-01","01",true,GW_ROBOT_TELCEL_3,3,2,false,false,false,"",134,sms,rob2tel,20
"33401","2026-10-01","01",true,GW_ROBOT_TELCEL_3,3,2,false,false,false,"",153,sms,rob2tel,35
"33401","2026-10-01","01",true,GW_ROBOT_TELCEL_3,3,3,false,false,false,"",1,sms,rob2tel,2
"33401","2026-10-01","01",true,GW_ROBOT_TELCEL_3,3,3,false,false,false,"",3,sms,rob2tel,1
"33401","2026-10-01","01",true,GW_ROBOT_TELCEL_3,3,3,false,false,false,"",4,sms,rob2tel,2
"33401","2026-10-01","01",true,GW_ROBOT_TELCEL_3,3,3,false,false,false,"",5,sms,rob2tel,1
"33401","2026-10-01","01",true,GW_ROBOT_TELCEL_3,3,3,false,false,false,"",6,sms,rob2tel,1
"33401","2026-10-01","01",true,GW_ROBOT_TELCEL_3,3,3,false,false,false,"",7,sms,rob2tel,3
"33401","2026-10-01","01",true,GW_ROBOT_TELCEL_3,3,3,false,false,false,"",8,sms,rob2tel,2
"33401","2026-10-01","01",true,GW_ROBOT_TELCEL_3,3,3,false,false,false,"",9,sms,rob2tel,2
"33401","2026-10-01","01",true,GW_ROBOT_TELCEL_3,3,3,false,false,false,"",11,sms,rob2tel,1
"33401","2026-10-01","01",true,GW_ROBOT_TELCEL_3,3,3,false,false,false,"",14,sms,rob2tel,1
"33401","2026-10-01","01",true,GW_ROBOT_TELCEL_3,3,3,false,false,false,"",15,sms,rob2tel,1
"33401","2026-10-01","01",true,GW_ROBOT_TELCEL_3,3,3,false,false,false,"",17,sms,rob2tel,1
"33401","2026-10-01","01",true,GW_ROBOT_TELCEL_3,3,3,false,false,false,"",22,sms,rob2tel,1
"33401","2026-10-01","01",true,GW_ROBOT_TELCEL_3,3,3,false,false,false,"",23,sms,rob2tel,1
"33401","2026-10-01","01",true,GW_ROBOT_TELCEL_3,3,3,false,false,false,"",28,sms,rob2tel,1
"33401","2026-10-01","01",true,GW_ROBOT_TELCEL_3,3,3,false,false,false,"",76,sms,rob2tel,2
"33401","2026-10-01","01",true,GW_ROBOT_TELCEL_3,3,3,false,false,false,"",77,sms,rob2tel,2
"33401","2026-10-01","01",true,GW_ROBOT_TELCEL_3,3,3,false,false,false,"",78,sms,rob2tel,2
"33401","2026-10-01","01",true,GW_ROBOT_TELCEL_3,3,3,false,false,false,"",79,sms,rob2tel,5
"33401","2026-10-01","01",true,GW_ROBOT_TELCEL_3,3,3,false,false,false,"",80,sms,rob2tel,2
"33401","2026-10-01","01",true,GW_ROBOT_TELCEL_3,3,3,false,false,false,"",81,sms,rob2tel,1
"33401","2026-10-01","01",true,GW_ROBOT_TELCEL_3,3,3,false,false,false,"",82,sms,rob2tel,2
"33401","2026-10-01","01",true,GW_ROBOT_TELCEL_3,3,3,false,false,false,"",84,sms,rob2tel,2
"33401","2026-10-01","01",true,GW_ROBOT_TELCEL_3,3,3,false,false,false,"",87,sms,rob2tel,4
"33401","2026-10-01","01",true,GW_ROBOT_TELCEL_3,3,3,false,false,false,"",126,sms,rob2tel,9
"33401","2026-10-01","01",true,MENSAJERIA_MEXICO_OPENIP,2,1,false,false,false,"",153,sms,openipsms,3
"33401","2026-10-01","01",true,MENSAJERIA_MEXICO_OPENIP,2,2,false,false,false,"",135,sms,openipsms,1
"33401","2026-10-01","01",true,MENSAJERIA_MEXICO_OPENIP,2,2,false,false,false,"",136,sms,openipsms,2
"33401","2026-10-01","01",true,ROBOCOM-MOVISTAR,1,0,false,false,false,"",4,sms,ROBOCOM_SMS,4
"33401","2026-10-01","01",true,ROBOCOM-MOVISTAR,1,0,false,false,false,"",24,sms,ROBOCOM_SMS,6
"33401","2026-10-01","01",true,ROBOCOM-MOVISTAR,1,0,false,false,false,"",111,flash,ROBOCOM_SMS,1
"33401","2026-10-01","01",true,ROBOCOM-MOVISTAR,1,0,false,false,false,"",112,flash,ROBOCOM_SMS,6
"33401","2026-10-01","01",true,ROBOCOM-MOVISTAR,1,0,false,false,false,"",113,flash,ROBOCOM_SMS,12
"33401","2026-10-01","01",true,ROBOCOM-MOVISTAR,1,0,false,false,false,"",123,sms,ROBOCOM_SMS,4
"33401","2026-10-01","01",true,ROBOCOM-MOVISTAR,1,0,false,false,false,"",124,sms,ROBOCOM_SMS,1
"33401","2026-10-01","01",true,ROBOCOM-MOVISTAR,1,0,false,false,false,"",126,sms,ROBOCOM_SMS,1
"33401","2026-10-01","01",true,ROBOCOM-MOVISTAR,1,0,false,false,false,"",140,flash,ROBOCOM_SMS,1
"33401","2026-10-01","01",true,ROBOCOM-MOVISTAR,1,0,false,false,false,"",140,sms,ROBOCOM_SMS,3
"33401","2026-10-01","01",true,ROBOCOM-MOVISTAR,1,0,false,false,false,"",141,sms,ROBOCOM_SMS,1
"33401","2026-10-01","01",true,ROBOCOM-MOVISTAR,1,0,false,false,false,"",145,flash,ROBOCOM_SMS,3
"33401","2026-10-01","01",true,ROBOCOM-MOVISTAR,1,0,false,false,false,"",145,sms,ROBOCOM_SMS,1
"33401","2026-10-01","01",true,ROBOCOM-MOVISTAR,1,0,false,false,false,"",146,flash,ROBOCOM_SMS,1
"33401","2026-10-01","01",true,ROBOCOM-MOVISTAR,1,0,false,false,false,"",146,sms,ROBOCOM_SMS,3
"33401","2026-10-01","01",true,ROBOCOM-MOVISTAR,1,0,false,false,false,"",147,flash,ROBOCOM_SMS,4
"33401","2026-10-01","01",true,ROBOCOM-MOVISTAR,1,0,false,false,false,"",147,sms,ROBOCOM_SMS,2
"33401","2026-10-01","01",true,ROBOCOM-MOVISTAR,1,0,false,false,false,"",148,flash,ROBOCOM_SMS,7
"33401","2026-10-01","01",true,ROBOCOM-MOVISTAR,1,0,false,false,false,"",148,sms,ROBOCOM_SMS,1
"33401","2026-10-01","01",true,ROBOCOM-MOVISTAR,1,0,false,false,false,"",149,flash,ROBOCOM_SMS,1
"33401","2026-10-01","01",true,ROBOCOM-MOVISTAR,1,0,false,false,false,"",149,sms,ROBOCOM_SMS,2
"33401","2026-10-01","01",true,ROBOCOM-MOVISTAR,1,0,false,false,false,"",151,flash,ROBOCOM_SMS,12
"33401","2026-10-01","01",true,ROBOCOM-MOVISTAR,1,0,false,false,false,"",151,sms,ROBOCOM_SMS,28
"33401","2026-10-01","01",true,ROBOCOM-MOVISTAR,1,0,false,false,false,"",152,flash,ROBOCOM_SMS,3
"33401","2026-10-01","01",true,ROBOCOM-MOVISTAR,1,0,false,false,false,"",152,sms,ROBOCOM_SMS,1
"33401","2026-10-01","01",true,ROBOCOM-MOVISTAR,1,0,false,false,false,"",153,flash,ROBOCOM_SMS,3
"33401","2026-10-01","01",true,ROBOCOM-MOVISTAR,1,0,false,false,false,"",153,sms,ROBOCOM_SMS,2
"33401","2026-10-01","01",true,ROBOCOM-MOVISTAR,1,0,false,false,false,"",154,flash,ROBOCOM_SMS,4
"33401","2026-10-01","01",true,ROBOCOM-MOVISTAR,1,0,false,false,false,"",154,sms,ROBOCOM_SMS,1
"33401","2026-10-01","01",true,ROBOCOM-MOVISTAR,1,0,false,false,false,"",155,flash,ROBOCOM_SMS,12
"33401","2026-10-01","01",true,ROBOCOM-MOVISTAR,1,0,false,false,false,"",155,sms,ROBOCOM_SMS,1
"33401","2026-10-01","01",true,ROBOCOM-MOVISTAR,1,0,false,false,false,"",156,flash,ROBOCOM_SMS,24
"33401","2026-10-01","01",true,ROBOCOM-MOVISTAR,1,0,false,false,false,"",156,sms,ROBOCOM_SMS,1
"33401","2026-10-01","01",true,ROBOCOM-MOVISTAR,1,0,false,false,false,"",157,flash,ROBOCOM_SMS,11
"33401","2026-10-01","01",true,ROBOCOM-MOVISTAR,1,0,false,false,false,"",158,flash,ROBOCOM_SMS,11
"33401","2026-10-01","01",true,ROBOCOM-MOVISTAR,1,0,false,false,false,"",159,flash,ROBOCOM_SMS,6
"33401","2026-10-01","01",true,ROBOCOM-MOVISTAR,2,1,false,false,false,"",134,sms,ROBOCOM_SMS,8
"33401","2026-10-01","01",true,ROBOCOM-MOVISTAR,2,2,false,false,false,"",49,sms,ROBOCOM_SMS,1
"33401","2026-10-01","01",true,ROBOCOM-MOVISTAR,2,2,false,false,false,"",125,sms,ROBOCOM_SMS,1
"33401","2026-10-01","01",true,ROBOCOM-MOVISTAR,2,2,false,false,false,"",127,sms,ROBOCOM_SMS,7
"33401","2026-10-01","01",true,ROBOCOM-MOVISTAR,3,1,false,false,false,"",134,sms,ROBOCOM_SMS,1
"33401","2026-10-01","01",true,ROBOCOM-MOVISTAR,3,2,false,false,false,"",134,sms,ROBOCOM_SMS,1
"33401","2026-10-01","01",true,ROBOCOM-MOVISTAR,3,3,false,false,false,"",10,sms,ROBOCOM_SMS,1
"33401","2026-10-01","01",true,ROBOCOM_ALESTRA,1,0,false,false,false,"",74,sms,ROBOCOM,1
"33401","2026-10-01","02",false,ROBOCOM-MOVISTAR,1,0,false,true,false,ESME_RSUBMITFAIL,79,sms,ROBOCOM_SMS,1
"33401","2026-10-01","02",false,ROBOCOM-MOVISTAR,1,0,false,true,false,ESME_RSUBMITFAIL,109,flash,ROBOCOM_SMS,34
"33401","2026-10-01","02",false,ROBOCOM-MOVISTAR,1,0,false,true,false,ESME_RSUBMITFAIL,110,flash,ROBOCOM_SMS,5
"33401","2026-10-01","02",false,ROBOCOM-MOVISTAR,1,0,false,true,false,ESME_RSUBMITFAIL,120,sms,ROBOCOM_SMS,1
"33401","2026-10-01","02",false,ROBOCOM-MOVISTAR,1,0,false,true,false,ESME_RSUBMITFAIL,121,sms,ROBOCOM_SMS,1
"33401","2026-10-01","02",false,ROBOCOM-MOVISTAR,1,0,false,true,false,ESME_RSUBMITFAIL,123,flash,ROBOCOM_SMS,58
"33401","2026-10-01","02",false,ROBOCOM-MOVISTAR,1,0,false,true,false,ESME_RSUBMITFAIL,123,sms,ROBOCOM_SMS,1
"33401","2026-10-01","02",false,ROBOCOM-MOVISTAR,1,0,false,true,false,ESME_RSUBMITFAIL,124,sms,ROBOCOM_SMS,2
"33401","2026-10-01","02",false,ROBOCOM-MOVISTAR,1,0,false,true,false,ESME_RSUBMITFAIL,125,sms,ROBOCOM_SMS,6
"33401","2026-10-01","02",false,ROBOCOM-MOVISTAR,1,0,false,true,false,ESME_RSUBMITFAIL,126,sms,ROBOCOM_SMS,3
"33401","2026-10-01","02",false,ROBOCOM-MOVISTAR,1,0,false,true,false,ESME_RSUBMITFAIL,127,sms,ROBOCOM_SMS,1
"33401","2026-10-01","02",false,ROBOCOM-MOVISTAR,1,0,false,true,false,ESME_RSUBMITFAIL,128,sms,ROBOCOM_SMS,3
"33401","2026-10-01","02",false,ROBOCOM-MOVISTAR,1,0,false,true,false,ESME_RSUBMITFAIL,129,sms,ROBOCOM_SMS,3
"33401","2026-10-01","02",false,ROBOCOM-MOVISTAR,1,0,false,true,false,ESME_RSUBMITFAIL,130,sms,ROBOCOM_SMS,4
"33401","2026-10-01","02",false,ROBOCOM-MOVISTAR,1,0,false,true,false,ESME_RSUBMITFAIL,131,sms,ROBOCOM_SMS,5
"33401","2026-10-01","02",false,ROBOCOM-MOVISTAR,1,0,false,true,false,ESME_RSUBMITFAIL,132,sms,ROBOCOM_SMS,6
"33401","2026-10-01","02",false,ROBOCOM-MOVISTAR,1,0,false,true,false,ESME_RSUBMITFAIL,133,sms,ROBOCOM_SMS,6
"33401","2026-10-01","02",false,ROBOCOM-MOVISTAR,1,0,false,true,false,ESME_RSUBMITFAIL,134,sms,ROBOCOM_SMS,4
"33401","2026-10-01","02",false,ROBOCOM-MOVISTAR,1,0,false,true,false,ESME_RSUBMITFAIL,135,sms,ROBOCOM_SMS,1
"33401","2026-10-01","02",false,ROBOCOM-MOVISTAR,1,0,false,true,false,ESME_RSUBMITFAIL,137,sms,ROBOCOM_SMS,13
"33401","2026-10-01","02",false,ROBOCOM-MOVISTAR,1,0,false,true,false,ESME_RSUBMITFAIL,144,flash,ROBOCOM_SMS,2
"33401","2026-10-01","02",false,ROBOCOM-MOVISTAR,1,0,false,true,false,ESME_RSUBMITFAIL,144,sms,ROBOCOM_SMS,2
"33401","2026-10-01","02",false,ROBOCOM-MOVISTAR,1,0,false,true,false,ESME_RSUBMITFAIL,145,sms,ROBOCOM_SMS,2
"33401","2026-10-01","02",false,ROBOCOM-MOVISTAR,1,0,false,true,false,ESME_RSUBMITFAIL,146,flash,ROBOCOM_SMS,1
"33401","2026-10-01","02",false,ROBOCOM-MOVISTAR,1,0,false,true,false,ESME_RSUBMITFAIL,146,sms,ROBOCOM_SMS,2
"33401","2026-10-01","02",false,ROBOCOM-MOVISTAR,1,0,false,true,false,ESME_RSUBMITFAIL,147,flash,ROBOCOM_SMS,1
"33401","2026-10-01","02",false,ROBOCOM-MOVISTAR,1,0,false,true,false,ESME_RSUBMITFAIL,147,sms,ROBOCOM_SMS,2
"33401","2026-10-01","02",false,ROBOCOM-MOVISTAR,1,0,false,true,false,ESME_RSUBMITFAIL,148,sms,ROBOCOM_SMS,2
"33401","2026-10-01","02",false,ROBOCOM-MOVISTAR,1,0,false,true,false,ESME_RSUBMITFAIL,149,sms,ROBOCOM_SMS,2
"33401","2026-10-01","02",false,ROBOCOM-MOVISTAR,1,0,false,true,false,ESME_RSUBMITFAIL,150,flash,ROBOCOM_SMS,1
"33401","2026-10-01","02",false,ROBOCOM-MOVISTAR,1,0,false,true,false,ESME_RSUBMITFAIL,150,sms,ROBOCOM_SMS,3
"33401","2026-10-01","02",false,ROBOCOM-MOVISTAR,1,0,false,true,false,ESME_RSUBMITFAIL,151,flash,ROBOCOM_SMS,37
"33401","2026-10-01","02",false,ROBOCOM-MOVISTAR,1,0,false,true,false,ESME_RSUBMITFAIL,151,sms,ROBOCOM_SMS,3
"33401","2026-10-01","02",false,ROBOCOM-MOVISTAR,1,0,false,true,false,ESME_RSUBMITFAIL,152,flash,ROBOCOM_SMS,2
"33401","2026-10-01","02",false,ROBOCOM-MOVISTAR,1,0,false,true,false,ESME_RSUBMITFAIL,152,sms,ROBOCOM_SMS,4
"33401","2026-10-01","02",false,ROBOCOM-MOVISTAR,1,0,false,true,false,ESME_RSUBMITFAIL,153,sms,ROBOCOM_SMS,1
"33401","2026-10-01","02",false,ROBOCOM-MOVISTAR,1,0,false,true,false,ESME_RSUBMITFAIL,154,sms,ROBOCOM_SMS,3
"33401","2026-10-01","02",false,ROBOCOM-MOVISTAR,1,0,false,true,false,ESME_RSUBMITFAIL,155,sms,ROBOCOM_SMS,3
"33401","2026-10-01","02",false,ROBOCOM-MOVISTAR,1,0,false,true,false,ESME_RSUBMITFAIL,156,sms,ROBOCOM_SMS,5
"33401","2026-10-01","02",false,ROBOCOM-MOVISTAR,1,0,false,true,false,ESME_RSUBMITFAIL,157,sms,ROBOCOM_SMS,3
"33401","2026-10-01","02",false,ROBOCOM-MOVISTAR,1,0,false,true,false,ESME_RSUBMITFAIL,158,sms,ROBOCOM_SMS,3
"33401","2026-10-01","02",false,ROBOCOM-MOVISTAR,1,0,false,true,false,ESME_RSUBMITFAIL,160,sms,ROBOCOM_SMS,1
"33401","2026-10-01","02",false,ROBOCOM-MOVISTAR,1,0,false,true,false,ESME_RTHROTTLED,123,flash,ROBOCOM_SMS,6
"33401","2026-10-01","02",false,ROBOCOM-MOVISTAR,1,0,false,true,false,ESME_RTHROTTLED,128,sms,ROBOCOM_SMS,3
"33401","2026-10-01","02",false,ROBOCOM-MOVISTAR,1,0,false,true,false,ESME_RTHROTTLED,130,sms,ROBOCOM_SMS,1
"33401","2026-10-01","02",false,ROBOCOM-MOVISTAR,1,0,false,true,false,ESME_RTHROTTLED,131,sms,ROBOCOM_SMS,3
"33401","2026-10-01","02",false,ROBOCOM-MOVISTAR,1,0,false,true,false,ESME_RTHROTTLED,135,sms,ROBOCOM_SMS,1
"33401","2026-10-01","02",false,ROBOCOM-MOVISTAR,1,0,false,true,false,ESME_RTHROTTLED,137,sms,ROBOCOM_SMS,1
"33401","2026-10-01","02",false,ROBOCOM-MOVISTAR,1,0,false,true,false,ESME_RTHROTTLED,143,sms,ROBOCOM_SMS,1
"33401","2026-10-01","02",false,ROBOCOM-MOVISTAR,1,0,false,true,false,ESME_RTHROTTLED,146,sms,ROBOCOM_SMS,1
"33401","2026-10-01","02",false,ROBOCOM-MOVISTAR,1,0,false,true,false,ESME_RTHROTTLED,147,sms,ROBOCOM_SMS,2
"33401","2026-10-01","02",false,ROBOCOM-MOVISTAR,1,0,false,true,false,ESME_RTHROTTLED,148,sms,ROBOCOM_SMS,1
"33401","2026-10-01","02",false,ROBOCOM-MOVISTAR,1,0,false,true,false,ESME_RTHROTTLED,149,sms,ROBOCOM_SMS,1
"33401","2026-10-01","02",false,ROBOCOM-MOVISTAR,1,0,false,true,false,ESME_RTHROTTLED,150,sms,ROBOCOM_SMS,1
"33401","2026-10-01","02",false,ROBOCOM-MOVISTAR,1,0,false,true,false,ESME_RTHROTTLED,151,flash,ROBOCOM_SMS,6
"33401","2026-10-01","02",false,ROBOCOM-MOVISTAR,1,0,false,true,false,ESME_RTHROTTLED,151,sms,ROBOCOM_SMS,3
"33401","2026-10-01","02",false,ROBOCOM-MOVISTAR,1,0,false,true,false,ESME_RTHROTTLED,152,sms,ROBOCOM_SMS,2
"33401","2026-10-01","02",false,ROBOCOM-MOVISTAR,1,0,false,true,false,ESME_RTHROTTLED,153,sms,ROBOCOM_SMS,1
"33401","2026-10-01","02",false,ROBOCOM-MOVISTAR,1,0,false,true,false,ESME_RTHROTTLED,155,sms,ROBOCOM_SMS,4
"33401","2026-10-01","02",false,ROBOCOM-MOVISTAR,1,0,false,true,false,ESME_RTHROTTLED,156,sms,ROBOCOM_SMS,3
"33401","2026-10-01","02",false,ROBOCOM-MOVISTAR,1,0,false,true,false,ESME_RTHROTTLED,157,sms,ROBOCOM_SMS,3
"33401","2026-10-01","02",false,ROBOCOM-MOVISTAR,2,1,false,true,false,ESME_RSUBMITFAIL,134,sms,ROBOCOM_SMS,1
"33401","2026-10-01","02",false,ROBOCOM-MOVISTAR,2,1,false,true,false,ESME_RSUBMITFAIL,153,flash,ROBOCOM_SMS,88
"33401","2026-10-01","02",false,ROBOCOM-MOVISTAR,2,1,false,true,false,ESME_RSUBMITFAIL,153,sms,ROBOCOM_SMS,146
"33401","2026-10-01","02",false,ROBOCOM-MOVISTAR,2,1,false,true,false,ESME_RTHROTTLED,153,flash,ROBOCOM_SMS,22
"33401","2026-10-01","02",false,ROBOCOM-MOVISTAR,2,1,false,true,false,ESME_RTHROTTLED,153,sms,ROBOCOM_SMS,50
"33401","2026-10-01","02",false,ROBOCOM-MOVISTAR,2,2,false,true,false,ESME_RSUBMITFAIL,7,sms,ROBOCOM_SMS,1
"33401","2026-10-01","02",false,ROBOCOM-MOVISTAR,2,2,false,true,false,ESME_RTHROTTLED,9,flash,ROBOCOM_SMS,25
"33401","2026-10-01","02",false,ROBOCOM-MOVISTAR,2,2,false,true,false,ESME_RTHROTTLED,9,sms,ROBOCOM_SMS,44
"33401","2026-10-01","02",true,GW_ROBOT_TELCEL_2,1,0,false,false,false,"",20,sms,rob2tel,1
"33401","2026-10-01","02",true,GW_ROBOT_TELCEL_2,1,0,false,false,false,"",24,sms,rob2tel,1
"33401","2026-10-01","02",true,GW_ROBOT_TELCEL_2,1,0,false,false,false,"",30,sms,rob2tel,10
"33401","2026-10-01","02",true,GW_ROBOT_TELCEL_2,1,0,false,false,false,"",33,sms,rob2tel,1
"33401","2026-10-01","02",true,GW_ROBOT_TELCEL_2,1,0,false,false,false,"",38,sms,rob2tel,5
"33401","2026-10-01","02",true,GW_ROBOT_TELCEL_2,1,0,false,false,false,"",41,sms,rob2tel,10
"33401","2026-10-01","02",true,GW_ROBOT_TELCEL_2,1,0,false,false,false,"",44,sms,rob2tel,25
"33401","2026-10-01","02",true,GW_ROBOT_TELCEL_2,1,0,false,false,false,"",45,sms,rob2tel,2
"33401","2026-10-01","02",true,GW_ROBOT_TELCEL_2,1,0,false,false,false,"",46,sms,rob2tel,2
"33401","2026-10-01","02",true,GW_ROBOT_TELCEL_2,1,0,false,false,false,"",56,sms,rob2tel,1
"33401","2026-10-01","02",true,GW_ROBOT_TELCEL_2,1,0,false,false,false,"",59,sms,rob2tel,10
"33401","2026-10-01","02",true,GW_ROBOT_TELCEL_2,1,0,false,false,false,"",61,sms,rob2tel,2
"33401","2026-10-01","02",true,GW_ROBOT_TELCEL_2,1,0,false,false,false,"",68,sms,rob2tel,49
"33401","2026-10-01","02",true,GW_ROBOT_TELCEL_2,1,0,false,false,false,"",69,sms,rob2tel,5
"33401","2026-10-01","02",true,GW_ROBOT_TELCEL_2,1,0,false,false,false,"",71,sms,rob2tel,1
"33401","2026-10-01","02",true,GW_ROBOT_TELCEL_2,1,0,false,false,false,"",74,sms,rob2tel,308
"33401","2026-10-01","02",true,GW_ROBOT_TELCEL_2,1,0,false,false,false,"",76,sms,rob2tel,17
"33401","2026-10-01","02",true,GW_ROBOT_TELCEL_2,1,0,false,false,false,"",77,sms,rob2tel,11
"33401","2026-10-01","02",true,GW_ROBOT_TELCEL_2,1,0,false,false,false,"",79,sms,rob2tel,19
"33401","2026-10-01","02",true,GW_ROBOT_TELCEL_2,1,0,false,false,false,"",80,sms,rob2tel,48
"33401","2026-10-01","02",true,GW_ROBOT_TELCEL_2,1,0,false,false,false,"",81,sms,rob2tel,77
"33401","2026-10-01","02",true,GW_ROBOT_TELCEL_2,1,0,false,false,false,"",82,sms,rob2tel,2
"33401","2026-10-01","02",true,GW_ROBOT_TELCEL_2,1,0,false,false,false,"",84,sms,rob2tel,17
"33401","2026-10-01","02",true,GW_ROBOT_TELCEL_2,1,0,false,false,false,"",88,sms,rob2tel,3
"33401","2026-10-01","02",true,GW_ROBOT_TELCEL_2,1,0,false,false,false,"",89,sms,rob2tel,3
"33401","2026-10-01","02",true,GW_ROBOT_TELCEL_2,1,0,false,false,false,"",90,sms,rob2tel,2
"33401","2026-10-01","02",true,GW_ROBOT_TELCEL_2,1,0,false,false,false,"",91,sms,rob2tel,1
"33401","2026-10-01","02",true,GW_ROBOT_TELCEL_2,1,0,false,false,false,"",92,sms,rob2tel,1
"33401","2026-10-01","02",true,GW_ROBOT_TELCEL_2,1,0,false,false,false,"",93,sms,rob2tel,1
"33401","2026-10-01","02",true,GW_ROBOT_TELCEL_2,1,0,false,false,false,"",94,sms,rob2tel,11
"33401","2026-10-01","02",true,GW_ROBOT_TELCEL_2,1,0,false,false,false,"",95,sms,rob2tel,4
"33401","2026-10-01","02",true,GW_ROBOT_TELCEL_2,1,0,false,false,false,"",97,sms,rob2tel,7
"33401","2026-10-01","02",true,GW_ROBOT_TELCEL_2,1,0,false,false,false,"",98,sms,rob2tel,25
"33401","2026-10-01","02",true,GW_ROBOT_TELCEL_2,1,0,false,false,false,"",99,sms,rob2tel,174
"33401","2026-10-01","02",true,GW_ROBOT_TELCEL_2,1,0,false,false,false,"",100,sms,rob2tel,2
"33401","2026-10-01","02",true,GW_ROBOT_TELCEL_2,1,0,false,false,false,"",101,sms,rob2tel,207
"33401","2026-10-01","02",true,GW_ROBOT_TELCEL_2,1,0,false,false,false,"",102,sms,rob2tel,247
"33401","2026-10-01","02",true,GW_ROBOT_TELCEL_2,1,0,false,false,false,"",103,sms,rob2tel,2
"33401","2026-10-01","02",true,GW_ROBOT_TELCEL_2,1,0,false,false,false,"",104,sms,rob2tel,72
"33401","2026-10-01","02",true,GW_ROBOT_TELCEL_2,1,0,false,false,false,"",105,sms,rob2tel,126
"33401","2026-10-01","02",true,GW_ROBOT_TELCEL_2,1,0,false,false,false,"",106,sms,rob2tel,7
"33401","2026-10-01","02",true,GW_ROBOT_TELCEL_2,1,0,false,false,false,"",107,sms,rob2tel,13
"33401","2026-10-01","02",true,GW_ROBOT_TELCEL_2,1,0,false,false,false,"",108,sms,rob2tel,27
"33401","2026-10-01","02",true,GW_ROBOT_TELCEL_2,1,0,false,false,false,"",109,flash,rob2tel,89
"33401","2026-10-01","02",true,GW_ROBOT_TELCEL_2,1,0,false,false,false,"",109,sms,rob2tel,8
"33401","2026-10-01","02",true,GW_ROBOT_TELCEL_2,1,0,false,false,false,"",110,flash,rob2tel,13
"33401","2026-10-01","02",true,GW_ROBOT_TELCEL_2,1,0,false,false,false,"",110,sms,rob2tel,16
"33401","2026-10-01","02",true,GW_ROBOT_TELCEL_2,1,0,false,false,false,"",111,sms,rob2tel,14
"33401","2026-10-01","02",true,GW_ROBOT_TELCEL_2,1,0,false,false,false,"",112,sms,rob2tel,11
"33401","2026-10-01","02",true,GW_ROBOT_TELCEL_2,1,0,false,false,false,"",113,sms,rob2tel,1
"33401","2026-10-01","02",true,GW_ROBOT_TELCEL_2,1,0,false,false,false,"",115,sms,rob2tel,24
"33401","2026-10-01","02",true,GW_ROBOT_TELCEL_2,1,0,false,false,false,"",116,sms,rob2tel,42
"33401","2026-10-01","02",true,GW_ROBOT_TELCEL_2,1,0,false,false,false,"",117,sms,rob2tel,13
"33401","2026-10-01","02",true,GW_ROBOT_TELCEL_2,1,0,false,false,false,"",118,sms,rob2tel,16
"33401","2026-10-01","02",true,GW_ROBOT_TELCEL_2,1,0,false,false,false,"",119,sms,rob2tel,10
"33401","2026-10-01","02",true,GW_ROBOT_TELCEL_2,1,0,false,false,false,"",120,sms,rob2tel,16
"33401","2026-10-01","02",true,GW_ROBOT_TELCEL_2,1,0,false,false,false,"",121,sms,rob2tel,6
"33401","2026-10-01","02",true,GW_ROBOT_TELCEL_2,1,0,false,false,false,"",122,sms,rob2tel,8
"33401","2026-10-01","02",true,GW_ROBOT_TELCEL_2,1,0,false,false,false,"",123,flash,rob2tel,167
"33401","2026-10-01","02",true,GW_ROBOT_TELCEL_2,1,0,false,false,false,"",123,sms,rob2tel,12
"33401","2026-10-01","02",true,GW_ROBOT_TELCEL_2,1,0,false,false,false,"",124,sms,rob2tel,13
"33401","2026-10-01","02",true,GW_ROBOT_TELCEL_2,1,0,false,false,false,"",125,sms,rob2tel,20
"33401","2026-10-01","02",true,GW_ROBOT_TELCEL_2,1,0,false,false,false,"",126,sms,rob2tel,27
"33401","2026-10-01","02",true,GW_ROBOT_TELCEL_2,1,0,false,false,false,"",127,sms,rob2tel,50
"33401","2026-10-01","02",true,GW_ROBOT_TELCEL_2,1,0,false,false,false,"",128,sms,rob2tel,27
"33401","2026-10-01","02",true,GW_ROBOT_TELCEL_2,1,0,false,false,false,"",129,sms,rob2tel,30
"33401","2026-10-01","02",true,GW_ROBOT_TELCEL_2,1,0,false,false,false,"",130,sms,rob2tel,48
"33401","2026-10-01","02",true,GW_ROBOT_TELCEL_2,1,0,false,false,false,"",131,sms,rob2tel,32
"33401","2026-10-01","02",true,GW_ROBOT_TELCEL_2,1,0,false,false,false,"",132,sms,rob2tel,42
"33401","2026-10-01","02",true,GW_ROBOT_TELCEL_2,1,0,false,false,false,"",133,sms,rob2tel,34
"33401","2026-10-01","02",true,GW_ROBOT_TELCEL_2,1,0,false,false,false,"",134,sms,rob2tel,24
"33401","2026-10-01","02",true,GW_ROBOT_TELCEL_2,1,0,false,false,false,"",135,sms,rob2tel,5
"33401","2026-10-01","02",true,GW_ROBOT_TELCEL_2,1,0,false,false,false,"",136,sms,rob2tel,30
"33401","2026-10-01","02",true,GW_ROBOT_TELCEL_2,1,0,false,false,false,"",137,sms,rob2tel,122
"33401","2026-10-01","02",true,GW_ROBOT_TELCEL_2,1,0,false,false,false,"",138,flash,rob2tel,1
"33401","2026-10-01","02",true,GW_ROBOT_TELCEL_2,1,0,false,false,false,"",138,sms,rob2tel,8
"33401","2026-10-01","02",true,GW_ROBOT_TELCEL_2,1,0,false,false,false,"",139,sms,rob2tel,6
"33401","2026-10-01","02",true,GW_ROBOT_TELCEL_2,1,0,false,false,false,"",140,sms,rob2tel,13
"33401","2026-10-01","02",true,GW_ROBOT_TELCEL_2,1,0,false,false,false,"",141,sms,rob2tel,118
"33401","2026-10-01","02",true,GW_ROBOT_TELCEL_2,1,0,false,false,false,"",142,flash,rob2tel,1
"33401","2026-10-01","02",true,GW_ROBOT_TELCEL_2,1,0,false,false,false,"",142,sms,rob2tel,24
"33401","2026-10-01","02",true,GW_ROBOT_TELCEL_2,1,0,false,false,false,"",143,flash,rob2tel,1
"33401","2026-10-01","02",true,GW_ROBOT_TELCEL_2,1,0,false,false,false,"",143,sms,rob2tel,12
"33401","2026-10-01","02",true,GW_ROBOT_TELCEL_2,1,0,false,false,false,"",144,flash,rob2tel,2
"33401","2026-10-01","02",true,GW_ROBOT_TELCEL_2,1,0,false,false,false,"",144,sms,rob2tel,60
"33401","2026-10-01","02",true,GW_ROBOT_TELCEL_2,1,0,false,false,false,"",145,flash,rob2tel,3
"33401","2026-10-01","02",true,GW_ROBOT_TELCEL_2,1,0,false,false,false,"",145,sms,rob2tel,24
"33401","2026-10-01","02",true,GW_ROBOT_TELCEL_2,1,0,false,false,false,"",146,flash,rob2tel,4
"33401","2026-10-01","02",true,GW_ROBOT_TELCEL_2,1,0,false,false,false,"",146,sms,rob2tel,23
"33401","2026-10-01","02",true,GW_ROBOT_TELCEL_2,1,0,false,false,false,"",147,flash,rob2tel,10
"33401","2026-10-01","02",true,GW_ROBOT_TELCEL_2,1,0,false,false,false,"",147,sms,rob2tel,43
"33401","2026-10-01","02",true,GW_ROBOT_TELCEL_2,1,0,false,false,false,"",148,flash,rob2tel,8
"33401","2026-10-01","02",true,GW_ROBOT_TELCEL_2,1,0,false,false,false,"",148,sms,rob2tel,53
"33401","2026-10-01","02",true,GW_ROBOT_TELCEL_2,1,0,false,false,false,"",149,flash,rob2tel,7
"33401","2026-10-01","02",true,GW_ROBOT_TELCEL_2,1,0,false,false,false,"",149,sms,rob2tel,35
"33401","2026-10-01","02",true,GW_ROBOT_TELCEL_2,1,0,false,false,false,"",150,flash,rob2tel,6
"33401","2026-10-01","02",true,GW_ROBOT_TELCEL_2,1,0,false,false,false,"",150,sms,rob2tel,23
"33401","2026-10-01","02",true,GW_ROBOT_TELCEL_2,1,0,false,false,false,"",151,flash,rob2tel,5
"33401","2026-10-01","02",true,GW_ROBOT_TELCEL_2,1,0,false,false,false,"",151,sms,rob2tel,42
"33401","2026-10-01","02",true,GW_ROBOT_TELCEL_2,1,0,false,false,false,"",152,flash,rob2tel,6
"33401","2026-10-01","02",true,GW_ROBOT_TELCEL_2,1,0,false,false,false,"",152,sms,rob2tel,19
"33401","2026-10-01","02",true,GW_ROBOT_TELCEL_2,1,0,false,false,false,"",153,flash,rob2tel,2
"33401","2026-10-01","02",true,GW_ROBOT_TELCEL_2,1,0,false,false,false,"",153,sms,rob2tel,25
"33401","2026-10-01","02",true,GW_ROBOT_TELCEL_2,1,0,false,false,false,"",154,flash,rob2tel,2
"33401","2026-10-01","02",true,GW_ROBOT_TELCEL_2,1,0,false,false,false,"",154,sms,rob2tel,103
"33401","2026-10-01","02",true,GW_ROBOT_TELCEL_2,1,0,false,false,false,"",155,flash,rob2tel,1
"33401","2026-10-01","02",true,GW_ROBOT_TELCEL_2,1,0,false,false,false,"",155,sms,rob2tel,39
"33401","2026-10-01","02",true,GW_ROBOT_TELCEL_2,1,0,false,false,false,"",156,sms,rob2tel,33
"33401","2026-10-01","02",true,GW_ROBOT_TELCEL_2,1,0,false,false,false,"",157,sms,rob2tel,24
"33401","2026-10-01","02",true,GW_ROBOT_TELCEL_2,1,0,false,false,false,"",158,sms,rob2tel,84
"33401","2026-10-01","02",true,GW_ROBOT_TELCEL_2,1,0,false,false,false,"",159,sms,rob2tel,6
"33401","2026-10-01","02",true,GW_ROBOT_TELCEL_2,1,0,false,false,false,"",160,sms,rob2tel,7
"33401","2026-10-01","02",true,GW_ROBOT_TELCEL_2,2,1,false,false,false,"",134,sms,rob2tel,16
"33401","2026-10-01","02",true,GW_ROBOT_TELCEL_2,2,1,false,false,false,"",151,sms,rob2tel,177
"33401","2026-10-01","02",true,GW_ROBOT_TELCEL_2,2,1,false,false,false,"",153,flash,rob2tel,469
"33401","2026-10-01","02",true,GW_ROBOT_TELCEL_2,2,1,false,false,false,"",153,sms,rob2tel,976
"33401","2026-10-01","02",true,GW_ROBOT_TELCEL_2,2,2,false,false,false,"",8,sms,rob2tel,3
"33401","2026-10-01","02",true,GW_ROBOT_TELCEL_2,2,2,false,false,false,"",9,flash,rob2tel,484
"33401","2026-10-01","02",true,GW_ROBOT_TELCEL_2,2,2,false,false,false,"",9,sms,rob2tel,981
"33401","2026-10-01","02",true,GW_ROBOT_TELCEL_2,2,2,false,false,false,"",10,sms,rob2tel,7
"33401","2026-10-01","02",true,GW_ROBOT_TELCEL_2,2,2,false,false,false,"",11,sms,rob2tel,2
"33401","2026-10-01","02",true,GW_ROBOT_TELCEL_2,2,2,false,false,false,"",13,sms,rob2tel,3
"33401","2026-10-01","02",true,GW_ROBOT_TELCEL_2,2,2,false,false,false,"",14,sms,rob2tel,2
"33401","2026-10-01","02",true,GW_ROBOT_TELCEL_2,2,2,false,false,false,"",15,sms,rob2tel,11
"33401","2026-10-01","02",true,GW_ROBOT_TELCEL_2,2,2,false,false,false,"",16,sms,rob2tel,2
"33401","2026-10-01","02",true,GW_ROBOT_TELCEL_2,2,2,false,false,false,"",19,sms,rob2tel,1
"33401","2026-10-01","02",true,GW_ROBOT_TELCEL_2,2,2,false,false,false,"",21,sms,rob2tel,6
"33401","2026-10-01","02",true,GW_ROBOT_TELCEL_2,2,2,false,false,false,"",22,sms,rob2tel,1
"33401","2026-10-01","02",true,GW_ROBOT_TELCEL_2,2,2,false,false,false,"",25,sms,rob2tel,1
"33401","2026-10-01","02",true,GW_ROBOT_TELCEL_2,2,2,false,false,false,"",28,sms,rob2tel,2
"33401","2026-10-01","02",true,GW_ROBOT_TELCEL_2,2,2,false,false,false,"",29,sms,rob2tel,2
"33401","2026-10-01","02",true,GW_ROBOT_TELCEL_2,2,2,false,false,false,"",30,sms,rob2tel,1
"33401","2026-10-01","02",true,GW_ROBOT_TELCEL_2,2,2,false,false,false,"",31,sms,rob2tel,3
"33401","2026-10-01","02",true,GW_ROBOT_TELCEL_2,2,2,false,false,false,"",33,sms,rob2tel,1
"33401","2026-10-01","02",true,GW_ROBOT_TELCEL_2,2,2,false,false,false,"",40,sms,rob2tel,1
"33401","2026-10-01","02",true,GW_ROBOT_TELCEL_2,2,2,false,false,false,"",41,sms,rob2tel,1
"33401","2026-10-01","02",true,GW_ROBOT_TELCEL_2,2,2,false,false,false,"",43,sms,rob2tel,1
"33401","2026-10-01","02",true,GW_ROBOT_TELCEL_2,2,2,false,false,false,"",44,sms,rob2tel,1
"33401","2026-10-01","02",true,GW_ROBOT_TELCEL_2,2,2,false,false,false,"",45,sms,rob2tel,1
"33401","2026-10-01","02",true,GW_ROBOT_TELCEL_2,2,2,false,false,false,"",46,sms,rob2tel,2
"33401","2026-10-01","02",true,GW_ROBOT_TELCEL_2,2,2,false,false,false,"",47,sms,rob2tel,2
"33401","2026-10-01","02",true,GW_ROBOT_TELCEL_2,2,2,false,false,false,"",49,sms,rob2tel,2
"33401","2026-10-01","02",true,GW_ROBOT_TELCEL_2,2,2,false,false,false,"",63,sms,rob2tel,1
"33401","2026-10-01","02",true,GW_ROBOT_TELCEL_2,2,2,false,false,false,"",68,sms,rob2tel,1
"33401","2026-10-01","02",true,GW_ROBOT_TELCEL_2,2,2,false,false,false,"",69,sms,rob2tel,42
"33401","2026-10-01","02",true,GW_ROBOT_TELCEL_2,2,2,false,false,false,"",70,sms,rob2tel,26
"33401","2026-10-01","02",true,GW_ROBOT_TELCEL_2,2,2,false,false,false,"",71,sms,rob2tel,26
"33401","2026-10-01","02",true,GW_ROBOT_TELCEL_2,2,2,false,false,false,"",72,sms,rob2tel,27
"33401","2026-10-01","02",true,GW_ROBOT_TELCEL_2,2,2,false,false,false,"",73,sms,rob2tel,2
"33401","2026-10-01","02",true,GW_ROBOT_TELCEL_2,2,2,false,false,false,"",77,sms,rob2tel,1
"33401","2026-10-01","02",true,GW_ROBOT_TELCEL_2,2,2,false,false,false,"",80,sms,rob2tel,1
"33401","2026-10-01","02",true,GW_ROBOT_TELCEL_2,2,2,false,false,false,"",91,sms,rob2tel,1
"33401","2026-10-01","02",true,GW_ROBOT_TELCEL_2,2,2,false,false,false,"",98,sms,rob2tel,1
"33401","2026-10-01","02",true,GW_ROBOT_TELCEL_2,2,2,false,false,false,"",108,sms,rob2tel,2
"33401","2026-10-01","02",true,GW_ROBOT_TELCEL_2,2,2,false,false,false,"",110,sms,rob2tel,1
"33401","2026-10-01","02",true,GW_ROBOT_TELCEL_2,2,2,false,false,false,"",112,sms,rob2tel,1
"33401","2026-10-01","02",true,GW_ROBOT_TELCEL_2,2,2,false,false,false,"",123,sms,rob2tel,1
"33401","2026-10-01","02",true,GW_ROBOT_TELCEL_2,2,2,false,false,false,"",126,sms,rob2tel,1
"33401","2026-10-01","02",true,GW_ROBOT_TELCEL_2,2,2,false,false,false,"",128,sms,rob2tel,1
"33401","2026-10-01","02",true,GW_ROBOT_TELCEL_2,2,2,false,false,false,"",129,sms,rob2tel,1
"33401","2026-10-01","02",true,GW_ROBOT_TELCEL_2,2,2,false,false,false,"",131,sms,rob2tel,1
"33401","2026-10-01","02",true,GW_ROBOT_TELCEL_2,2,2,false,false,false,"",132,sms,rob2tel,1
"33401","2026-10-01","02",true,GW_ROBOT_TELCEL_2,3,1,false,false,false,"",134,sms,rob2tel,9
"33401","2026-10-01","02",true,GW_ROBOT_TELCEL_2,3,1,false,false,false,"",151,sms,rob2tel,27
"33401","2026-10-01","02",true,GW_ROBOT_TELCEL_2,3,2,false,false,false,"",134,sms,rob2tel,15
"33401","2026-10-01","02",true,GW_ROBOT_TELCEL_2,3,2,false,false,false,"",153,sms,rob2tel,23
"33401","2026-10-01","02",true,GW_ROBOT_TELCEL_2,3,3,false,false,false,"",1,sms,rob2tel,2
"33401","2026-10-01","02",true,GW_ROBOT_TELCEL_2,3,3,false,false,false,"",2,sms,rob2tel,1
"33401","2026-10-01","02",true,GW_ROBOT_TELCEL_2,3,3,false,false,false,"",3,sms,rob2tel,2
"33401","2026-10-01","02",true,GW_ROBOT_TELCEL_2,3,3,false,false,false,"",4,sms,rob2tel,1
"33401","2026-10-01","02",true,GW_ROBOT_TELCEL_2,3,3,false,false,false,"",7,sms,rob2tel,1
"33401","2026-10-01","02",true,GW_ROBOT_TELCEL_2,3,3,false,false,false,"",8,sms,rob2tel,3
"33401","2026-10-01","02",true,GW_ROBOT_TELCEL_2,3,3,false,false,false,"",9,sms,rob2tel,1
"33401","2026-10-01","02",true,GW_ROBOT_TELCEL_2,3,3,false,false,false,"",11,sms,rob2tel,2
"33401","2026-10-01","02",true,GW_ROBOT_TELCEL_2,3,3,false,false,false,"",12,sms,rob2tel,3
"33401","2026-10-01","02",true,GW_ROBOT_TELCEL_2,3,3,false,false,false,"",13,sms,rob2tel,2
"33401","2026-10-01","02",true,GW_ROBOT_TELCEL_2,3,3,false,false,false,"",14,sms,rob2tel,1
"33401","2026-10-01","02",true,GW_ROBOT_TELCEL_2,3,3,false,false,false,"",17,sms,rob2tel,1
"33401","2026-10-01","02",true,GW_ROBOT_TELCEL_2,3,3,false,false,false,"",18,sms,rob2tel,1
"33401","2026-10-01","02",true,GW_ROBOT_TELCEL_2,3,3,false,false,false,"",20,sms,rob2tel,1
"33401","2026-10-01","02",true,GW_ROBOT_TELCEL_2,3,3,false,false,false,"",25,sms,rob2tel,1
"33401","2026-10-01","02",true,GW_ROBOT_TELCEL_2,3,3,false,false,false,"",26,sms,rob2tel,1
"33401","2026-10-01","02",true,GW_ROBOT_TELCEL_2,3,3,false,false,false,"",34,sms,rob2tel,1
"33401","2026-10-01","02",true,GW_ROBOT_TELCEL_2,3,3,false,false,false,"",38,sms,rob2tel,1
"33401","2026-10-01","02",true,GW_ROBOT_TELCEL_2,3,3,false,false,false,"",76,sms,rob2tel,1
"33401","2026-10-01","02",true,GW_ROBOT_TELCEL_2,3,3,false,false,false,"",77,sms,rob2tel,3
"33401","2026-10-01","02",true,GW_ROBOT_TELCEL_2,3,3,false,false,false,"",78,sms,rob2tel,1
"33401","2026-10-01","02",true,GW_ROBOT_TELCEL_2,3,3,false,false,false,"",79,sms,rob2tel,2
"33401","2026-10-01","02",true,GW_ROBOT_TELCEL_2,3,3,false,false,false,"",80,sms,rob2tel,2
"33401","2026-10-01","02",true,GW_ROBOT_TELCEL_2,3,3,false,false,false,"",81,sms,rob2tel,3
"33401","2026-10-01","02",true,GW_ROBOT_TELCEL_2,3,3,false,false,false,"",82,sms,rob2tel,2
"33401","2026-10-01","02",true,GW_ROBOT_TELCEL_2,3,3,false,false,false,"",84,sms,rob2tel,1
"33401","2026-10-01","02",true,GW_ROBOT_TELCEL_2,3,3,false,false,false,"",85,sms,rob2tel,1
"33401","2026-10-01","02",true,GW_ROBOT_TELCEL_2,3,3,false,false,false,"",86,sms,rob2tel,4
"33401","2026-10-01","02",true,GW_ROBOT_TELCEL_2,3,3,false,false,false,"",87,sms,rob2tel,4
"33401","2026-10-01","02",true,GW_ROBOT_TELCEL_2,3,3,false,false,false,"",126,sms,rob2tel,3
"33401","2026-10-01","02",true,GW_ROBOT_TELCEL_3,1,0,false,false,false,"",5,sms,rob2tel,1
"33401","2026-10-01","02",true,GW_ROBOT_TELCEL_3,1,0,false,false,false,"",14,sms,rob2tel,2
"33401","2026-10-01","02",true,GW_ROBOT_TELCEL_3,1,0,false,false,false,"",20,sms,rob2tel,2
"33401","2026-10-01","02",true,GW_ROBOT_TELCEL_3,1,0,false,false,false,"",24,sms,rob2tel,5
"33401","2026-10-01","02",true,GW_ROBOT_TELCEL_3,1,0,false,false,false,"",28,sms,rob2tel,1
"33401","2026-10-01","02",true,GW_ROBOT_TELCEL_3,1,0,false,false,false,"",30,sms,rob2tel,13
"33401","2026-10-01","02",true,GW_ROBOT_TELCEL_3,1,0,false,false,false,"",33,sms,rob2tel,3
"33401","2026-10-01","02",true,GW_ROBOT_TELCEL_3,1,0,false,false,false,"",36,sms,rob2tel,2
"33401","2026-10-01","02",true,GW_ROBOT_TELCEL_3,1,0,false,false,false,"",38,sms,rob2tel,4
"33401","2026-10-01","02",true,GW_ROBOT_TELCEL_3,1,0,false,false,false,"",41,sms,rob2tel,26
"33401","2026-10-01","02",true,GW_ROBOT_TELCEL_3,1,0,false,false,false,"",44,sms,rob2tel,64
"33401","2026-10-01","02",true,GW_ROBOT_TELCEL_3,1,0,false,false,false,"",45,sms,rob2tel,3
"33401","2026-10-01","02",true,GW_ROBOT_TELCEL_3,1,0,false,false,false,"",46,sms,rob2tel,1
"33401","2026-10-01","02",true,GW_ROBOT_TELCEL_3,1,0,false,false,false,"",47,sms,rob2tel,1
"33401","2026-10-01","02",true,GW_ROBOT_TELCEL_3,1,0,false,false,false,"",48,sms,rob2tel,10
"33401","2026-10-01","02",true,GW_ROBOT_TELCEL_3,1,0,false,false,false,"",49,sms,rob2tel,1
"33401","2026-10-01","02",true,GW_ROBOT_TELCEL_3,1,0,false,false,false,"",50,sms,rob2tel,4
"33401","2026-10-01","02",true,GW_ROBOT_TELCEL_3,1,0,false,false,false,"",51,sms,rob2tel,3
"33401","2026-10-01","02",true,GW_ROBOT_TELCEL_3,1,0,false,false,false,"",52,sms,rob2tel,5
"33401","2026-10-01","02",true,GW_ROBOT_TELCEL_3,1,0,false,false,false,"",54,sms,rob2tel,3
"33401","2026-10-01","02",true,GW_ROBOT_TELCEL_3,1,0,false,false,false,"",55,sms,rob2tel,2
"33401","2026-10-01","02",true,GW_ROBOT_TELCEL_3,1,0,false,false,false,"",56,sms,rob2tel,7
"33401","2026-10-01","02",true,GW_ROBOT_TELCEL_3,1,0,false,false,false,"",57,sms,rob2tel,1
"33401","2026-10-01","02",true,GW_ROBOT_TELCEL_3,1,0,false,false,false,"",59,sms,rob2tel,17
"33401","2026-10-01","02",true,GW_ROBOT_TELCEL_3,1,0,false,false,false,"",61,sms,rob2tel,1023
"33401","2026-10-01","02",true,GW_ROBOT_TELCEL_3,1,0,false,false,false,"",63,sms,rob2tel,1
"33401","2026-10-01","02",true,GW_ROBOT_TELCEL_3,1,0,false,false,false,"",65,sms,rob2tel,1
"33401","2026-10-01","02",true,GW_ROBOT_TELCEL_3,1,0,false,false,false,"",67,sms,rob2tel,10
"33401","2026-10-01","02",true,GW_ROBOT_TELCEL_3,1,0,false,false,false,"",68,sms,rob2tel,72
"33401","2026-10-01","02",true,GW_ROBOT_TELCEL_3,1,0,false,false,false,"",69,sms,rob2tel,19
"33401","2026-10-01","02",true,GW_ROBOT_TELCEL_3,1,0,false,false,false,"",70,sms,rob2tel,3
"33401","2026-10-01","02",true,GW_ROBOT_TELCEL_3,1,0,false,false,false,"",71,sms,rob2tel,4
"33401","2026-10-01","02",true,GW_ROBOT_TELCEL_3,1,0,false,false,false,"",72,sms,rob2tel,4
"33401","2026-10-01","02",true,GW_ROBOT_TELCEL_3,1,0,false,false,false,"",73,sms,rob2tel,3
"33401","2026-10-01","02",true,GW_ROBOT_TELCEL_3,1,0,false,false,false,"",74,sms,rob2tel,574
"33401","2026-10-01","02",true,GW_ROBOT_TELCEL_3,1,0,false,false,false,"",75,sms,rob2tel,3
"33401","2026-10-01","02",true,GW_ROBOT_TELCEL_3,1,0,false,false,false,"",76,sms,rob2tel,18
"33401","2026-10-01","02",true,GW_ROBOT_TELCEL_3,1,0,false,false,false,"",77,sms,rob2tel,15
"33401","2026-10-01","02",true,GW_ROBOT_TELCEL_3,1,0,false,false,false,"",79,sms,rob2tel,38
"33401","2026-10-01","02",true,GW_ROBOT_TELCEL_3,1,0,false,false,false,"",80,sms,rob2tel,88
"33401","2026-10-01","02",true,GW_ROBOT_TELCEL_3,1,0,false,false,false,"",81,sms,rob2tel,203
"33401","2026-10-01","02",true,GW_ROBOT_TELCEL_3,1,0,false,false,false,"",82,sms,rob2tel,10
"33401","2026-10-01","02",true,GW_ROBOT_TELCEL_3,1,0,false,false,false,"",83,sms,rob2tel,1
"33401","2026-10-01","02",true,GW_ROBOT_TELCEL_3,1,0,false,false,false,"",84,sms,rob2tel,28
"33401","2026-10-01","02",true,GW_ROBOT_TELCEL_3,1,0,false,false,false,"",85,sms,rob2tel,1
"33401","2026-10-01","02",true,GW_ROBOT_TELCEL_3,1,0,false,false,false,"",86,sms,rob2tel,15
"33401","2026-10-01","02",true,GW_ROBOT_TELCEL_3,1,0,false,false,false,"",87,sms,rob2tel,4
"33401","2026-10-01","02",true,GW_ROBOT_TELCEL_3,1,0,false,false,false,"",88,sms,rob2tel,5
"33401","2026-10-01","02",true,GW_ROBOT_TELCEL_3,1,0,false,false,false,"",89,sms,rob2tel,3
"33401","2026-10-01","02",true,GW_ROBOT_TELCEL_3,1,0,false,false,false,"",90,sms,rob2tel,18
"33401","2026-10-01","02",true,GW_ROBOT_TELCEL_3,1,0,false,false,false,"",91,sms,rob2tel,1
"33401","2026-10-01","02",true,GW_ROBOT_TELCEL_3,1,0,false,false,false,"",93,sms,rob2tel,5
"33401","2026-10-01","02",true,GW_ROBOT_TELCEL_3,1,0,false,false,false,"",94,sms,rob2tel,380
"33401","2026-10-01","02",true,GW_ROBOT_TELCEL_3,1,0,false,false,false,"",95,sms,rob2tel,9
"33401","2026-10-01","02",true,GW_ROBOT_TELCEL_3,1,0,false,false,false,"",96,sms,rob2tel,8
"33401","2026-10-01","02",true,GW_ROBOT_TELCEL_3,1,0,false,false,false,"",97,sms,rob2tel,13
"33401","2026-10-01","02",true,GW_ROBOT_TELCEL_3,1,0,false,false,false,"",98,sms,rob2tel,310
"33401","2026-10-01","02",true,GW_ROBOT_TELCEL_3,1,0,false,false,false,"",99,sms,rob2tel,402
"33401","2026-10-01","02",true,GW_ROBOT_TELCEL_3,1,0,false,false,false,"",100,sms,rob2tel,10
"33401","2026-10-01","02",true,GW_ROBOT_TELCEL_3,1,0,false,false,false,"",101,sms,rob2tel,392
"33401","2026-10-01","02",true,GW_ROBOT_TELCEL_3,1,0,false,false,false,"",102,sms,rob2tel,503
"33401","2026-10-01","02",true,GW_ROBOT_TELCEL_3,1,0,false,false,false,"",103,sms,rob2tel,2
"33401","2026-10-01","02",true,GW_ROBOT_TELCEL_3,1,0,false,false,false,"",104,sms,rob2tel,136
"33401","2026-10-01","02",true,GW_ROBOT_TELCEL_3,1,0,false,false,false,"",105,sms,rob2tel,215
"33401","2026-10-01","02",true,GW_ROBOT_TELCEL_3,1,0,false,false,false,"",106,sms,rob2tel,14
"33401","2026-10-01","02",true,GW_ROBOT_TELCEL_3,1,0,false,false,false,"",107,sms,rob2tel,42
"33401","2026-10-01","02",true,GW_ROBOT_TELCEL_3,1,0,false,false,false,"",108,sms,rob2tel,63
"33401","2026-10-01","02",true,GW_ROBOT_TELCEL_3,1,0,false,false,false,"",109,flash,rob2tel,124
"33401","2026-10-01","02",true,GW_ROBOT_TELCEL_3,1,0,false,false,false,"",109,sms,rob2tel,33
"33401","2026-10-01","02",true,GW_ROBOT_TELCEL_3,1,0,false,false,false,"",110,flash,rob2tel,8
"33401","2026-10-01","02",true,GW_ROBOT_TELCEL_3,1,0,false,false,false,"",110,sms,rob2tel,31
"33401","2026-10-01","02",true,GW_ROBOT_TELCEL_3,1,0,false,false,false,"",111,sms,rob2tel,43
"33401","2026-10-01","02",true,GW_ROBOT_TELCEL_3,1,0,false,false,false,"",112,sms,rob2tel,30
"33401","2026-10-01","02",true,GW_ROBOT_TELCEL_3,1,0,false,false,false,"",113,sms,rob2tel,10
"33401","2026-10-01","02",true,GW_ROBOT_TELCEL_3,1,0,false,false,false,"",114,sms,rob2tel,2
"33401","2026-10-01","02",true,GW_ROBOT_TELCEL_3,1,0,false,false,false,"",115,sms,rob2tel,49
"33401","2026-10-01","02",true,GW_ROBOT_TELCEL_3,1,0,false,false,false,"",116,sms,rob2tel,165
"33401","2026-10-01","02",true,GW_ROBOT_TELCEL_3,1,0,false,false,false,"",117,sms,rob2tel,468
"33401","2026-10-01","02",true,GW_ROBOT_TELCEL_3,1,0,false,false,false,"",118,sms,rob2tel,31
"33401","2026-10-01","02",true,GW_ROBOT_TELCEL_3,1,0,false,false,false,"",119,sms,rob2tel,16
"33401","2026-10-01","02",true,GW_ROBOT_TELCEL_3,1,0,false,false,false,"",120,sms,rob2tel,23
"33401","2026-10-01","02",true,GW_ROBOT_TELCEL_3,1,0,false,false,false,"",121,sms,rob2tel,97
"33401","2026-10-01","02",true,GW_ROBOT_TELCEL_3,1,0,false,false,false,"",122,sms,rob2tel,11
"33401","2026-10-01","02",true,GW_ROBOT_TELCEL_3,1,0,false,false,false,"",123,flash,rob2tel,139
"33401","2026-10-01","02",true,GW_ROBOT_TELCEL_3,1,0,false,false,false,"",123,sms,rob2tel,20
"33401","2026-10-01","02",true,GW_ROBOT_TELCEL_3,1,0,false,false,false,"",124,sms,rob2tel,11
"33401","2026-10-01","02",true,GW_ROBOT_TELCEL_3,1,0,false,false,false,"",125,sms,rob2tel,20
"33401","2026-10-01","02",true,GW_ROBOT_TELCEL_3,1,0,false,false,false,"",126,sms,rob2tel,33
"33401","2026-10-01","02",true,GW_ROBOT_TELCEL_3,1,0,false,false,false,"",127,sms,rob2tel,128
"33401","2026-10-01","02",true,GW_ROBOT_TELCEL_3,1,0,false,false,false,"",128,sms,rob2tel,90
"33401","2026-10-01","02",true,GW_ROBOT_TELCEL_3,1,0,false,false,false,"",129,sms,rob2tel,35
"33401","2026-10-01","02",true,GW_ROBOT_TELCEL_3,1,0,false,false,false,"",130,sms,rob2tel,70
"33401","2026-10-01","02",true,GW_ROBOT_TELCEL_3,1,0,false,false,false,"",131,sms,rob2tel,79
"33401","2026-10-01","02",true,GW_ROBOT_TELCEL_3,1,0,false,false,false,"",132,sms,rob2tel,85
"33401","2026-10-01","02",true,GW_ROBOT_TELCEL_3,1,0,false,false,false,"",133,sms,rob2tel,37
"33401","2026-10-01","02",true,GW_ROBOT_TELCEL_3,1,0,false,false,false,"",134,sms,rob2tel,20
"33401","2026-10-01","02",true,GW_ROBOT_TELCEL_3,1,0,false,false,false,"",135,sms,rob2tel,8
"33401","2026-10-01","02",true,GW_ROBOT_TELCEL_3,1,0,false,false,false,"",136,sms,rob2tel,52
"33401","2026-10-01","02",true,GW_ROBOT_TELCEL_3,1,0,false,false,false,"",137,flash,rob2tel,1
"33401","2026-10-01","02",true,GW_ROBOT_TELCEL_3,1,0,false,false,false,"",137,sms,rob2tel,135
"33401","2026-10-01","02",true,GW_ROBOT_TELCEL_3,1,0,false,false,false,"",138,flash,rob2tel,4
"33401","2026-10-01","02",true,GW_ROBOT_TELCEL_3,1,0,false,false,false,"",138,sms,rob2tel,78
"33401","2026-10-01","02",true,GW_ROBOT_TELCEL_3,1,0,false,false,false,"",139,flash,rob2tel,6
"33401","2026-10-01","02",true,GW_ROBOT_TELCEL_3,1,0,false,false,false,"",139,sms,rob2tel,8
"33401","2026-10-01","02",true,GW_ROBOT_TELCEL_3,1,0,false,false,false,"",140,flash,rob2tel,7
"33401","2026-10-01","02",true,GW_ROBOT_TELCEL_3,1,0,false,false,false,"",140,sms,rob2tel,16
"33401","2026-10-01","02",true,GW_ROBOT_TELCEL_3,1,0,false,false,false,"",141,flash,rob2tel,13
"33401","2026-10-01","02",true,GW_ROBOT_TELCEL_3,1,0,false,false,false,"",141,sms,rob2tel,383
"33401","2026-10-01","02",true,GW_ROBOT_TELCEL_3,1,0,false,false,false,"",142,flash,rob2tel,14
"33401","2026-10-01","02",true,GW_ROBOT_TELCEL_3,1,0,false,false,false,"",142,sms,rob2tel,44
"33401","2026-10-01","02",true,GW_ROBOT_TELCEL_3,1,0,false,false,false,"",143,flash,rob2tel,19
"33401","2026-10-01","02",true,GW_ROBOT_TELCEL_3,1,0,false,false,false,"",143,sms,rob2tel,1447
"33401","2026-10-01","02",true,GW_ROBOT_TELCEL_3,1,0,false,false,false,"",144,flash,rob2tel,26
"33401","2026-10-01","02",true,GW_ROBOT_TELCEL_3,1,0,false,false,false,"",144,sms,rob2tel,45
"33401","2026-10-01","02",true,GW_ROBOT_TELCEL_3,1,0,false,false,false,"",145,flash,rob2tel,10
"33401","2026-10-01","02",true,GW_ROBOT_TELCEL_3,1,0,false,false,false,"",145,sms,rob2tel,111
"33401","2026-10-01","02",true,GW_ROBOT_TELCEL_3,1,0,false,false,false,"",146,flash,rob2tel,22
"33401","2026-10-01","02",true,GW_ROBOT_TELCEL_3,1,0,false,false,false,"",146,sms,rob2tel,159
"33401","2026-10-01","02",true,GW_ROBOT_TELCEL_3,1,0,false,false,false,"",147,flash,rob2tel,17
"33401","2026-10-01","02",true,GW_ROBOT_TELCEL_3,1,0,false,false,false,"",147,sms,rob2tel,58
"33401","2026-10-01","02",true,GW_ROBOT_TELCEL_3,1,0,false,false,false,"",148,flash,rob2tel,22
"33401","2026-10-01","02",true,GW_ROBOT_TELCEL_3,1,0,false,false,false,"",148,sms,rob2tel,65
"33401","2026-10-01","02",true,GW_ROBOT_TELCEL_3,1,0,false,false,false,"",149,flash,rob2tel,13
"33401","2026-10-01","02",true,GW_ROBOT_TELCEL_3,1,0,false,false,false,"",149,sms,rob2tel,50
"33401","2026-10-01","02",true,GW_ROBOT_TELCEL_3,1,0,false,false,false,"",150,flash,rob2tel,5
"33401","2026-10-01","02",true,GW_ROBOT_TELCEL_3,1,0,false,false,false,"",150,sms,rob2tel,48
"33401","2026-10-01","02",true,GW_ROBOT_TELCEL_3,1,0,false,false,false,"",151,flash,rob2tel,314
"33401","2026-10-01","02",true,GW_ROBOT_TELCEL_3,1,0,false,false,false,"",151,sms,rob2tel,84
"33401","2026-10-01","02",true,GW_ROBOT_TELCEL_3,1,0,false,false,false,"",152,flash,rob2tel,2
"33401","2026-10-01","02",true,GW_ROBOT_TELCEL_3,1,0,false,false,false,"",152,sms,rob2tel,26
"33401","2026-10-01","02",true,GW_ROBOT_TELCEL_3,1,0,false,false,false,"",153,flash,rob2tel,2
"33401","2026-10-01","02",true,GW_ROBOT_TELCEL_3,1,0,false,false,false,"",153,sms,rob2tel,2306
"33401","2026-10-01","02",true,GW_ROBOT_TELCEL_3,1,0,false,false,false,"",154,sms,rob2tel,188
"33401","2026-10-01","02",true,GW_ROBOT_TELCEL_3,1,0,false,false,false,"",155,flash,rob2tel,1
"33401","2026-10-01","02",true,GW_ROBOT_TELCEL_3,1,0,false,false,false,"",155,sms,rob2tel,44
"33401","2026-10-01","02",true,GW_ROBOT_TELCEL_3,1,0,false,false,false,"",156,sms,rob2tel,160
"33401","2026-10-01","02",true,GW_ROBOT_TELCEL_3,1,0,false,false,false,"",157,sms,rob2tel,323
"33401","2026-10-01","02",true,GW_ROBOT_TELCEL_3,1,0,false,false,false,"",158,sms,rob2tel,139
"33401","2026-10-01","02",true,GW_ROBOT_TELCEL_3,1,0,false,false,false,"",159,sms,rob2tel,11
"33401","2026-10-01","02",true,GW_ROBOT_TELCEL_3,1,0,false,false,false,"",160,sms,rob2tel,7
"33401","2026-10-01","02",true,GW_ROBOT_TELCEL_3,2,1,false,false,false,"",134,sms,rob2tel,22
"33401","2026-10-01","02",true,GW_ROBOT_TELCEL_3,2,1,false,false,false,"",149,sms,rob2tel,1
"33401","2026-10-01","02",true,GW_ROBOT_TELCEL_3,2,1,false,false,false,"",151,sms,rob2tel,601
"33401","2026-10-01","02",true,GW_ROBOT_TELCEL_3,2,1,false,false,false,"",153,flash,rob2tel,493
"33401","2026-10-01","02",true,GW_ROBOT_TELCEL_3,2,1,false,false,false,"",153,sms,rob2tel,997
"33401","2026-10-01","02",true,GW_ROBOT_TELCEL_3,2,1,true,false,false,"",67,sms,rob2tel,4
"33401","2026-10-01","02",true,GW_ROBOT_TELCEL_3,2,2,false,false,false,"",6,sms,rob2tel,220
"33401","2026-10-01","02",true,GW_ROBOT_TELCEL_3,2,2,false,false,false,"",8,sms,rob2tel,7
"33401","2026-10-01","02",true,GW_ROBOT_TELCEL_3,2,2,false,false,false,"",9,flash,rob2tel,478
"33401","2026-10-01","02",true,GW_ROBOT_TELCEL_3,2,2,false,false,false,"",9,sms,rob2tel,981
"33401","2026-10-01","02",true,GW_ROBOT_TELCEL_3,2,2,false,false,false,"",10,sms,rob2tel,10
"33401","2026-10-01","02",true,GW_ROBOT_TELCEL_3,2,2,false,false,false,"",11,sms,rob2tel,6
"33401","2026-10-01","02",true,GW_ROBOT_TELCEL_3,2,2,false,false,false,"",12,sms,rob2tel,1
"33401","2026-10-01","02",true,GW_ROBOT_TELCEL_3,2,2,false,false,false,"",13,sms,rob2tel,1
"33401","2026-10-01","02",true,GW_ROBOT_TELCEL_3,2,2,false,false,false,"",14,sms,rob2tel,2
"33401","2026-10-01","02",true,GW_ROBOT_TELCEL_3,2,2,false,false,false,"",15,sms,rob2tel,10
"33401","2026-10-01","02",true,GW_ROBOT_TELCEL_3,2,2,false,false,false,"",16,sms,rob2tel,6
"33401","2026-10-01","02",true,GW_ROBOT_TELCEL_3,2,2,false,false,false,"",17,sms,rob2tel,1
"33401","2026-10-01","02",true,GW_ROBOT_TELCEL_3,2,2,false,false,false,"",18,sms,rob2tel,5
"33401","2026-10-01","02",true,GW_ROBOT_TELCEL_3,2,2,false,false,false,"",21,sms,rob2tel,7
"33401","2026-10-01","02",true,GW_ROBOT_TELCEL_3,2,2,false,false,false,"",22,sms,rob2tel,2
"33401","2026-10-01","02",true,GW_ROBOT_TELCEL_3,2,2,false,false,false,"",23,sms,rob2tel,1
"33401","2026-10-01","02",true,GW_ROBOT_TELCEL_3,2,2,false,false,false,"",24,sms,rob2tel,1
"33401","2026-10-01","02",true,GW_ROBOT_TELCEL_3,2,2,false,false,false,"",25,sms,rob2tel,1
"33401","2026-10-01","02",true,GW_ROBOT_TELCEL_3,2,2,false,false,false,"",27,sms,rob2tel,3
"33401","2026-10-01","02",true,GW_ROBOT_TELCEL_3,2,2,false,false,false,"",28,sms,rob2tel,1
"33401","2026-10-01","02",true,GW_ROBOT_TELCEL_3,2,2,false,false,false,"",29,sms,rob2tel,1
"33401","2026-10-01","02",true,GW_ROBOT_TELCEL_3,2,2,false,false,false,"",30,sms,rob2tel,1
"33401","2026-10-01","02",true,GW_ROBOT_TELCEL_3,2,2,false,false,false,"",31,sms,rob2tel,1
"33401","2026-10-01","02",true,GW_ROBOT_TELCEL_3,2,2,false,false,false,"",32,sms,rob2tel,6
"33401","2026-10-01","02",true,GW_ROBOT_TELCEL_3,2,2,false,false,false,"",33,sms,rob2tel,2
"33401","2026-10-01","02",true,GW_ROBOT_TELCEL_3,2,2,false,false,false,"",34,sms,rob2tel,2
"33401","2026-10-01","02",true,GW_ROBOT_TELCEL_3,2,2,false,false,false,"",35,sms,rob2tel,4
"33401","2026-10-01","02",true,GW_ROBOT_TELCEL_3,2,2,false,false,false,"",38,sms,rob2tel,1
"33401","2026-10-01","02",true,GW_ROBOT_TELCEL_3,2,2,false,false,false,"",40,sms,rob2tel,2
"33401","2026-10-01","02",true,GW_ROBOT_TELCEL_3,2,2,false,false,false,"",41,sms,rob2tel,1
"33401","2026-10-01","02",true,GW_ROBOT_TELCEL_3,2,2,false,false,false,"",42,sms,rob2tel,2
"33401","2026-10-01","02",true,GW_ROBOT_TELCEL_3,2,2,false,false,false,"",43,sms,rob2tel,1
"33401","2026-10-01","02",true,GW_ROBOT_TELCEL_3,2,2,false,false,false,"",45,sms,rob2tel,3
"33401","2026-10-01","02",true,GW_ROBOT_TELCEL_3,2,2,false,false,false,"",46,sms,rob2tel,2
"33401","2026-10-01","02",true,GW_ROBOT_TELCEL_3,2,2,false,false,false,"",48,sms,rob2tel,2
"33401","2026-10-01","02",true,GW_ROBOT_TELCEL_3,2,2,false,false,false,"",49,sms,rob2tel,7
"33401","2026-10-01","02",true,GW_ROBOT_TELCEL_3,2,2,false,false,false,"",52,sms,rob2tel,3
"33401","2026-10-01","02",true,GW_ROBOT_TELCEL_3,2,2,false,false,false,"",54,sms,rob2tel,1
"33401","2026-10-01","02",true,GW_ROBOT_TELCEL_3,2,2,false,false,false,"",60,sms,rob2tel,2
"33401","2026-10-01","02",true,GW_ROBOT_TELCEL_3,2,2,false,false,false,"",63,sms,rob2tel,1
"33401","2026-10-01","02",true,GW_ROBOT_TELCEL_3,2,2,false,false,false,"",64,sms,rob2tel,1
"33401","2026-10-01","02",true,GW_ROBOT_TELCEL_3,2,2,false,false,false,"",65,sms,rob2tel,2
"33401","2026-10-01","02",true,GW_ROBOT_TELCEL_3,2,2,false,false,false,"",68,sms,rob2tel,1
"33401","2026-10-01","02",true,GW_ROBOT_TELCEL_3,2,2,false,false,false,"",69,sms,rob2tel,94
"33401","2026-10-01","02",true,GW_ROBOT_TELCEL_3,2,2,false,false,false,"",70,sms,rob2tel,41
"33401","2026-10-01","02",true,GW_ROBOT_TELCEL_3,2,2,false,false,false,"",71,sms,rob2tel,37
"33401","2026-10-01","02",true,GW_ROBOT_TELCEL_3,2,2,false,false,false,"",72,sms,rob2tel,66
"33401","2026-10-01","02",true,GW_ROBOT_TELCEL_3,2,2,false,false,false,"",73,sms,rob2tel,4
"33401","2026-10-01","02",true,GW_ROBOT_TELCEL_3,2,2,false,false,false,"",76,sms,rob2tel,1
"33401","2026-10-01","02",true,GW_ROBOT_TELCEL_3,2,2,false,false,false,"",77,sms,rob2tel,3
"33401","2026-10-01","02",true,GW_ROBOT_TELCEL_3,2,2,false,false,false,"",79,sms,rob2tel,2
"33401","2026-10-01","02",true,GW_ROBOT_TELCEL_3,2,2,false,false,false,"",82,sms,rob2tel,1
"33401","2026-10-01","02",true,GW_ROBOT_TELCEL_3,2,2,false,false,false,"",83,sms,rob2tel,2
"33401","2026-10-01","02",true,GW_ROBOT_TELCEL_3,2,2,false,false,false,"",88,sms,rob2tel,3
"33401","2026-10-01","02",true,GW_ROBOT_TELCEL_3,2,2,false,false,false,"",89,sms,rob2tel,1
"33401","2026-10-01","02",true,GW_ROBOT_TELCEL_3,2,2,false,false,false,"",90,sms,rob2tel,1
"33401","2026-10-01","02",true,GW_ROBOT_TELCEL_3,2,2,false,false,false,"",92,sms,rob2tel,2
"33401","2026-10-01","02",true,GW_ROBOT_TELCEL_3,2,2,false,false,false,"",93,sms,rob2tel,3
"33401","2026-10-01","02",true,GW_ROBOT_TELCEL_3,2,2,false,false,false,"",96,sms,rob2tel,1
"33401","2026-10-01","02",true,GW_ROBOT_TELCEL_3,2,2,false,false,false,"",104,sms,rob2tel,1
"33401","2026-10-01","02",true,GW_ROBOT_TELCEL_3,2,2,false,false,false,"",105,sms,rob2tel,1
"33401","2026-10-01","02",true,GW_ROBOT_TELCEL_3,2,2,false,false,false,"",109,sms,rob2tel,1
"33401","2026-10-01","02",true,GW_ROBOT_TELCEL_3,2,2,false,false,false,"",112,sms,rob2tel,1
"33401","2026-10-01","02",true,GW_ROBOT_TELCEL_3,2,2,false,false,false,"",114,sms,rob2tel,1
"33401","2026-10-01","02",true,GW_ROBOT_TELCEL_3,2,2,false,false,false,"",116,sms,rob2tel,1
"33401","2026-10-01","02",true,GW_ROBOT_TELCEL_3,2,2,false,false,false,"",117,sms,rob2tel,3
"33401","2026-10-01","02",true,GW_ROBOT_TELCEL_3,2,2,false,false,false,"",118,sms,rob2tel,1
"33401","2026-10-01","02",true,GW_ROBOT_TELCEL_3,2,2,false,false,false,"",119,sms,rob2tel,1
"33401","2026-10-01","02",true,GW_ROBOT_TELCEL_3,2,2,false,false,false,"",121,sms,rob2tel,1
"33401","2026-10-01","02",true,GW_ROBOT_TELCEL_3,2,2,false,false,false,"",124,sms,rob2tel,2
"33401","2026-10-01","02",true,GW_ROBOT_TELCEL_3,2,2,false,false,false,"",125,sms,rob2tel,5
"33401","2026-10-01","02",true,GW_ROBOT_TELCEL_3,2,2,false,false,false,"",126,sms,rob2tel,4
"33401","2026-10-01","02",true,GW_ROBOT_TELCEL_3,2,2,false,false,false,"",127,sms,rob2tel,1
"33401","2026-10-01","02",true,GW_ROBOT_TELCEL_3,2,2,false,false,false,"",128,sms,rob2tel,3
"33401","2026-10-01","02",true,GW_ROBOT_TELCEL_3,2,2,false,false,false,"",129,sms,rob2tel,1
"33401","2026-10-01","02",true,GW_ROBOT_TELCEL_3,2,2,false,false,false,"",132,sms,rob2tel,1
"33401","2026-10-01","02",true,GW_ROBOT_TELCEL_3,2,2,false,false,false,"",133,sms,rob2tel,4
"33401","2026-10-01","02",true,GW_ROBOT_TELCEL_3,2,2,false,false,false,"",134,sms,rob2tel,1
"33401","2026-10-01","02",true,GW_ROBOT_TELCEL_3,2,2,true,false,false,"",57,sms,rob2tel,2
"33401","2026-10-01","02",true,GW_ROBOT_TELCEL_3,2,2,true,false,false,"",59,sms,rob2tel,2
"33401","2026-10-01","02",true,GW_ROBOT_TELCEL_3,3,1,false,false,false,"",134,sms,rob2tel,40
"33401","2026-10-01","02",true,GW_ROBOT_TELCEL_3,3,1,false,false,false,"",151,sms,rob2tel,52
"33401","2026-10-01","02",true,GW_ROBOT_TELCEL_3,3,2,false,false,false,"",134,sms,rob2tel,34
"33401","2026-10-01","02",true,GW_ROBOT_TELCEL_3,3,2,false,false,false,"",153,sms,rob2tel,56
"33401","2026-10-01","02",true,GW_ROBOT_TELCEL_3,3,3,false,false,false,"",1,sms,rob2tel,1
"33401","2026-10-01","02",true,GW_ROBOT_TELCEL_3,3,3,false,false,false,"",2,sms,rob2tel,2
"33401","2026-10-01","02",true,GW_ROBOT_TELCEL_3,3,3,false,false,false,"",3,sms,rob2tel,4
"33401","2026-10-01","02",true,GW_ROBOT_TELCEL_3,3,3,false,false,false,"",6,sms,rob2tel,1
"33401","2026-10-01","02",true,GW_ROBOT_TELCEL_3,3,3,false,false,false,"",7,sms,rob2tel,4
"33401","2026-10-01","02",true,GW_ROBOT_TELCEL_3,3,3,false,false,false,"",8,sms,rob2tel,1
"33401","2026-10-01","02",true,GW_ROBOT_TELCEL_3,3,3,false,false,false,"",9,sms,rob2tel,3
"33401","2026-10-01","02",true,GW_ROBOT_TELCEL_3,3,3,false,false,false,"",10,sms,rob2tel,1
"33401","2026-10-01","02",true,GW_ROBOT_TELCEL_3,3,3,false,false,false,"",12,sms,rob2tel,2
"33401","2026-10-01","02",true,GW_ROBOT_TELCEL_3,3,3,false,false,false,"",13,sms,rob2tel,5
"33401","2026-10-01","02",true,GW_ROBOT_TELCEL_3,3,3,false,false,false,"",14,sms,rob2tel,1
"33401","2026-10-01","02",true,GW_ROBOT_TELCEL_3,3,3,false,false,false,"",18,sms,rob2tel,1
"33401","2026-10-01","02",true,GW_ROBOT_TELCEL_3,3,3,false,false,false,"",19,sms,rob2tel,2
"33401","2026-10-01","02",true,GW_ROBOT_TELCEL_3,3,3,false,false,false,"",22,sms,rob2tel,2
"33401","2026-10-01","02",true,GW_ROBOT_TELCEL_3,3,3,false,false,false,"",25,sms,rob2tel,1
"33401","2026-10-01","02",true,GW_ROBOT_TELCEL_3,3,3,false,false,false,"",28,sms,rob2tel,1
"33401","2026-10-01","02",true,GW_ROBOT_TELCEL_3,3,3,false,false,false,"",31,sms,rob2tel,2
"33401","2026-10-01","02",true,GW_ROBOT_TELCEL_3,3,3,false,false,false,"",33,sms,rob2tel,1
"33401","2026-10-01","02",true,GW_ROBOT_TELCEL_3,3,3,false,false,false,"",42,sms,rob2tel,1
"33401","2026-10-01","02",true,GW_ROBOT_TELCEL_3,3,3,false,false,false,"",47,sms,rob2tel,1
"33401","2026-10-01","02",true,GW_ROBOT_TELCEL_3,3,3,false,false,false,"",76,sms,rob2tel,2
"33401","2026-10-01","02",true,GW_ROBOT_TELCEL_3,3,3,false,false,false,"",77,sms,rob2tel,1
"33401","2026-10-01","02",true,GW_ROBOT_TELCEL_3,3,3,false,false,false,"",78,sms,rob2tel,3
"33401","2026-10-01","02",true,GW_ROBOT_TELCEL_3,3,3,false,false,false,"",79,sms,rob2tel,4
"33401","2026-10-01","02",true,GW_ROBOT_TELCEL_3,3,3,false,false,false,"",80,sms,rob2tel,4
"33401","2026-10-01","02",true,GW_ROBOT_TELCEL_3,3,3,false,false,false,"",81,sms,rob2tel,2
"33401","2026-10-01","02",true,GW_ROBOT_TELCEL_3,3,3,false,false,false,"",82,sms,rob2tel,5
"33401","2026-10-01","02",true,GW_ROBOT_TELCEL_3,3,3,false,false,false,"",83,sms,rob2tel,1
"33401","2026-10-01","02",true,GW_ROBOT_TELCEL_3,3,3,false,false,false,"",84,sms,rob2tel,1
"33401","2026-10-01","02",true,GW_ROBOT_TELCEL_3,3,3,false,false,false,"",85,sms,rob2tel,2
"33401","2026-10-01","02",true,GW_ROBOT_TELCEL_3,3,3,false,false,false,"",86,sms,rob2tel,5
"33401","2026-10-01","02",true,GW_ROBOT_TELCEL_3,3,3,false,false,false,"",87,sms,rob2tel,2
"33401","2026-10-01","02",true,GW_ROBOT_TELCEL_3,3,3,false,false,false,"",88,sms,rob2tel,2
"33401","2026-10-01","02",true,GW_ROBOT_TELCEL_3,3,3,false,false,false,"",126,sms,rob2tel,4
"33401","2026-10-01","02",true,ROBOCOM-MOVISTAR,1,0,false,false,false,"",24,sms,ROBOCOM_SMS,6
"33401","2026-10-01","02",true,ROBOCOM-MOVISTAR,1,0,false,false,false,"",129,sms,ROBOCOM_SMS,1
"33401","2026-10-01","02",true,ROBOCOM-MOVISTAR,1,0,false,false,false,"",130,sms,ROBOCOM_SMS,1
"33401","2026-10-01","02",true,ROBOCOM-MOVISTAR,1,0,false,false,false,"",131,sms,ROBOCOM_SMS,1
"33401","2026-10-01","02",true,ROBOCOM-MOVISTAR,1,0,false,false,false,"",132,sms,ROBOCOM_SMS,2
"33401","2026-10-01","02",true,ROBOCOM-MOVISTAR,1,0,false,false,false,"",135,sms,ROBOCOM_SMS,2
"33401","2026-10-01","02",true,ROBOCOM-MOVISTAR,1,0,false,false,false,"",136,sms,ROBOCOM_SMS,1
"33401","2026-10-01","02",true,ROBOCOM-MOVISTAR,1,0,false,false,false,"",137,sms,ROBOCOM_SMS,31
"33401","2026-10-01","02",true,ROBOCOM-MOVISTAR,1,0,false,false,false,"",140,flash,ROBOCOM_SMS,1
"33401","2026-10-01","02",true,ROBOCOM-MOVISTAR,1,0,false,false,false,"",140,sms,ROBOCOM_SMS,1
"33401","2026-10-01","02",true,ROBOCOM-MOVISTAR,1,0,false,false,false,"",145,flash,ROBOCOM_SMS,2
"33401","2026-10-01","02",true,ROBOCOM-MOVISTAR,1,0,false,false,false,"",145,sms,ROBOCOM_SMS,1
"33401","2026-10-01","02",true,ROBOCOM-MOVISTAR,1,0,false,false,false,"",146,sms,ROBOCOM_SMS,2
"33401","2026-10-01","02",true,ROBOCOM-MOVISTAR,1,0,false,false,false,"",147,sms,ROBOCOM_SMS,1
"33401","2026-10-01","02",true,ROBOCOM-MOVISTAR,1,0,false,false,false,"",148,sms,ROBOCOM_SMS,2
"33401","2026-10-01","02",true,ROBOCOM-MOVISTAR,1,0,false,false,false,"",149,sms,ROBOCOM_SMS,6
"33401","2026-10-01","02",true,ROBOCOM-MOVISTAR,1,0,false,false,false,"",150,sms,ROBOCOM_SMS,3
"33401","2026-10-01","02",true,ROBOCOM-MOVISTAR,1,0,false,false,false,"",151,flash,ROBOCOM_SMS,24
"33401","2026-10-01","02",true,ROBOCOM-MOVISTAR,1,0,false,false,false,"",151,sms,ROBOCOM_SMS,3
"33401","2026-10-01","02",true,ROBOCOM-MOVISTAR,1,0,false,false,false,"",152,sms,ROBOCOM_SMS,3
"33401","2026-10-01","02",true,ROBOCOM-MOVISTAR,1,0,false,false,false,"",153,sms,ROBOCOM_SMS,4
"33401","2026-10-01","02",true,ROBOCOM-MOVISTAR,1,0,false,false,false,"",154,sms,ROBOCOM_SMS,6
"33401","2026-10-01","02",true,ROBOCOM-MOVISTAR,1,0,false,false,false,"",155,sms,ROBOCOM_SMS,4
"33401","2026-10-01","02",true,ROBOCOM-MOVISTAR,1,0,false,false,false,"",156,sms,ROBOCOM_SMS,7
"33401","2026-10-01","02",true,ROBOCOM-MOVISTAR,1,0,false,false,false,"",157,sms,ROBOCOM_SMS,8
"33401","2026-10-01","02",true,ROBOCOM-MOVISTAR,1,0,false,false,false,"",158,sms,ROBOCOM_SMS,3
"33401","2026-10-01","02",true,ROBOCOM-MOVISTAR,1,0,false,false,false,"",159,sms,ROBOCOM_SMS,4
"33401","2026-10-01","02",true,ROBOCOM-MOVISTAR,1,0,false,false,false,"",160,sms,ROBOCOM_SMS,1
"33401","2026-10-01","02",true,ROBOCOM-MOVISTAR,2,1,false,false,false,"",134,sms,ROBOCOM_SMS,1
"33401","2026-10-01","02",true,ROBOCOM-MOVISTAR,2,1,false,false,false,"",153,sms,ROBOCOM_SMS,25
"33401","2026-10-01","02",true,ROBOCOM-MOVISTAR,2,1,true,false,false,"",67,sms,ROBOCOM_SMS,4
"33401","2026-10-01","02",true,ROBOCOM-MOVISTAR,2,2,false,false,false,"",9,flash,ROBOCOM_SMS,85
"33401","2026-10-01","02",true,ROBOCOM-MOVISTAR,2,2,false,false,false,"",9,sms,ROBOCOM_SMS,176
"33401","2026-10-01","02",true,ROBOCOM-MOVISTAR,2,2,false,false,false,"",49,sms,ROBOCOM_SMS,1
"33401","2026-10-01","02",true,ROBOCOM-MOVISTAR,2,2,false,false,false,"",132,sms,ROBOCOM_SMS,1
"33401","2026-10-01","02",true,ROBOCOM-MOVISTAR,2,2,true,false,false,"",57,sms,ROBOCOM_SMS,2
"33401","2026-10-01","02",true,ROBOCOM-MOVISTAR,2,2,true,false,false,"",59,sms,ROBOCOM_SMS,2
"33401","2026-10-01","02",true,ROBOCOM-MOVISTAR,3,1,false,false,false,"",134,sms,ROBOCOM_SMS,2
"33401","2026-10-01","02",true,ROBOCOM-MOVISTAR,3,2,false,false,false,"",134,sms,ROBOCOM_SMS,2
"33401","2026-10-01","02",true,ROBOCOM-MOVISTAR,3,3,false,false,false,"",8,sms,ROBOCOM_SMS,1
"33401","2026-10-01","02",true,ROBOCOM-MOVISTAR,3,3,false,false,false,"",15,sms,ROBOCOM_SMS,1
"33401","2026-10-01","03",false,ROBOCOM-MOVISTAR,1,0,false,true,false,ESME_RSUBMITFAIL,109,flash,ROBOCOM_SMS,34
"33401","2026-10-01","03",false,ROBOCOM-MOVISTAR,1,0,false,true,false,ESME_RSUBMITFAIL,110,flash,ROBOCOM_SMS,5
"33401","2026-10-01","03",false,ROBOCOM-MOVISTAR,1,0,false,true,false,ESME_RSUBMITFAIL,120,sms,ROBOCOM_SMS,1
"33401","2026-10-01","03",false,ROBOCOM-MOVISTAR,1,0,false,true,false,ESME_RSUBMITFAIL,125,flash,ROBOCOM_SMS,15
"33401","2026-10-01","03",false,ROBOCOM-MOVISTAR,1,0,false,true,false,ESME_RSUBMITFAIL,154,sms,ROBOCOM_SMS,1
"33401","2026-10-01","03",false,ROBOCOM-MOVISTAR,1,0,false,true,false,ESME_RSUBMITFAIL,157,flash,ROBOCOM_SMS,68
"33401","2026-10-01","03",false,ROBOCOM-MOVISTAR,1,0,false,true,false,ESME_RSUBMITFAIL,158,sms,ROBOCOM_SMS,3
"33401","2026-10-01","03",false,ROBOCOM-MOVISTAR,1,0,false,true,false,ESME_RTHROTTLED,157,flash,ROBOCOM_SMS,10
"33401","2026-10-01","03",false,ROBOCOM-MOVISTAR,2,1,false,true,false,ESME_RSUBMITFAIL,153,sms,ROBOCOM_SMS,1
"33401","2026-10-01","03",false,alestra,1,0,false,true,false,ESME_RINVSRCADR,137,sms,"",1
"33401","2026-10-01","03",true,GW_ROBOT_TELCEL_2,1,0,false,false,false,"",14,sms,rob2tel,3
"33401","2026-10-01","03",true,GW_ROBOT_TELCEL_2,1,0,false,false,false,"",20,sms,rob2tel,1
"33401","2026-10-01","03",true,GW_ROBOT_TELCEL_2,1,0,false,false,false,"",24,sms,rob2tel,3
"33401","2026-10-01","03",true,GW_ROBOT_TELCEL_2,1,0,false,false,false,"",30,sms,rob2tel,6
"33401","2026-10-01","03",true,GW_ROBOT_TELCEL_2,1,0,false,false,false,"",33,sms,rob2tel,3
"33401","2026-10-01","03",true,GW_ROBOT_TELCEL_2,1,0,false,false,false,"",40,sms,rob2tel,1
"33401","2026-10-01","03",true,GW_ROBOT_TELCEL_2,1,0,false,false,false,"",41,sms,rob2tel,9
"33401","2026-10-01","03",true,GW_ROBOT_TELCEL_2,1,0,false,false,false,"",42,sms,rob2tel,1
"33401","2026-10-01","03",true,GW_ROBOT_TELCEL_2,1,0,false,false,false,"",44,sms,rob2tel,43
"33401","2026-10-01","03",true,GW_ROBOT_TELCEL_2,1,0,false,false,false,"",45,sms,rob2tel,5
"33401","2026-10-01","03",true,GW_ROBOT_TELCEL_2,1,0,false,false,false,"",48,sms,rob2tel,3
"33401","2026-10-01","03",true,GW_ROBOT_TELCEL_2,1,0,false,false,false,"",51,sms,rob2tel,1
"33401","2026-10-01","03",true,GW_ROBOT_TELCEL_2,1,0,false,false,false,"",56,sms,rob2tel,3
"33401","2026-10-01","03",true,GW_ROBOT_TELCEL_2,1,0,false,false,false,"",57,sms,rob2tel,1
"33401","2026-10-01","03",true,GW_ROBOT_TELCEL_2,1,0,false,false,false,"",59,sms,rob2tel,8
"33401","2026-10-01","03",true,GW_ROBOT_TELCEL_2,1,0,false,false,false,"",60,sms,rob2tel,3
"33401","2026-10-01","03",true,GW_ROBOT_TELCEL_2,1,0,false,false,false,"",68,sms,rob2tel,44
"33401","2026-10-01","03",true,GW_ROBOT_TELCEL_2,1,0,false,false,false,"",69,sms,rob2tel,11
"33401","2026-10-01","03",true,GW_ROBOT_TELCEL_2,1,0,false,false,false,"",70,sms,rob2tel,2
"33401","2026-10-01","03",true,GW_ROBOT_TELCEL_2,1,0,false,false,false,"",71,sms,rob2tel,2
"33401","2026-10-01","03",true,GW_ROBOT_TELCEL_2,1,0,false,false,false,"",72,sms,rob2tel,1
"33401","2026-10-01","03",true,GW_ROBOT_TELCEL_2,1,0,false,false,false,"",73,sms,rob2tel,3
"33401","2026-10-01","03",true,GW_ROBOT_TELCEL_2,1,0,false,false,false,"",74,sms,rob2tel,405
"33401","2026-10-01","03",true,GW_ROBOT_TELCEL_2,1,0,false,false,false,"",75,sms,rob2tel,2
"33401","2026-10-01","03",true,GW_ROBOT_TELCEL_2,1,0,false,false,false,"",76,sms,rob2tel,13
"33401","2026-10-01","03",true,GW_ROBOT_TELCEL_2,1,0,false,false,false,"",77,sms,rob2tel,18
"33401","2026-10-01","03",true,GW_ROBOT_TELCEL_2,1,0,false,false,false,"",79,sms,rob2tel,17
"33401","2026-10-01","03",true,GW_ROBOT_TELCEL_2,1,0,false,false,false,"",80,sms,rob2tel,46
"33401","2026-10-01","03",true,GW_ROBOT_TELCEL_2,1,0,false,false,false,"",81,sms,rob2tel,109
"33401","2026-10-01","03",true,GW_ROBOT_TELCEL_2,1,0,false,false,false,"",82,sms,rob2tel,12
"33401","2026-10-01","03",true,GW_ROBOT_TELCEL_2,1,0,false,false,false,"",83,sms,rob2tel,1
"33401","2026-10-01","03",true,GW_ROBOT_TELCEL_2,1,0,false,false,false,"",84,sms,rob2tel,27
"33401","2026-10-01","03",true,GW_ROBOT_TELCEL_2,1,0,false,false,false,"",87,sms,rob2tel,5
"33401","2026-10-01","03",true,GW_ROBOT_TELCEL_2,1,0,false,false,false,"",88,sms,rob2tel,4
"33401","2026-10-01","03",true,GW_ROBOT_TELCEL_2,1,0,false,false,false,"",89,sms,rob2tel,2
"33401","2026-10-01","03",true,GW_ROBOT_TELCEL_2,1,0,false,false,false,"",93,sms,rob2tel,2
"33401","2026-10-01","03",true,GW_ROBOT_TELCEL_2,1,0,false,false,false,"",94,sms,rob2tel,8
"33401","2026-10-01","03",true,GW_ROBOT_TELCEL_2,1,0,false,false,false,"",95,sms,rob2tel,7
"33401","2026-10-01","03",true,GW_ROBOT_TELCEL_2,1,0,false,false,false,"",96,sms,rob2tel,7
"33401","2026-10-01","03",true,GW_ROBOT_TELCEL_2,1,0,false,false,false,"",97,sms,rob2tel,6
"33401","2026-10-01","03",true,GW_ROBOT_TELCEL_2,1,0,false,false,false,"",98,sms,rob2tel,18
"33401","2026-10-01","03",true,GW_ROBOT_TELCEL_2,1,0,false,false,false,"",99,sms,rob2tel,263
"33401","2026-10-01","03",true,GW_ROBOT_TELCEL_2,1,0,false,false,false,"",100,sms,rob2tel,7
"33401","2026-10-01","03",true,GW_ROBOT_TELCEL_2,1,0,false,false,false,"",101,sms,rob2tel,249
"33401","2026-10-01","03",true,GW_ROBOT_TELCEL_2,1,0,false,false,false,"",102,sms,rob2tel,295
"33401","2026-10-01","03",true,GW_ROBOT_TELCEL_2,1,0,false,false,false,"",104,sms,rob2tel,88
"33401","2026-10-01","03",true,GW_ROBOT_TELCEL_2,1,0,false,false,false,"",105,sms,rob2tel,153
"33401","2026-10-01","03",true,GW_ROBOT_TELCEL_2,1,0,false,false,false,"",106,sms,rob2tel,12
"33401","2026-10-01","03",true,GW_ROBOT_TELCEL_2,1,0,false,false,false,"",107,sms,rob2tel,14
"33401","2026-10-01","03",true,GW_ROBOT_TELCEL_2,1,0,false,false,false,"",108,sms,rob2tel,48
"33401","2026-10-01","03",true,GW_ROBOT_TELCEL_2,1,0,false,false,false,"",109,flash,rob2tel,116
"33401","2026-10-01","03",true,GW_ROBOT_TELCEL_2,1,0,false,false,false,"",109,sms,rob2tel,10
"33401","2026-10-01","03",true,GW_ROBOT_TELCEL_2,1,0,false,false,false,"",110,flash,rob2tel,11
"33401","2026-10-01","03",true,GW_ROBOT_TELCEL_2,1,0,false,false,false,"",110,sms,rob2tel,8
"33401","2026-10-01","03",true,GW_ROBOT_TELCEL_2,1,0,false,false,false,"",111,sms,rob2tel,15
"33401","2026-10-01","03",true,GW_ROBOT_TELCEL_2,1,0,false,false,false,"",112,sms,rob2tel,9
"33401","2026-10-01","03",true,GW_ROBOT_TELCEL_2,1,0,false,false,false,"",113,sms,rob2tel,5
"33401","2026-10-01","03",true,GW_ROBOT_TELCEL_2,1,0,false,false,false,"",114,sms,rob2tel,1
"33401","2026-10-01","03",true,GW_ROBOT_TELCEL_2,1,0,false,false,false,"",115,sms,rob2tel,30
"33401","2026-10-01","03",true,GW_ROBOT_TELCEL_2,1,0,false,false,false,"",116,sms,rob2tel,27
"33401","2026-10-01","03",true,GW_ROBOT_TELCEL_2,1,0,false,false,false,"",117,sms,rob2tel,31
"33401","2026-10-01","03",true,GW_ROBOT_TELCEL_2,1,0,false,false,false,"",118,sms,rob2tel,15
"33401","2026-10-01","03",true,GW_ROBOT_TELCEL_2,1,0,false,false,false,"",119,sms,rob2tel,9
"33401","2026-10-01","03",true,GW_ROBOT_TELCEL_2,1,0,false,false,false,"",120,sms,rob2tel,17
"33401","2026-10-01","03",true,GW_ROBOT_TELCEL_2,1,0,false,false,false,"",121,sms,rob2tel,2
"33401","2026-10-01","03",true,GW_ROBOT_TELCEL_2,1,0,false,false,false,"",122,sms,rob2tel,5
"33401","2026-10-01","03",true,GW_ROBOT_TELCEL_2,1,0,false,false,false,"",123,sms,rob2tel,9
"33401","2026-10-01","03",true,GW_ROBOT_TELCEL_2,1,0,false,false,false,"",124,sms,rob2tel,43
"33401","2026-10-01","03",true,GW_ROBOT_TELCEL_2,1,0,false,false,false,"",125,flash,rob2tel,68
"33401","2026-10-01","03",true,GW_ROBOT_TELCEL_2,1,0,false,false,false,"",125,sms,rob2tel,1
"33401","2026-10-01","03",true,GW_ROBOT_TELCEL_2,1,0,false,false,false,"",126,sms,rob2tel,4
"33401","2026-10-01","03",true,GW_ROBOT_TELCEL_2,1,0,false,false,false,"",127,sms,rob2tel,3
"33401","2026-10-01","03",true,GW_ROBOT_TELCEL_2,1,0,false,false,false,"",128,sms,rob2tel,11
"33401","2026-10-01","03",true,GW_ROBOT_TELCEL_2,1,0,false,false,false,"",129,sms,rob2tel,2
"33401","2026-10-01","03",true,GW_ROBOT_TELCEL_2,1,0,false,false,false,"",130,sms,rob2tel,36
"33401","2026-10-01","03",true,GW_ROBOT_TELCEL_2,1,0,false,false,false,"",131,sms,rob2tel,30
"33401","2026-10-01","03",true,GW_ROBOT_TELCEL_2,1,0,false,false,false,"",132,sms,rob2tel,32
"33401","2026-10-01","03",true,GW_ROBOT_TELCEL_2,1,0,false,false,false,"",133,sms,rob2tel,13
"33401","2026-10-01","03",true,GW_ROBOT_TELCEL_2,1,0,false,false,false,"",134,sms,rob2tel,4
"33401","2026-10-01","03",true,GW_ROBOT_TELCEL_2,1,0,false,false,false,"",135,sms,rob2tel,7
"33401","2026-10-01","03",true,GW_ROBOT_TELCEL_2,1,0,false,false,false,"",136,sms,rob2tel,22
"33401","2026-10-01","03",true,GW_ROBOT_TELCEL_2,1,0,false,false,false,"",137,sms,rob2tel,4
"33401","2026-10-01","03",true,GW_ROBOT_TELCEL_2,1,0,false,false,false,"",138,sms,rob2tel,7
"33401","2026-10-01","03",true,GW_ROBOT_TELCEL_2,1,0,false,false,false,"",139,sms,rob2tel,3
"33401","2026-10-01","03",true,GW_ROBOT_TELCEL_2,1,0,false,false,false,"",140,sms,rob2tel,7
"33401","2026-10-01","03",true,GW_ROBOT_TELCEL_2,1,0,false,false,false,"",141,sms,rob2tel,142
"33401","2026-10-01","03",true,GW_ROBOT_TELCEL_2,1,0,false,false,false,"",142,sms,rob2tel,26
"33401","2026-10-01","03",true,GW_ROBOT_TELCEL_2,1,0,false,false,false,"",143,sms,rob2tel,2
"33401","2026-10-01","03",true,GW_ROBOT_TELCEL_2,1,0,false,false,false,"",144,sms,rob2tel,51
"33401","2026-10-01","03",true,GW_ROBOT_TELCEL_2,1,0,false,false,false,"",145,sms,rob2tel,15
"33401","2026-10-01","03",true,GW_ROBOT_TELCEL_2,1,0,false,false,false,"",146,sms,rob2tel,11
"33401","2026-10-01","03",true,GW_ROBOT_TELCEL_2,1,0,false,false,false,"",147,sms,rob2tel,21
"33401","2026-10-01","03",true,GW_ROBOT_TELCEL_2,1,0,false,false,false,"",148,sms,rob2tel,36
"33401","2026-10-01","03",true,GW_ROBOT_TELCEL_2,1,0,false,false,false,"",149,sms,rob2tel,2
"33401","2026-10-01","03",true,GW_ROBOT_TELCEL_2,1,0,false,false,false,"",150,sms,rob2tel,4
"33401","2026-10-01","03",true,GW_ROBOT_TELCEL_2,1,0,false,false,false,"",151,sms,rob2tel,35
"33401","2026-10-01","03",true,GW_ROBOT_TELCEL_2,1,0,false,false,false,"",152,sms,rob2tel,1
"33401","2026-10-01","03",true,GW_ROBOT_TELCEL_2,1,0,false,false,false,"",153,sms,rob2tel,6
"33401","2026-10-01","03",true,GW_ROBOT_TELCEL_2,1,0,false,false,false,"",154,sms,rob2tel,88
"33401","2026-10-01","03",true,GW_ROBOT_TELCEL_2,1,0,false,false,false,"",155,sms,rob2tel,5
"33401","2026-10-01","03",true,GW_ROBOT_TELCEL_2,1,0,false,false,false,"",156,sms,rob2tel,4
"33401","2026-10-01","03",true,GW_ROBOT_TELCEL_2,1,0,false,false,false,"",157,flash,rob2tel,209
"33401","2026-10-01","03",true,GW_ROBOT_TELCEL_2,1,0,false,false,false,"",157,sms,rob2tel,2
"33401","2026-10-01","03",true,GW_ROBOT_TELCEL_2,1,0,false,false,false,"",158,sms,rob2tel,51
"33401","2026-10-01","03",true,GW_ROBOT_TELCEL_2,1,0,false,false,false,"",159,sms,rob2tel,3
"33401","2026-10-01","03",true,GW_ROBOT_TELCEL_2,1,0,false,false,false,"",160,sms,rob2tel,1
"33401","2026-10-01","03",true,GW_ROBOT_TELCEL_2,2,1,false,false,false,"",134,sms,rob2tel,96
"33401","2026-10-01","03",true,GW_ROBOT_TELCEL_2,2,1,false,false,false,"",151,sms,rob2tel,310
"33401","2026-10-01","03",true,GW_ROBOT_TELCEL_2,2,1,false,false,false,"",153,sms,rob2tel,17
"33401","2026-10-01","03",true,GW_ROBOT_TELCEL_2,2,2,false,false,false,"",8,sms,rob2tel,23
"33401","2026-10-01","03",true,GW_ROBOT_TELCEL_2,2,2,false,false,false,"",9,sms,rob2tel,6
"33401","2026-10-01","03",true,GW_ROBOT_TELCEL_2,2,2,false,false,false,"",10,sms,rob2tel,2
"33401","2026-10-01","03",true,GW_ROBOT_TELCEL_2,2,2,false,false,false,"",11,sms,rob2tel,5
"33401","2026-10-01","03",true,GW_ROBOT_TELCEL_2,2,2,false,false,false,"",13,sms,rob2tel,1
"33401","2026-10-01","03",true,GW_ROBOT_TELCEL_2,2,2,false,false,false,"",14,sms,rob2tel,1
"33401","2026-10-01","03",true,GW_ROBOT_TELCEL_2,2,2,false,false,false,"",15,sms,rob2tel,8
"33401","2026-10-01","03",true,GW_ROBOT_TELCEL_2,2,2,false,false,false,"",16,sms,rob2tel,3
"33401","2026-10-01","03",true,GW_ROBOT_TELCEL_2,2,2,false,false,false,"",18,sms,rob2tel,4
"33401","2026-10-01","03",true,GW_ROBOT_TELCEL_2,2,2,false,false,false,"",19,sms,rob2tel,1
"33401","2026-10-01","03",true,GW_ROBOT_TELCEL_2,2,2,false,false,false,"",20,sms,rob2tel,5
"33401","2026-10-01","03",true,GW_ROBOT_TELCEL_2,2,2,false,false,false,"",21,sms,rob2tel,4
"33401","2026-10-01","03",true,GW_ROBOT_TELCEL_2,2,2,false,false,false,"",22,sms,rob2tel,2
"33401","2026-10-01","03",true,GW_ROBOT_TELCEL_2,2,2,false,false,false,"",23,sms,rob2tel,80
"33401","2026-10-01","03",true,GW_ROBOT_TELCEL_2,2,2,false,false,false,"",24,sms,rob2tel,2
"33401","2026-10-01","03",true,GW_ROBOT_TELCEL_2,2,2,false,false,false,"",27,sms,rob2tel,3
"33401","2026-10-01","03",true,GW_ROBOT_TELCEL_2,2,2,false,false,false,"",29,sms,rob2tel,1
"33401","2026-10-01","03",true,GW_ROBOT_TELCEL_2,2,2,false,false,false,"",30,sms,rob2tel,2
"33401","2026-10-01","03",true,GW_ROBOT_TELCEL_2,2,2,false,false,false,"",32,sms,rob2tel,2
"33401","2026-10-01","03",true,GW_ROBOT_TELCEL_2,2,2,false,false,false,"",33,sms,rob2tel,1
"33401","2026-10-01","03",true,GW_ROBOT_TELCEL_2,2,2,false,false,false,"",35,sms,rob2tel,2
"33401","2026-10-01","03",true,GW_ROBOT_TELCEL_2,2,2,false,false,false,"",36,sms,rob2tel,1
"33401","2026-10-01","03",true,GW_ROBOT_TELCEL_2,2,2,false,false,false,"",37,sms,rob2tel,4
"33401","2026-10-01","03",true,GW_ROBOT_TELCEL_2,2,2,false,false,false,"",38,sms,rob2tel,1
"33401","2026-10-01","03",true,GW_ROBOT_TELCEL_2,2,2,false,false,false,"",40,sms,rob2tel,101
"33401","2026-10-01","03",true,GW_ROBOT_TELCEL_2,2,2,false,false,false,"",41,sms,rob2tel,2
"33401","2026-10-01","03",true,GW_ROBOT_TELCEL_2,2,2,false,false,false,"",43,sms,rob2tel,3
"33401","2026-10-01","03",true,GW_ROBOT_TELCEL_2,2,2,false,false,false,"",45,sms,rob2tel,2
"33401","2026-10-01","03",true,GW_ROBOT_TELCEL_2,2,2,false,false,false,"",46,sms,rob2tel,1
"33401","2026-10-01","03",true,GW_ROBOT_TELCEL_2,2,2,false,false,false,"",47,sms,rob2tel,3
"33401","2026-10-01","03",true,GW_ROBOT_TELCEL_2,2,2,false,false,false,"",48,sms,rob2tel,1
"33401","2026-10-01","03",true,GW_ROBOT_TELCEL_2,2,2,false,false,false,"",49,sms,rob2tel,4
"33401","2026-10-01","03",true,GW_ROBOT_TELCEL_2,2,2,false,false,false,"",51,sms,rob2tel,1
"33401","2026-10-01","03",true,GW_ROBOT_TELCEL_2,2,2,false,false,false,"",54,sms,rob2tel,1
"33401","2026-10-01","03",true,GW_ROBOT_TELCEL_2,2,2,false,false,false,"",60,sms,rob2tel,1
"33401","2026-10-01","03",true,GW_ROBOT_TELCEL_2,2,2,false,false,false,"",63,sms,rob2tel,1
"33401","2026-10-01","03",true,GW_ROBOT_TELCEL_2,2,2,false,false,false,"",64,sms,rob2tel,1
"33401","2026-10-01","03",true,GW_ROBOT_TELCEL_2,2,2,false,false,false,"",65,sms,rob2tel,2
"33401","2026-10-01","03",true,GW_ROBOT_TELCEL_2,2,2,false,false,false,"",69,sms,rob2tel,54
"33401","2026-10-01","03",true,GW_ROBOT_TELCEL_2,2,2,false,false,false,"",70,sms,rob2tel,25
"33401","2026-10-01","03",true,GW_ROBOT_TELCEL_2,2,2,false,false,false,"",71,sms,rob2tel,21
"33401","2026-10-01","03",true,GW_ROBOT_TELCEL_2,2,2,false,false,false,"",72,sms,rob2tel,26
"33401","2026-10-01","03",true,GW_ROBOT_TELCEL_2,2,2,false,false,false,"",73,sms,rob2tel,2
"33401","2026-10-01","03",true,GW_ROBOT_TELCEL_2,2,2,false,false,false,"",79,sms,rob2tel,2
"33401","2026-10-01","03",true,GW_ROBOT_TELCEL_2,2,2,false,false,false,"",91,sms,rob2tel,2
"33401","2026-10-01","03",true,GW_ROBOT_TELCEL_2,2,2,false,false,false,"",92,sms,rob2tel,3
"33401","2026-10-01","03",true,GW_ROBOT_TELCEL_2,2,2,false,false,false,"",95,sms,rob2tel,1
"33401","2026-10-01","03",true,GW_ROBOT_TELCEL_2,2,2,false,false,false,"",108,sms,rob2tel,1
"33401","2026-10-01","03",true,GW_ROBOT_TELCEL_2,2,2,false,false,false,"",117,sms,rob2tel,2
"33401","2026-10-01","03",true,GW_ROBOT_TELCEL_2,2,2,false,false,false,"",123,sms,rob2tel,1
"33401","2026-10-01","03",true,GW_ROBOT_TELCEL_2,2,2,false,false,false,"",127,sms,rob2tel,1
"33401","2026-10-01","03",true,GW_ROBOT_TELCEL_2,2,2,false,false,false,"",132,sms,rob2tel,1
"33401","2026-10-01","03",true,GW_ROBOT_TELCEL_2,2,2,false,false,false,"",133,sms,rob2tel,1
"33401","2026-10-01","03",true,GW_ROBOT_TELCEL_2,2,2,false,false,false,"",134,sms,rob2tel,1
"33401","2026-10-01","03",true,GW_ROBOT_TELCEL_2,3,1,false,false,false,"",134,sms,rob2tel,15
"33401","2026-10-01","03",true,GW_ROBOT_TELCEL_2,3,1,false,false,false,"",151,sms,rob2tel,56
"33401","2026-10-01","03",true,GW_ROBOT_TELCEL_2,3,2,false,false,false,"",134,sms,rob2tel,17
"33401","2026-10-01","03",true,GW_ROBOT_TELCEL_2,3,2,false,false,false,"",153,sms,rob2tel,49
"33401","2026-10-01","03",true,GW_ROBOT_TELCEL_2,3,3,false,false,false,"",1,sms,rob2tel,2
"33401","2026-10-01","03",true,GW_ROBOT_TELCEL_2,3,3,false,false,false,"",2,sms,rob2tel,2
"33401","2026-10-01","03",true,GW_ROBOT_TELCEL_2,3,3,false,false,false,"",5,sms,rob2tel,4
"33401","2026-10-01","03",true,GW_ROBOT_TELCEL_2,3,3,false,false,false,"",8,sms,rob2tel,4
"33401","2026-10-01","03",true,GW_ROBOT_TELCEL_2,3,3,false,false,false,"",9,sms,rob2tel,2
"33401","2026-10-01","03",true,GW_ROBOT_TELCEL_2,3,3,false,false,false,"",13,sms,rob2tel,3
"33401","2026-10-01","03",true,GW_ROBOT_TELCEL_2,3,3,false,false,false,"",14,sms,rob2tel,2
"33401","2026-10-01","03",true,GW_ROBOT_TELCEL_2,3,3,false,false,false,"",15,sms,rob2tel,1
"33401","2026-10-01","03",true,GW_ROBOT_TELCEL_2,3,3,false,false,false,"",17,sms,rob2tel,1
"33401","2026-10-01","03",true,GW_ROBOT_TELCEL_2,3,3,false,false,false,"",18,sms,rob2tel,1
"33401","2026-10-01","03",true,GW_ROBOT_TELCEL_2,3,3,false,false,false,"",21,sms,rob2tel,1
"33401","2026-10-01","03",true,GW_ROBOT_TELCEL_2,3,3,false,false,false,"",23,sms,rob2tel,1
"33401","2026-10-01","03",true,GW_ROBOT_TELCEL_2,3,3,false,false,false,"",24,sms,rob2tel,2
"33401","2026-10-01","03",true,GW_ROBOT_TELCEL_2,3,3,false,false,false,"",26,sms,rob2tel,1
"33401","2026-10-01","03",true,GW_ROBOT_TELCEL_2,3,3,false,false,false,"",33,sms,rob2tel,1
"33401","2026-10-01","03",true,GW_ROBOT_TELCEL_2,3,3,false,false,false,"",34,sms,rob2tel,2
"33401","2026-10-01","03",true,GW_ROBOT_TELCEL_2,3,3,false,false,false,"",39,sms,rob2tel,1
"33401","2026-10-01","03",true,GW_ROBOT_TELCEL_2,3,3,false,false,false,"",76,sms,rob2tel,2
"33401","2026-10-01","03",true,GW_ROBOT_TELCEL_2,3,3,false,false,false,"",77,sms,rob2tel,3
"33401","2026-10-01","03",true,GW_ROBOT_TELCEL_2,3,3,false,false,false,"",78,sms,rob2tel,2
"33401","2026-10-01","03",true,GW_ROBOT_TELCEL_2,3,3,false,false,false,"",79,sms,rob2tel,3
"33401","2026-10-01","03",true,GW_ROBOT_TELCEL_2,3,3,false,false,false,"",80,sms,rob2tel,6
"33401","2026-10-01","03",true,GW_ROBOT_TELCEL_2,3,3,false,false,false,"",81,sms,rob2tel,5
"33401","2026-10-01","03",true,GW_ROBOT_TELCEL_2,3,3,false,false,false,"",82,sms,rob2tel,1
"33401","2026-10-01","03",true,GW_ROBOT_TELCEL_2,3,3,false,false,false,"",83,sms,rob2tel,1
"33401","2026-10-01","03",true,GW_ROBOT_TELCEL_2,3,3,false,false,false,"",84,sms,rob2tel,1
"33401","2026-10-01","03",true,GW_ROBOT_TELCEL_2,3,3,false,false,false,"",86,sms,rob2tel,5
"33401","2026-10-01","03",true,GW_ROBOT_TELCEL_2,3,3,false,false,false,"",87,sms,rob2tel,6
"33401","2026-10-01","03",true,GW_ROBOT_TELCEL_2,3,3,false,false,false,"",88,sms,rob2tel,1
"33401","2026-10-01","03",true,GW_ROBOT_TELCEL_2,3,3,false,false,false,"",89,sms,rob2tel,1
"33401","2026-10-01","03",true,GW_ROBOT_TELCEL_2,3,3,false,false,false,"",126,sms,rob2tel,7
"33401","2026-10-01","03",true,GW_ROBOT_TELCEL_3,1,0,false,false,false,"",13,sms,rob2tel,2
"33401","2026-10-01","03",true,GW_ROBOT_TELCEL_3,1,0,false,false,false,"",14,sms,rob2tel,2
"33401","2026-10-01","03",true,GW_ROBOT_TELCEL_3,1,0,false,false,false,"",24,sms,rob2tel,3
"33401","2026-10-01","03",true,GW_ROBOT_TELCEL_3,1,0,false,false,false,"",30,sms,rob2tel,6
"33401","2026-10-01","03",true,GW_ROBOT_TELCEL_3,1,0,false,false,false,"",33,sms,rob2tel,2
"33401","2026-10-01","03",true,GW_ROBOT_TELCEL_3,1,0,false,false,false,"",37,sms,rob2tel,1
"33401","2026-10-01","03",true,GW_ROBOT_TELCEL_3,1,0,false,false,false,"",38,sms,rob2tel,5
"33401","2026-10-01","03",true,GW_ROBOT_TELCEL_3,1,0,false,false,false,"",41,sms,rob2tel,9
"33401","2026-10-01","03",true,GW_ROBOT_TELCEL_3,1,0,false,false,false,"",42,sms,rob2tel,1
"33401","2026-10-01","03",true,GW_ROBOT_TELCEL_3,1,0,false,false,false,"",44,sms,rob2tel,55
"33401","2026-10-01","03",true,GW_ROBOT_TELCEL_3,1,0,false,false,false,"",45,sms,rob2tel,3
"33401","2026-10-01","03",true,GW_ROBOT_TELCEL_3,1,0,false,false,false,"",46,sms,rob2tel,1
"33401","2026-10-01","03",true,GW_ROBOT_TELCEL_3,1,0,false,false,false,"",48,sms,rob2tel,4
"33401","2026-10-01","03",true,GW_ROBOT_TELCEL_3,1,0,false,false,false,"",51,sms,rob2tel,1
"33401","2026-10-01","03",true,GW_ROBOT_TELCEL_3,1,0,false,false,false,"",52,sms,rob2tel,1
"33401","2026-10-01","03",true,GW_ROBOT_TELCEL_3,1,0,false,false,false,"",56,sms,rob2tel,5
"33401","2026-10-01","03",true,GW_ROBOT_TELCEL_3,1,0,false,false,false,"",59,sms,rob2tel,10
"33401","2026-10-01","03",true,GW_ROBOT_TELCEL_3,1,0,false,false,false,"",63,sms,rob2tel,2
"33401","2026-10-01","03",true,GW_ROBOT_TELCEL_3,1,0,false,false,false,"",68,sms,rob2tel,46
"33401","2026-10-01","03",true,GW_ROBOT_TELCEL_3,1,0,false,false,false,"",69,sms,rob2tel,12
"33401","2026-10-01","03",true,GW_ROBOT_TELCEL_3,1,0,false,false,false,"",70,sms,rob2tel,4
"33401","2026-10-01","03",true,GW_ROBOT_TELCEL_3,1,0,false,false,false,"",71,sms,rob2tel,2
"33401","2026-10-01","03",true,GW_ROBOT_TELCEL_3,1,0,false,false,false,"",73,sms,rob2tel,2
"33401","2026-10-01","03",true,GW_ROBOT_TELCEL_3,1,0,false,false,false,"",74,sms,rob2tel,367
"33401","2026-10-01","03",true,GW_ROBOT_TELCEL_3,1,0,false,false,false,"",75,sms,rob2tel,4
"33401","2026-10-01","03",true,GW_ROBOT_TELCEL_3,1,0,false,false,false,"",76,sms,rob2tel,16
"33401","2026-10-01","03",true,GW_ROBOT_TELCEL_3,1,0,false,false,false,"",77,sms,rob2tel,18
"33401","2026-10-01","03",true,GW_ROBOT_TELCEL_3,1,0,false,false,false,"",79,sms,rob2tel,26
"33401","2026-10-01","03",true,GW_ROBOT_TELCEL_3,1,0,false,false,false,"",80,sms,rob2tel,48
"33401","2026-10-01","03",true,GW_ROBOT_TELCEL_3,1,0,false,false,false,"",81,sms,rob2tel,120
"33401","2026-10-01","03",true,GW_ROBOT_TELCEL_3,1,0,false,false,false,"",82,sms,rob2tel,6
"33401","2026-10-01","03",true,GW_ROBOT_TELCEL_3,1,0,false,false,false,"",83,sms,rob2tel,1
"33401","2026-10-01","03",true,GW_ROBOT_TELCEL_3,1,0,false,false,false,"",84,sms,rob2tel,27
"33401","2026-10-01","03",true,GW_ROBOT_TELCEL_3,1,0,false,false,false,"",88,sms,rob2tel,3
"33401","2026-10-01","03",true,GW_ROBOT_TELCEL_3,1,0,false,false,false,"",91,sms,rob2tel,1
"33401","2026-10-01","03",true,GW_ROBOT_TELCEL_3,1,0,false,false,false,"",92,sms,rob2tel,1
"33401","2026-10-01","03",true,GW_ROBOT_TELCEL_3,1,0,false,false,false,"",94,sms,rob2tel,1
"33401","2026-10-01","03",true,GW_ROBOT_TELCEL_3,1,0,false,false,false,"",95,sms,rob2tel,1
"33401","2026-10-01","03",true,GW_ROBOT_TELCEL_3,1,0,false,false,false,"",96,sms,rob2tel,3
"33401","2026-10-01","03",true,GW_ROBOT_TELCEL_3,1,0,false,false,false,"",97,sms,rob2tel,7
"33401","2026-10-01","03",true,GW_ROBOT_TELCEL_3,1,0,false,false,false,"",98,sms,rob2tel,25
"33401","2026-10-01","03",true,GW_ROBOT_TELCEL_3,1,0,false,false,false,"",99,sms,rob2tel,258
"33401","2026-10-01","03",true,GW_ROBOT_TELCEL_3,1,0,false,false,false,"",100,sms,rob2tel,2
"33401","2026-10-01","03",true,GW_ROBOT_TELCEL_3,1,0,false,false,false,"",101,sms,rob2tel,245
"33401","2026-10-01","03",true,GW_ROBOT_TELCEL_3,1,0,false,false,false,"",102,sms,rob2tel,292
"33401","2026-10-01","03",true,GW_ROBOT_TELCEL_3,1,0,false,false,false,"",103,sms,rob2tel,3
"33401","2026-10-01","03",true,GW_ROBOT_TELCEL_3,1,0,false,false,false,"",104,sms,rob2tel,81
"33401","2026-10-01","03",true,GW_ROBOT_TELCEL_3,1,0,false,false,false,"",105,sms,rob2tel,140
"33401","2026-10-01","03",true,GW_ROBOT_TELCEL_3,1,0,false,false,false,"",106,sms,rob2tel,12
"33401","2026-10-01","03",true,GW_ROBOT_TELCEL_3,1,0,false,false,false,"",107,sms,rob2tel,14
"33401","2026-10-01","03",true,GW_ROBOT_TELCEL_3,1,0,false,false,false,"",108,sms,rob2tel,46
"33401","2026-10-01","03",true,GW_ROBOT_TELCEL_3,1,0,false,false,false,"",109,flash,rob2tel,97
"33401","2026-10-01","03",true,GW_ROBOT_TELCEL_3,1,0,false,false,false,"",109,sms,rob2tel,10
"33401","2026-10-01","03",true,GW_ROBOT_TELCEL_3,1,0,false,false,false,"",110,flash,rob2tel,10
"33401","2026-10-01","03",true,GW_ROBOT_TELCEL_3,1,0,false,false,false,"",110,sms,rob2tel,13
"33401","2026-10-01","03",true,GW_ROBOT_TELCEL_3,1,0,false,false,false,"",111,sms,rob2tel,18
"33401","2026-10-01","03",true,GW_ROBOT_TELCEL_3,1,0,false,false,false,"",112,sms,rob2tel,9
"33401","2026-10-01","03",true,GW_ROBOT_TELCEL_3,1,0,false,false,false,"",113,sms,rob2tel,5
"33401","2026-10-01","03",true,GW_ROBOT_TELCEL_3,1,0,false,false,false,"",114,sms,rob2tel,3
"33401","2026-10-01","03",true,GW_ROBOT_TELCEL_3,1,0,false,false,false,"",115,sms,rob2tel,38
"33401","2026-10-01","03",true,GW_ROBOT_TELCEL_3,1,0,false,false,false,"",116,sms,rob2tel,40
"33401","2026-10-01","03",true,GW_ROBOT_TELCEL_3,1,0,false,false,false,"",117,sms,rob2tel,36
"33401","2026-10-01","03",true,GW_ROBOT_TELCEL_3,1,0,false,false,false,"",118,sms,rob2tel,13
"33401","2026-10-01","03",true,GW_ROBOT_TELCEL_3,1,0,false,false,false,"",119,sms,rob2tel,6
"33401","2026-10-01","03",true,GW_ROBOT_TELCEL_3,1,0,false,false,false,"",120,sms,rob2tel,20
"33401","2026-10-01","03",true,GW_ROBOT_TELCEL_3,1,0,false,false,false,"",121,sms,rob2tel,1
"33401","2026-10-01","03",true,GW_ROBOT_TELCEL_3,1,0,false,false,false,"",122,sms,rob2tel,10
"33401","2026-10-01","03",true,GW_ROBOT_TELCEL_3,1,0,false,false,false,"",123,sms,rob2tel,7
"33401","2026-10-01","03",true,GW_ROBOT_TELCEL_3,1,0,false,false,false,"",124,sms,rob2tel,34
"33401","2026-10-01","03",true,GW_ROBOT_TELCEL_3,1,0,false,false,false,"",125,flash,rob2tel,58
"33401","2026-10-01","03",true,GW_ROBOT_TELCEL_3,1,0,false,false,false,"",125,sms,rob2tel,2
"33401","2026-10-01","03",true,GW_ROBOT_TELCEL_3,1,0,false,false,false,"",126,sms,rob2tel,2
"33401","2026-10-01","03",true,GW_ROBOT_TELCEL_3,1,0,false,false,false,"",127,sms,rob2tel,9
"33401","2026-10-01","03",true,GW_ROBOT_TELCEL_3,1,0,false,false,false,"",128,sms,rob2tel,12
"33401","2026-10-01","03",true,GW_ROBOT_TELCEL_3,1,0,false,false,false,"",129,sms,rob2tel,4
"33401","2026-10-01","03",true,GW_ROBOT_TELCEL_3,1,0,false,false,false,"",130,sms,rob2tel,52
"33401","2026-10-01","03",true,GW_ROBOT_TELCEL_3,1,0,false,false,false,"",131,sms,rob2tel,23
"33401","2026-10-01","03",true,GW_ROBOT_TELCEL_3,1,0,false,false,false,"",132,sms,rob2tel,34
"33401","2026-10-01","03",true,GW_ROBOT_TELCEL_3,1,0,false,false,false,"",133,sms,rob2tel,25
"33401","2026-10-01","03",true,GW_ROBOT_TELCEL_3,1,0,false,false,false,"",134,sms,rob2tel,12
"33401","2026-10-01","03",true,GW_ROBOT_TELCEL_3,1,0,false,false,false,"",135,sms,rob2tel,2
"33401","2026-10-01","03",true,GW_ROBOT_TELCEL_3,1,0,false,false,false,"",136,sms,rob2tel,33
"33401","2026-10-01","03",true,GW_ROBOT_TELCEL_3,1,0,false,false,false,"",137,sms,rob2tel,6
"33401","2026-10-01","03",true,GW_ROBOT_TELCEL_3,1,0,false,false,false,"",138,sms,rob2tel,4
"33401","2026-10-01","03",true,GW_ROBOT_TELCEL_3,1,0,false,false,false,"",139,sms,rob2tel,3
"33401","2026-10-01","03",true,GW_ROBOT_TELCEL_3,1,0,false,false,false,"",140,sms,rob2tel,12
"33401","2026-10-01","03",true,GW_ROBOT_TELCEL_3,1,0,false,false,false,"",141,sms,rob2tel,133
"33401","2026-10-01","03",true,GW_ROBOT_TELCEL_3,1,0,false,false,false,"",142,sms,rob2tel,26
"33401","2026-10-01","03",true,GW_ROBOT_TELCEL_3,1,0,false,false,false,"",143,sms,rob2tel,5
"33401","2026-10-01","03",true,GW_ROBOT_TELCEL_3,1,0,false,false,false,"",144,sms,rob2tel,41
"33401","2026-10-01","03",true,GW_ROBOT_TELCEL_3,1,0,false,false,false,"",145,sms,rob2tel,26
"33401","2026-10-01","03",true,GW_ROBOT_TELCEL_3,1,0,false,false,false,"",146,sms,rob2tel,9
"33401","2026-10-01","03",true,GW_ROBOT_TELCEL_3,1,0,false,false,false,"",147,sms,rob2tel,26
"33401","2026-10-01","03",true,GW_ROBOT_TELCEL_3,1,0,false,false,false,"",148,sms,rob2tel,31
"33401","2026-10-01","03",true,GW_ROBOT_TELCEL_3,1,0,false,false,false,"",149,sms,rob2tel,3
"33401","2026-10-01","03",true,GW_ROBOT_TELCEL_3,1,0,false,false,false,"",150,sms,rob2tel,2
"33401","2026-10-01","03",true,GW_ROBOT_TELCEL_3,1,0,false,false,false,"",151,sms,rob2tel,17
"33401","2026-10-01","03",true,GW_ROBOT_TELCEL_3,1,0,false,false,false,"",152,sms,rob2tel,2
"33401","2026-10-01","03",true,GW_ROBOT_TELCEL_3,1,0,false,false,false,"",153,sms,rob2tel,7
"33401","2026-10-01","03",true,GW_ROBOT_TELCEL_3,1,0,false,false,false,"",154,sms,rob2tel,69
"33401","2026-10-01","03",true,GW_ROBOT_TELCEL_3,1,0,false,false,false,"",155,sms,rob2tel,5
"33401","2026-10-01","03",true,GW_ROBOT_TELCEL_3,1,0,false,false,false,"",156,sms,rob2tel,2
"33401","2026-10-01","03",true,GW_ROBOT_TELCEL_3,1,0,false,false,false,"",157,flash,rob2tel,181
"33401","2026-10-01","03",true,GW_ROBOT_TELCEL_3,1,0,false,false,false,"",157,sms,rob2tel,1
"33401","2026-10-01","03",true,GW_ROBOT_TELCEL_3,1,0,false,false,false,"",158,sms,rob2tel,52
"33401","2026-10-01","03",true,GW_ROBOT_TELCEL_3,1,0,false,false,false,"",159,sms,rob2tel,2
"33401","2026-10-01","03",true,GW_ROBOT_TELCEL_3,2,1,false,false,false,"",134,sms,rob2tel,115
"33401","2026-10-01","03",true,GW_ROBOT_TELCEL_3,2,1,false,false,false,"",149,sms,rob2tel,2
"33401","2026-10-01","03",true,GW_ROBOT_TELCEL_3,2,1,false,false,false,"",151,sms,rob2tel,304
"33401","2026-10-01","03",true,GW_ROBOT_TELCEL_3,2,1,false,false,false,"",153,sms,rob2tel,15
"33401","2026-10-01","03",true,GW_ROBOT_TELCEL_3,2,2,false,false,false,"",8,sms,rob2tel,13
"33401","2026-10-01","03",true,GW_ROBOT_TELCEL_3,2,2,false,false,false,"",10,sms,rob2tel,10
"33401","2026-10-01","03",true,GW_ROBOT_TELCEL_3,2,2,false,false,false,"",11,sms,rob2tel,6
"33401","2026-10-01","03",true,GW_ROBOT_TELCEL_3,2,2,false,false,false,"",13,sms,rob2tel,1
"33401","2026-10-01","03",true,GW_ROBOT_TELCEL_3,2,2,false,false,false,"",15,sms,rob2tel,6
"33401","2026-10-01","03",true,GW_ROBOT_TELCEL_3,2,2,false,false,false,"",18,sms,rob2tel,3
"33401","2026-10-01","03",true,GW_ROBOT_TELCEL_3,2,2,false,false,false,"",19,sms,rob2tel,3
"33401","2026-10-01","03",true,GW_ROBOT_TELCEL_3,2,2,false,false,false,"",20,sms,rob2tel,2
"33401","2026-10-01","03",true,GW_ROBOT_TELCEL_3,2,2,false,false,false,"",21,sms,rob2tel,9
"33401","2026-10-01","03",true,GW_ROBOT_TELCEL_3,2,2,false,false,false,"",22,sms,rob2tel,2
"33401","2026-10-01","03",true,GW_ROBOT_TELCEL_3,2,2,false,false,false,"",23,sms,rob2tel,80
"33401","2026-10-01","03",true,GW_ROBOT_TELCEL_3,2,2,false,false,false,"",25,sms,rob2tel,1
"33401","2026-10-01","03",true,GW_ROBOT_TELCEL_3,2,2,false,false,false,"",26,sms,rob2tel,2
"33401","2026-10-01","03",true,GW_ROBOT_TELCEL_3,2,2,false,false,false,"",28,sms,rob2tel,1
"33401","2026-10-01","03",true,GW_ROBOT_TELCEL_3,2,2,false,false,false,"",29,sms,rob2tel,1
"33401","2026-10-01","03",true,GW_ROBOT_TELCEL_3,2,2,false,false,false,"",30,sms,rob2tel,2
"33401","2026-10-01","03",true,GW_ROBOT_TELCEL_3,2,2,false,false,false,"",31,sms,rob2tel,1
"33401","2026-10-01","03",true,GW_ROBOT_TELCEL_3,2,2,false,false,false,"",32,sms,rob2tel,1
"33401","2026-10-01","03",true,GW_ROBOT_TELCEL_3,2,2,false,false,false,"",33,sms,rob2tel,3
"33401","2026-10-01","03",true,GW_ROBOT_TELCEL_3,2,2,false,false,false,"",34,sms,rob2tel,2
"33401","2026-10-01","03",true,GW_ROBOT_TELCEL_3,2,2,false,false,false,"",35,sms,rob2tel,3
"33401","2026-10-01","03",true,GW_ROBOT_TELCEL_3,2,2,false,false,false,"",36,sms,rob2tel,1
"33401","2026-10-01","03",true,GW_ROBOT_TELCEL_3,2,2,false,false,false,"",37,sms,rob2tel,4
"33401","2026-10-01","03",true,GW_ROBOT_TELCEL_3,2,2,false,false,false,"",40,sms,rob2tel,76
"33401","2026-10-01","03",true,GW_ROBOT_TELCEL_3,2,2,false,false,false,"",42,sms,rob2tel,2
"33401","2026-10-01","03",true,GW_ROBOT_TELCEL_3,2,2,false,false,false,"",44,sms,rob2tel,1
"33401","2026-10-01","03",true,GW_ROBOT_TELCEL_3,2,2,false,false,false,"",45,sms,rob2tel,1
"33401","2026-10-01","03",true,GW_ROBOT_TELCEL_3,2,2,false,false,false,"",46,sms,rob2tel,2
"33401","2026-10-01","03",true,GW_ROBOT_TELCEL_3,2,2,false,false,false,"",47,sms,rob2tel,1
"33401","2026-10-01","03",true,GW_ROBOT_TELCEL_3,2,2,false,false,false,"",49,sms,rob2tel,3
"33401","2026-10-01","03",true,GW_ROBOT_TELCEL_3,2,2,false,false,false,"",51,sms,rob2tel,1
"33401","2026-10-01","03",true,GW_ROBOT_TELCEL_3,2,2,false,false,false,"",52,sms,rob2tel,2
"33401","2026-10-01","03",true,GW_ROBOT_TELCEL_3,2,2,false,false,false,"",60,sms,rob2tel,3
"33401","2026-10-01","03",true,GW_ROBOT_TELCEL_3,2,2,false,false,false,"",63,sms,rob2tel,1
"33401","2026-10-01","03",true,GW_ROBOT_TELCEL_3,2,2,false,false,false,"",65,sms,rob2tel,1
"33401","2026-10-01","03",true,GW_ROBOT_TELCEL_3,2,2,false,false,false,"",66,sms,rob2tel,1
"33401","2026-10-01","03",true,GW_ROBOT_TELCEL_3,2,2,false,false,false,"",67,sms,rob2tel,1
"33401","2026-10-01","03",true,GW_ROBOT_TELCEL_3,2,2,false,false,false,"",68,sms,rob2tel,1
"33401","2026-10-01","03",true,GW_ROBOT_TELCEL_3,2,2,false,false,false,"",69,sms,rob2tel,54
"33401","2026-10-01","03",true,GW_ROBOT_TELCEL_3,2,2,false,false,false,"",70,sms,rob2tel,28
"33401","2026-10-01","03",true,GW_ROBOT_TELCEL_3,2,2,false,false,false,"",71,sms,rob2tel,31
"33401","2026-10-01","03",true,GW_ROBOT_TELCEL_3,2,2,false,false,false,"",72,sms,rob2tel,34
"33401","2026-10-01","03",true,GW_ROBOT_TELCEL_3,2,2,false,false,false,"",73,sms,rob2tel,1
"33401","2026-10-01","03",true,GW_ROBOT_TELCEL_3,2,2,false,false,false,"",76,sms,rob2tel,1
"33401","2026-10-01","03",true,GW_ROBOT_TELCEL_3,2,2,false,false,false,"",77,sms,rob2tel,4
"33401","2026-10-01","03",true,GW_ROBOT_TELCEL_3,2,2,false,false,false,"",79,sms,rob2tel,3
"33401","2026-10-01","03",true,GW_ROBOT_TELCEL_3,2,2,false,false,false,"",88,sms,rob2tel,1
"33401","2026-10-01","03",true,GW_ROBOT_TELCEL_3,2,2,false,false,false,"",91,sms,rob2tel,3
"33401","2026-10-01","03",true,GW_ROBOT_TELCEL_3,2,2,false,false,false,"",92,sms,rob2tel,1
"33401","2026-10-01","03",true,GW_ROBOT_TELCEL_3,2,2,false,false,false,"",93,sms,rob2tel,1
"33401","2026-10-01","03",true,GW_ROBOT_TELCEL_3,2,2,false,false,false,"",95,sms,rob2tel,1
"33401","2026-10-01","03",true,GW_ROBOT_TELCEL_3,2,2,false,false,false,"",101,sms,rob2tel,1
"33401","2026-10-01","03",true,GW_ROBOT_TELCEL_3,2,2,false,false,false,"",108,sms,rob2tel,1
"33401","2026-10-01","03",true,GW_ROBOT_TELCEL_3,2,2,false,false,false,"",116,sms,rob2tel,2
"33401","2026-10-01","03",true,GW_ROBOT_TELCEL_3,2,2,false,false,false,"",117,sms,rob2tel,1
"33401","2026-10-01","03",true,GW_ROBOT_TELCEL_3,2,2,false,false,false,"",118,sms,rob2tel,1
"33401","2026-10-01","03",true,GW_ROBOT_TELCEL_3,2,2,false,false,false,"",123,sms,rob2tel,1
"33401","2026-10-01","03",true,GW_ROBOT_TELCEL_3,2,2,false,false,false,"",130,sms,rob2tel,1
"33401","2026-10-01","03",true,GW_ROBOT_TELCEL_3,2,2,false,false,false,"",133,sms,rob2tel,1
"33401","2026-10-01","03",true,GW_ROBOT_TELCEL_3,2,2,false,false,false,"",145,sms,rob2tel,1
"33401","2026-10-01","03",true,GW_ROBOT_TELCEL_3,3,1,false,false,false,"",134,sms,rob2tel,17
"33401","2026-10-01","03",true,GW_ROBOT_TELCEL_3,3,1,false,false,false,"",151,sms,rob2tel,39
"33401","2026-10-01","03",true,GW_ROBOT_TELCEL_3,3,2,false,false,false,"",134,sms,rob2tel,15
"33401","2026-10-01","03",true,GW_ROBOT_TELCEL_3,3,2,false,false,false,"",153,sms,rob2tel,46
"33401","2026-10-01","03",true,GW_ROBOT_TELCEL_3,3,3,false,false,false,"",3,sms,rob2tel,1
"33401","2026-10-01","03",true,GW_ROBOT_TELCEL_3,3,3,false,false,false,"",4,sms,rob2tel,1
"33401","2026-10-01","03",true,GW_ROBOT_TELCEL_3,3,3,false,false,false,"",8,sms,rob2tel,1
"33401","2026-10-01","03",true,GW_ROBOT_TELCEL_3,3,3,false,false,false,"",11,sms,rob2tel,3
"33401","2026-10-01","03",true,GW_ROBOT_TELCEL_3,3,3,false,false,false,"",12,sms,rob2tel,1
"33401","2026-10-01","03",true,GW_ROBOT_TELCEL_3,3,3,false,false,false,"",13,sms,rob2tel,1
"33401","2026-10-01","03",true,GW_ROBOT_TELCEL_3,3,3,false,false,false,"",14,sms,rob2tel,1
"33401","2026-10-01","03",true,GW_ROBOT_TELCEL_3,3,3,false,false,false,"",15,sms,rob2tel,3
"33401","2026-10-01","03",true,GW_ROBOT_TELCEL_3,3,3,false,false,false,"",33,sms,rob2tel,1
"33401","2026-10-01","03",true,GW_ROBOT_TELCEL_3,3,3,false,false,false,"",37,sms,rob2tel,1
"33401","2026-10-01","03",true,GW_ROBOT_TELCEL_3,3,3,false,false,false,"",76,sms,rob2tel,1
"33401","2026-10-01","03",true,GW_ROBOT_TELCEL_3,3,3,false,false,false,"",77,sms,rob2tel,1
"33401","2026-10-01","03",true,GW_ROBOT_TELCEL_3,3,3,false,false,false,"",78,sms,rob2tel,3
"33401","2026-10-01","03",true,GW_ROBOT_TELCEL_3,3,3,false,false,false,"",79,sms,rob2tel,1
"33401","2026-10-01","03",true,GW_ROBOT_TELCEL_3,3,3,false,false,false,"",80,sms,rob2tel,3
"33401","2026-10-01","03",true,GW_ROBOT_TELCEL_3,3,3,false,false,false,"",81,sms,rob2tel,5
"33401","2026-10-01","03",true,GW_ROBOT_TELCEL_3,3,3,false,false,false,"",82,sms,rob2tel,1
"33401","2026-10-01","03",true,GW_ROBOT_TELCEL_3,3,3,false,false,false,"",83,sms,rob2tel,1
"33401","2026-10-01","03",true,GW_ROBOT_TELCEL_3,3,3,false,false,false,"",84,sms,rob2tel,1
"33401","2026-10-01","03",true,GW_ROBOT_TELCEL_3,3,3,false,false,false,"",86,sms,rob2tel,4
"33401","2026-10-01","03",true,GW_ROBOT_TELCEL_3,3,3,false,false,false,"",87,sms,rob2tel,5
"33401","2026-10-01","03",true,GW_ROBOT_TELCEL_3,3,3,false,false,false,"",88,sms,rob2tel,2
"33401","2026-10-01","03",true,GW_ROBOT_TELCEL_3,3,3,false,false,false,"",89,sms,rob2tel,1
"33401","2026-10-01","03",true,GW_ROBOT_TELCEL_3,3,3,false,false,false,"",126,sms,rob2tel,9
"33401","2026-10-01","03",true,ROBOCOM-MOVISTAR,1,0,false,false,false,"",24,sms,ROBOCOM_SMS,6
"33401","2026-10-01","03",true,ROBOCOM-MOVISTAR,1,0,false,false,false,"",123,sms,ROBOCOM_SMS,1
"33401","2026-10-01","03",true,ROBOCOM-MOVISTAR,1,0,false,false,false,"",147,sms,ROBOCOM_SMS,1
"33401","2026-10-01","03",true,ROBOCOM-MOVISTAR,1,0,false,false,false,"",148,sms,ROBOCOM_SMS,1
"33401","2026-10-01","03",true,ROBOCOM-MOVISTAR,2,2,false,false,false,"",49,sms,ROBOCOM_SMS,1
"33401","2026-10-01","03",true,ROBOCOM-MOVISTAR,3,1,false,false,false,"",134,sms,ROBOCOM_SMS,3
"33401","2026-10-01","03",true,ROBOCOM-MOVISTAR,3,2,false,false,false,"",134,sms,ROBOCOM_SMS,3
"33401","2026-10-01","03",true,ROBOCOM-MOVISTAR,3,3,false,false,false,"",8,sms,ROBOCOM_SMS,1
"33401","2026-10-01","03",true,ROBOCOM-MOVISTAR,3,3,false,false,false,"",11,sms,ROBOCOM_SMS,1
"33401","2026-10-01","03",true,ROBOCOM-MOVISTAR,3,3,false,false,false,"",15,sms,ROBOCOM_SMS,1
"33401","2026-10-01","03",true,ROBOCOM_ALESTRA,2,1,false,false,false,"",151,sms,ROBOCOM,1
"33401","2026-10-01","03",true,ROBOCOM_ALESTRA,2,2,false,false,false,"",23,sms,ROBOCOM,1
"33401","2026-10-01","04",true,GW_ROBOT_TELCEL_2,1,0,false,false,false,"",5,sms,rob2tel,1
"33401","2026-10-01","04",true,GW_ROBOT_TELCEL_2,1,0,false,false,false,"",14,sms,rob2tel,2
"33401","2026-10-01","04",true,GW_ROBOT_TELCEL_2,1,0,false,false,false,"",20,sms,rob2tel,3
"33401","2026-10-01","04",true,GW_ROBOT_TELCEL_2,1,0,false,false,false,"",28,sms,rob2tel,2
"33401","2026-10-01","04",true,GW_ROBOT_TELCEL_2,1,0,false,false,false,"",30,sms,rob2tel,8
"33401","2026-10-01","04",true,GW_ROBOT_TELCEL_2,1,0,false,false,false,"",33,sms,rob2tel,3
"33401","2026-10-01","04",true,GW_ROBOT_TELCEL_2,1,0,false,false,false,"",38,sms,rob2tel,4
"33401","2026-10-01","04",true,GW_ROBOT_TELCEL_2,1,0,false,false,false,"",40,sms,rob2tel,1
"33401","2026-10-01","04",true,GW_ROBOT_TELCEL_2,1,0,false,false,false,"",41,sms,rob2tel,12
"33401","2026-10-01","04",true,GW_ROBOT_TELCEL_2,1,0,false,false,false,"",44,sms,rob2tel,41
"33401","2026-10-01","04",true,GW_ROBOT_TELCEL_2,1,0,false,false,false,"",45,sms,rob2tel,1
"33401","2026-10-01","04",true,GW_ROBOT_TELCEL_2,1,0,false,false,false,"",48,sms,rob2tel,3
"33401","2026-10-01","04",true,GW_ROBOT_TELCEL_2,1,0,false,false,false,"",56,sms,rob2tel,1
"33401","2026-10-01","04",true,GW_ROBOT_TELCEL_2,1,0,false,false,false,"",57,sms,rob2tel,1
"33401","2026-10-01","04",true,GW_ROBOT_TELCEL_2,1,0,false,false,false,"",58,sms,rob2tel,1
"33401","2026-10-01","04",true,GW_ROBOT_TELCEL_2,1,0,false,false,false,"",59,sms,rob2tel,13
"33401","2026-10-01","04",true,GW_ROBOT_TELCEL_2,1,0,false,false,false,"",63,sms,rob2tel,2
"33401","2026-10-01","04",true,GW_ROBOT_TELCEL_2,1,0,false,false,false,"",65,sms,rob2tel,1
"33401","2026-10-01","04",true,GW_ROBOT_TELCEL_2,1,0,false,false,false,"",68,sms,rob2tel,1
"33401","2026-10-01","04",true,GW_ROBOT_TELCEL_2,1,0,false,false,false,"",70,sms,rob2tel,18
"33401","2026-10-01","04",true,GW_ROBOT_TELCEL_2,1,0,false,false,false,"",71,sms,rob2tel,3
"33401","2026-10-01","04",true,GW_ROBOT_TELCEL_2,1,0,false,false,false,"",72,sms,rob2tel,1
"33401","2026-10-01","04",true,GW_ROBOT_TELCEL_2,1,0,false,false,false,"",73,sms,rob2tel,2
"33401","2026-10-01","04",true,GW_ROBOT_TELCEL_2,1,0,false,false,false,"",74,sms,rob2tel,155
"33401","2026-10-01","04",true,GW_ROBOT_TELCEL_2,1,0,false,false,false,"",76,sms,rob2tel,8
"33401","2026-10-01","04",true,GW_ROBOT_TELCEL_2,1,0,false,false,false,"",77,sms,rob2tel,13
"33401","2026-10-01","04",true,GW_ROBOT_TELCEL_2,1,0,false,false,false,"",79,sms,rob2tel,8
"33401","2026-10-01","04",true,GW_ROBOT_TELCEL_2,1,0,false,false,false,"",80,sms,rob2tel,32
"33401","2026-10-01","04",true,GW_ROBOT_TELCEL_2,1,0,false,false,false,"",81,sms,rob2tel,70
"33401","2026-10-01","04",true,GW_ROBOT_TELCEL_2,1,0,false,false,false,"",82,sms,rob2tel,3
"33401","2026-10-01","04",true,GW_ROBOT_TELCEL_2,1,0,false,false,false,"",84,sms,rob2tel,2
"33401","2026-10-01","04",true,GW_ROBOT_TELCEL_2,1,0,false,false,false,"",87,sms,rob2tel,2
"33401","2026-10-01","04",true,GW_ROBOT_TELCEL_2,1,0,false,false,false,"",88,sms,rob2tel,4
"33401","2026-10-01","04",true,GW_ROBOT_TELCEL_2,1,0,false,false,false,"",89,sms,rob2tel,2
"33401","2026-10-01","04",true,GW_ROBOT_TELCEL_2,1,0,false,false,false,"",91,sms,rob2tel,2
"33401","2026-10-01","04",true,GW_ROBOT_TELCEL_2,1,0,false,false,false,"",93,sms,rob2tel,4
"33401","2026-10-01","04",true,GW_ROBOT_TELCEL_2,1,0,false,false,false,"",94,sms,rob2tel,9
"33401","2026-10-01","04",true,GW_ROBOT_TELCEL_2,1,0,false,false,false,"",95,sms,rob2tel,7
"33401","2026-10-01","04",true,GW_ROBOT_TELCEL_2,1,0,false,false,false,"",96,sms,rob2tel,4
"33401","2026-10-01","04",true,GW_ROBOT_TELCEL_2,1,0,false,false,false,"",97,sms,rob2tel,8
"33401","2026-10-01","04",true,GW_ROBOT_TELCEL_2,1,0,false,false,false,"",98,sms,rob2tel,19
"33401","2026-10-01","04",true,GW_ROBOT_TELCEL_2,1,0,false,false,false,"",99,sms,rob2tel,206
"33401","2026-10-01","04",true,GW_ROBOT_TELCEL_2,1,0,false,false,false,"",100,sms,rob2tel,7
"33401","2026-10-01","04",true,GW_ROBOT_TELCEL_2,1,0,false,false,false,"",101,sms,rob2tel,220
"33401","2026-10-01","04",true,GW_ROBOT_TELCEL_2,1,0,false,false,false,"",102,sms,rob2tel,204
"33401","2026-10-01","04",true,GW_ROBOT_TELCEL_2,1,0,false,false,false,"",103,sms,rob2tel,4
"33401","2026-10-01","04",true,GW_ROBOT_TELCEL_2,1,0,false,false,false,"",104,sms,rob2tel,44
"33401","2026-10-01","04",true,GW_ROBOT_TELCEL_2,1,0,false,false,false,"",105,sms,rob2tel,194
"33401","2026-10-01","04",true,GW_ROBOT_TELCEL_2,1,0,false,false,false,"",106,sms,rob2tel,6
"33401","2026-10-01","04",true,GW_ROBOT_TELCEL_2,1,0,false,false,false,"",107,sms,rob2tel,16
"33401","2026-10-01","04",true,GW_ROBOT_TELCEL_2,1,0,false,false,false,"",108,sms,rob2tel,24
"33401","2026-10-01","04",true,GW_ROBOT_TELCEL_2,1,0,false,false,false,"",109,sms,rob2tel,10
"33401","2026-10-01","04",true,GW_ROBOT_TELCEL_2,1,0,false,false,false,"",110,sms,rob2tel,1
"33401","2026-10-01","04",true,GW_ROBOT_TELCEL_2,1,0,false,false,false,"",111,sms,rob2tel,14
"33401","2026-10-01","04",true,GW_ROBOT_TELCEL_2,1,0,false,false,false,"",112,sms,rob2tel,2
"33401","2026-10-01","04",true,GW_ROBOT_TELCEL_2,1,0,false,false,false,"",113,sms,rob2tel,4
"33401","2026-10-01","04",true,GW_ROBOT_TELCEL_2,1,0,false,false,false,"",114,sms,rob2tel,3
"33401","2026-10-01","04",true,GW_ROBOT_TELCEL_2,1,0,false,false,false,"",115,sms,rob2tel,25
"33401","2026-10-01","04",true,GW_ROBOT_TELCEL_2,1,0,false,false,false,"",116,sms,rob2tel,7
"33401","2026-10-01","04",true,GW_ROBOT_TELCEL_2,1,0,false,false,false,"",117,sms,rob2tel,10
"33401","2026-10-01","04",true,GW_ROBOT_TELCEL_2,1,0,false,false,false,"",118,sms,rob2tel,11
"33401","2026-10-01","04",true,GW_ROBOT_TELCEL_2,1,0,false,false,false,"",119,sms,rob2tel,9
"33401","2026-10-01","04",true,GW_ROBOT_TELCEL_2,1,0,false,false,false,"",120,sms,rob2tel,5
"33401","2026-10-01","04",true,GW_ROBOT_TELCEL_2,1,0,false,false,false,"",121,sms,rob2tel,2
"33401","2026-10-01","04",true,GW_ROBOT_TELCEL_2,1,0,false,false,false,"",122,sms,rob2tel,10
"33401","2026-10-01","04",true,GW_ROBOT_TELCEL_2,1,0,false,false,false,"",123,sms,rob2tel,6
"33401","2026-10-01","04",true,GW_ROBOT_TELCEL_2,1,0,false,false,false,"",126,sms,rob2tel,6
"33401","2026-10-01","04",true,GW_ROBOT_TELCEL_2,1,0,false,false,false,"",127,sms,rob2tel,5
"33401","2026-10-01","04",true,GW_ROBOT_TELCEL_2,1,0,false,false,false,"",128,sms,rob2tel,4
"33401","2026-10-01","04",true,GW_ROBOT_TELCEL_2,1,0,false,false,false,"",129,sms,rob2tel,5
"33401","2026-10-01","04",true,GW_ROBOT_TELCEL_2,1,0,false,false,false,"",130,sms,rob2tel,30
"33401","2026-10-01","04",true,GW_ROBOT_TELCEL_2,1,0,false,false,false,"",131,sms,rob2tel,26
"33401","2026-10-01","04",true,GW_ROBOT_TELCEL_2,1,0,false,false,false,"",132,sms,rob2tel,144
"33401","2026-10-01","04",true,GW_ROBOT_TELCEL_2,1,0,false,false,false,"",133,sms,rob2tel,123
"33401","2026-10-01","04",true,GW_ROBOT_TELCEL_2,1,0,false,false,false,"",134,sms,rob2tel,2
"33401","2026-10-01","04",true,GW_ROBOT_TELCEL_2,1,0,false,false,false,"",135,sms,rob2tel,9
"33401","2026-10-01","04",true,GW_ROBOT_TELCEL_2,1,0,false,false,false,"",136,sms,rob2tel,20
"33401","2026-10-01","04",true,GW_ROBOT_TELCEL_2,1,0,false,false,false,"",138,sms,rob2tel,2
"33401","2026-10-01","04",true,GW_ROBOT_TELCEL_2,1,0,false,false,false,"",139,sms,rob2tel,3
"33401","2026-10-01","04",true,GW_ROBOT_TELCEL_2,1,0,false,false,false,"",140,sms,rob2tel,8
"33401","2026-10-01","04",true,GW_ROBOT_TELCEL_2,1,0,false,false,false,"",141,sms,rob2tel,100
"33401","2026-10-01","04",true,GW_ROBOT_TELCEL_2,1,0,false,false,false,"",142,sms,rob2tel,15
"33401","2026-10-01","04",true,GW_ROBOT_TELCEL_2,1,0,false,false,false,"",143,sms,rob2tel,3
"33401","2026-10-01","04",true,GW_ROBOT_TELCEL_2,1,0,false,false,false,"",144,sms,rob2tel,3
"33401","2026-10-01","04",true,GW_ROBOT_TELCEL_2,1,0,false,false,false,"",145,sms,rob2tel,8
"33401","2026-10-01","04",true,GW_ROBOT_TELCEL_2,1,0,false,false,false,"",146,sms,rob2tel,5
"33401","2026-10-01","04",true,GW_ROBOT_TELCEL_2,1,0,false,false,false,"",147,sms,rob2tel,18
"33401","2026-10-01","04",true,GW_ROBOT_TELCEL_2,1,0,false,false,false,"",148,sms,rob2tel,14
"33401","2026-10-01","04",true,GW_ROBOT_TELCEL_2,1,0,false,false,false,"",149,sms,rob2tel,3
"33401","2026-10-01","04",true,GW_ROBOT_TELCEL_2,1,0,false,false,false,"",150,sms,rob2tel,1
"33401","2026-10-01","04",true,GW_ROBOT_TELCEL_2,1,0,false,false,false,"",151,sms,rob2tel,16
"33401","2026-10-01","04",true,GW_ROBOT_TELCEL_2,1,0,false,false,false,"",152,sms,rob2tel,91
"33401","2026-10-01","04",true,GW_ROBOT_TELCEL_2,1,0,false,false,false,"",153,sms,rob2tel,144
"33401","2026-10-01","04",true,GW_ROBOT_TELCEL_2,1,0,false,false,false,"",154,sms,rob2tel,45
"33401","2026-10-01","04",true,GW_ROBOT_TELCEL_2,1,0,false,false,false,"",155,sms,rob2tel,7
"33401","2026-10-01","04",true,GW_ROBOT_TELCEL_2,1,0,false,false,false,"",156,sms,rob2tel,7
"33401","2026-10-01","04",true,GW_ROBOT_TELCEL_2,1,0,false,false,false,"",158,sms,rob2tel,6515
"33401","2026-10-01","04",true,GW_ROBOT_TELCEL_2,1,0,false,false,false,"",159,sms,rob2tel,1
"33401","2026-10-01","04",true,GW_ROBOT_TELCEL_2,2,1,false,false,false,"",134,sms,rob2tel,4
"33401","2026-10-01","04",true,GW_ROBOT_TELCEL_2,2,1,false,false,false,"",151,sms,rob2tel,219
"33401","2026-10-01","04",true,GW_ROBOT_TELCEL_2,2,1,false,false,false,"",153,sms,rob2tel,10
"33401","2026-10-01","04",true,GW_ROBOT_TELCEL_2,2,2,false,false,false,"",8,sms,rob2tel,38
"33401","2026-10-01","04",true,GW_ROBOT_TELCEL_2,2,2,false,false,false,"",10,sms,rob2tel,3
"33401","2026-10-01","04",true,GW_ROBOT_TELCEL_2,2,2,false,false,false,"",11,sms,rob2tel,6
"33401","2026-10-01","04",true,GW_ROBOT_TELCEL_2,2,2,false,false,false,"",12,sms,rob2tel,3
"33401","2026-10-01","04",true,GW_ROBOT_TELCEL_2,2,2,false,false,false,"",13,sms,rob2tel,2
"33401","2026-10-01","04",true,GW_ROBOT_TELCEL_2,2,2,false,false,false,"",14,sms,rob2tel,2
"33401","2026-10-01","04",true,GW_ROBOT_TELCEL_2,2,2,false,false,false,"",15,sms,rob2tel,4
"33401","2026-10-01","04",true,GW_ROBOT_TELCEL_2,2,2,false,false,false,"",16,sms,rob2tel,6
"33401","2026-10-01","04",true,GW_ROBOT_TELCEL_2,2,2,false,false,false,"",18,sms,rob2tel,4
"33401","2026-10-01","04",true,GW_ROBOT_TELCEL_2,2,2,false,false,false,"",21,sms,rob2tel,5
"33401","2026-10-01","04",true,GW_ROBOT_TELCEL_2,2,2,false,false,false,"",26,sms,rob2tel,1
"33401","2026-10-01","04",true,GW_ROBOT_TELCEL_2,2,2,false,false,false,"",29,sms,rob2tel,1
"33401","2026-10-01","04",true,GW_ROBOT_TELCEL_2,2,2,false,false,false,"",32,sms,rob2tel,2
"33401","2026-10-01","04",true,GW_ROBOT_TELCEL_2,2,2,false,false,false,"",33,sms,rob2tel,1
"33401","2026-10-01","04",true,GW_ROBOT_TELCEL_2,2,2,false,false,false,"",36,sms,rob2tel,2
"33401","2026-10-01","04",true,GW_ROBOT_TELCEL_2,2,2,false,false,false,"",42,sms,rob2tel,2
"33401","2026-10-01","04",true,GW_ROBOT_TELCEL_2,2,2,false,false,false,"",44,sms,rob2tel,1
"33401","2026-10-01","04",true,GW_ROBOT_TELCEL_2,2,2,false,false,false,"",45,sms,rob2tel,2
"33401","2026-10-01","04",true,GW_ROBOT_TELCEL_2,2,2,false,false,false,"",46,sms,rob2tel,1
"33401","2026-10-01","04",true,GW_ROBOT_TELCEL_2,2,2,false,false,false,"",51,sms,rob2tel,1
"33401","2026-10-01","04",true,GW_ROBOT_TELCEL_2,2,2,false,false,false,"",52,sms,rob2tel,1
"33401","2026-10-01","04",true,GW_ROBOT_TELCEL_2,2,2,false,false,false,"",62,sms,rob2tel,1
"33401","2026-10-01","04",true,GW_ROBOT_TELCEL_2,2,2,false,false,false,"",63,sms,rob2tel,2
"33401","2026-10-01","04",true,GW_ROBOT_TELCEL_2,2,2,false,false,false,"",69,sms,rob2tel,41
"33401","2026-10-01","04",true,GW_ROBOT_TELCEL_2,2,2,false,false,false,"",70,sms,rob2tel,27
"33401","2026-10-01","04",true,GW_ROBOT_TELCEL_2,2,2,false,false,false,"",71,sms,rob2tel,28
"33401","2026-10-01","04",true,GW_ROBOT_TELCEL_2,2,2,false,false,false,"",72,sms,rob2tel,32
"33401","2026-10-01","04",true,GW_ROBOT_TELCEL_2,2,2,false,false,false,"",73,sms,rob2tel,2
"33401","2026-10-01","04",true,GW_ROBOT_TELCEL_2,2,2,false,false,false,"",74,sms,rob2tel,1
"33401","2026-10-01","04",true,GW_ROBOT_TELCEL_2,2,2,false,false,false,"",77,sms,rob2tel,3
"33401","2026-10-01","04",true,GW_ROBOT_TELCEL_2,2,2,false,false,false,"",79,sms,rob2tel,2
"33401","2026-10-01","04",true,GW_ROBOT_TELCEL_2,2,2,false,false,false,"",80,sms,rob2tel,1
"33401","2026-10-01","04",true,GW_ROBOT_TELCEL_2,2,2,false,false,false,"",81,sms,rob2tel,1
"33401","2026-10-01","04",true,GW_ROBOT_TELCEL_2,2,2,false,false,false,"",89,sms,rob2tel,1
"33401","2026-10-01","04",true,GW_ROBOT_TELCEL_2,2,2,false,false,false,"",90,sms,rob2tel,2
"33401","2026-10-01","04",true,GW_ROBOT_TELCEL_2,2,2,false,false,false,"",91,sms,rob2tel,1
"33401","2026-10-01","04",true,GW_ROBOT_TELCEL_2,2,2,false,false,false,"",93,sms,rob2tel,1
"33401","2026-10-01","04",true,GW_ROBOT_TELCEL_2,2,2,false,false,false,"",94,sms,rob2tel,1
"33401","2026-10-01","04",true,GW_ROBOT_TELCEL_2,2,2,false,false,false,"",95,sms,rob2tel,1
"33401","2026-10-01","04",true,GW_ROBOT_TELCEL_2,2,2,false,false,false,"",96,sms,rob2tel,1
"33401","2026-10-01","04",true,GW_ROBOT_TELCEL_2,2,2,false,false,false,"",100,sms,rob2tel,1
"33401","2026-10-01","04",true,GW_ROBOT_TELCEL_2,2,2,false,false,false,"",107,sms,rob2tel,1
"33401","2026-10-01","04",true,GW_ROBOT_TELCEL_2,2,2,false,false,false,"",116,sms,rob2tel,1
"33401","2026-10-01","04",true,GW_ROBOT_TELCEL_2,2,2,false,false,false,"",118,sms,rob2tel,1
"33401","2026-10-01","04",true,GW_ROBOT_TELCEL_2,2,2,false,false,false,"",123,sms,rob2tel,1
"33401","2026-10-01","04",true,GW_ROBOT_TELCEL_2,3,1,false,false,false,"",134,sms,rob2tel,1
"33401","2026-10-01","04",true,GW_ROBOT_TELCEL_2,3,1,false,false,false,"",151,sms,rob2tel,41
"33401","2026-10-01","04",true,GW_ROBOT_TELCEL_2,3,2,false,false,false,"",153,sms,rob2tel,50
"33401","2026-10-01","04",true,GW_ROBOT_TELCEL_2,3,3,false,false,false,"",7,sms,rob2tel,1
"33401","2026-10-01","04",true,GW_ROBOT_TELCEL_2,3,3,false,false,false,"",8,sms,rob2tel,1
"33401","2026-10-01","04",true,GW_ROBOT_TELCEL_2,3,3,false,false,false,"",9,sms,rob2tel,1
"33401","2026-10-01","04",true,GW_ROBOT_TELCEL_2,3,3,false,false,false,"",26,sms,rob2tel,1
"33401","2026-10-01","04",true,GW_ROBOT_TELCEL_2,3,3,false,false,false,"",38,sms,rob2tel,1
"33401","2026-10-01","04",true,GW_ROBOT_TELCEL_2,3,3,false,false,false,"",76,sms,rob2tel,1
"33401","2026-10-01","04",true,GW_ROBOT_TELCEL_2,3,3,false,false,false,"",77,sms,rob2tel,3
"33401","2026-10-01","04",true,GW_ROBOT_TELCEL_2,3,3,false,false,false,"",78,sms,rob2tel,4
"33401","2026-10-01","04",true,GW_ROBOT_TELCEL_2,3,3,false,false,false,"",79,sms,rob2tel,2
"33401","2026-10-01","04",true,GW_ROBOT_TELCEL_2,3,3,false,false,false,"",80,sms,rob2tel,3
"33401","2026-10-01","04",true,GW_ROBOT_TELCEL_2,3,3,false,false,false,"",81,sms,rob2tel,4
"33401","2026-10-01","04",true,GW_ROBOT_TELCEL_2,3,3,false,false,false,"",82,sms,rob2tel,3
"33401","2026-10-01","04",true,GW_ROBOT_TELCEL_2,3,3,false,false,false,"",84,sms,rob2tel,4
"33401","2026-10-01","04",true,GW_ROBOT_TELCEL_2,3,3,false,false,false,"",86,sms,rob2tel,3
"33401","2026-10-01","04",true,GW_ROBOT_TELCEL_2,3,3,false,false,false,"",87,sms,rob2tel,2
"33401","2026-10-01","04",true,GW_ROBOT_TELCEL_2,3,3,false,false,false,"",88,sms,rob2tel,2
"33401","2026-10-01","04",true,GW_ROBOT_TELCEL_2,3,3,false,false,false,"",126,sms,rob2tel,5
"33401","2026-10-01","04",true,GW_ROBOT_TELCEL_3,1,0,false,false,false,"",5,sms,rob2tel,1
"33401","2026-10-01","04",true,GW_ROBOT_TELCEL_3,1,0,false,false,false,"",14,sms,rob2tel,8
"33401","2026-10-01","04",true,GW_ROBOT_TELCEL_3,1,0,false,false,false,"",20,sms,rob2tel,1
"33401","2026-10-01","04",true,GW_ROBOT_TELCEL_3,1,0,false,false,false,"",30,sms,rob2tel,7
"33401","2026-10-01","04",true,GW_ROBOT_TELCEL_3,1,0,false,false,false,"",33,sms,rob2tel,5
"33401","2026-10-01","04",true,GW_ROBOT_TELCEL_3,1,0,false,false,false,"",38,sms,rob2tel,4
"33401","2026-10-01","04",true,GW_ROBOT_TELCEL_3,1,0,false,false,false,"",41,sms,rob2tel,12
"33401","2026-10-01","04",true,GW_ROBOT_TELCEL_3,1,0,false,false,false,"",42,sms,rob2tel,4
"33401","2026-10-01","04",true,GW_ROBOT_TELCEL_3,1,0,false,false,false,"",44,sms,rob2tel,39
"33401","2026-10-01","04",true,GW_ROBOT_TELCEL_3,1,0,false,false,false,"",45,sms,rob2tel,2
"33401","2026-10-01","04",true,GW_ROBOT_TELCEL_3,1,0,false,false,false,"",47,sms,rob2tel,3
"33401","2026-10-01","04",true,GW_ROBOT_TELCEL_3,1,0,false,false,false,"",48,sms,rob2tel,5
"33401","2026-10-01","04",true,GW_ROBOT_TELCEL_3,1,0,false,false,false,"",56,sms,rob2tel,1
"33401","2026-10-01","04",true,GW_ROBOT_TELCEL_3,1,0,false,false,false,"",59,sms,rob2tel,8
"33401","2026-10-01","04",true,GW_ROBOT_TELCEL_3,1,0,false,false,false,"",63,sms,rob2tel,1
"33401","2026-10-01","04",true,GW_ROBOT_TELCEL_3,1,0,false,false,false,"",65,sms,rob2tel,1
"33401","2026-10-01","04",true,GW_ROBOT_TELCEL_3,1,0,false,false,false,"",70,sms,rob2tel,9
"33401","2026-10-01","04",true,GW_ROBOT_TELCEL_3,1,0,false,false,false,"",71,sms,rob2tel,5
"33401","2026-10-01","04",true,GW_ROBOT_TELCEL_3,1,0,false,false,false,"",73,sms,rob2tel,2
"33401","2026-10-01","04",true,GW_ROBOT_TELCEL_3,1,0,false,false,false,"",74,sms,rob2tel,201
"33401","2026-10-01","04",true,GW_ROBOT_TELCEL_3,1,0,false,false,false,"",76,sms,rob2tel,7
"33401","2026-10-01","04",true,GW_ROBOT_TELCEL_3,1,0,false,false,false,"",77,sms,rob2tel,16
"33401","2026-10-01","04",true,GW_ROBOT_TELCEL_3,1,0,false,false,false,"",79,sms,rob2tel,7
"33401","2026-10-01","04",true,GW_ROBOT_TELCEL_3,1,0,false,false,false,"",80,sms,rob2tel,17
"33401","2026-10-01","04",true,GW_ROBOT_TELCEL_3,1,0,false,false,false,"",81,sms,rob2tel,59
"33401","2026-10-01","04",true,GW_ROBOT_TELCEL_3,1,0,false,false,false,"",82,sms,rob2tel,4
"33401","2026-10-01","04",true,GW_ROBOT_TELCEL_3,1,0,false,false,false,"",84,sms,rob2tel,3
"33401","2026-10-01","04",true,GW_ROBOT_TELCEL_3,1,0,false,false,false,"",88,sms,rob2tel,2
"33401","2026-10-01","04",true,GW_ROBOT_TELCEL_3,1,0,false,false,false,"",89,sms,rob2tel,1
"33401","2026-10-01","04",true,GW_ROBOT_TELCEL_3,1,0,false,false,false,"",91,sms,rob2tel,1
"33401","2026-10-01","04",true,GW_ROBOT_TELCEL_3,1,0,false,false,false,"",93,sms,rob2tel,1
"33401","2026-10-01","04",true,GW_ROBOT_TELCEL_3,1,0,false,false,false,"",94,sms,rob2tel,6
"33401","2026-10-01","04",true,GW_ROBOT_TELCEL_3,1,0,false,false,false,"",95,sms,rob2tel,4
"33401","2026-10-01","04",true,GW_ROBOT_TELCEL_3,1,0,false,false,false,"",96,sms,rob2tel,7
"33401","2026-10-01","04",true,GW_ROBOT_TELCEL_3,1,0,false,false,false,"",97,sms,rob2tel,8
"33401","2026-10-01","04",true,GW_ROBOT_TELCEL_3,1,0,false,false,false,"",98,sms,rob2tel,18
"33401","2026-10-01","04",true,GW_ROBOT_TELCEL_3,1,0,false,false,false,"",99,sms,rob2tel,227
"33401","2026-10-01","04",true,GW_ROBOT_TELCEL_3,1,0,false,false,false,"",100,sms,rob2tel,7
"33401","2026-10-01","04",true,GW_ROBOT_TELCEL_3,1,0,false,false,false,"",101,sms,rob2tel,188
"33401","2026-10-01","04",true,GW_ROBOT_TELCEL_3,1,0,false,false,false,"",102,sms,rob2tel,216
"33401","2026-10-01","04",true,GW_ROBOT_TELCEL_3,1,0,false,false,false,"",103,sms,rob2tel,3
"33401","2026-10-01","04",true,GW_ROBOT_TELCEL_3,1,0,false,false,false,"",104,sms,rob2tel,45
"33401","2026-10-01","04",true,GW_ROBOT_TELCEL_3,1,0,false,false,false,"",105,sms,rob2tel,175
"33401","2026-10-01","04",true,GW_ROBOT_TELCEL_3,1,0,false,false,false,"",106,sms,rob2tel,10
"33401","2026-10-01","04",true,GW_ROBOT_TELCEL_3,1,0,false,false,false,"",107,sms,rob2tel,13
"33401","2026-10-01","04",true,GW_ROBOT_TELCEL_3,1,0,false,false,false,"",108,sms,rob2tel,26
"33401","2026-10-01","04",true,GW_ROBOT_TELCEL_3,1,0,false,false,false,"",109,sms,rob2tel,7
"33401","2026-10-01","04",true,GW_ROBOT_TELCEL_3,1,0,false,false,false,"",110,sms,rob2tel,4
"33401","2026-10-01","04",true,GW_ROBOT_TELCEL_3,1,0,false,false,false,"",111,sms,rob2tel,30
"33401","2026-10-01","04",true,GW_ROBOT_TELCEL_3,1,0,false,false,false,"",112,sms,rob2tel,5
"33401","2026-10-01","04",true,GW_ROBOT_TELCEL_3,1,0,false,false,false,"",113,sms,rob2tel,5
"33401","2026-10-01","04",true,GW_ROBOT_TELCEL_3,1,0,false,false,false,"",114,sms,rob2tel,3
"33401","2026-10-01","04",true,GW_ROBOT_TELCEL_3,1,0,false,false,false,"",115,sms,rob2tel,27
"33401","2026-10-01","04",true,GW_ROBOT_TELCEL_3,1,0,false,false,false,"",116,sms,rob2tel,10
"33401","2026-10-01","04",true,GW_ROBOT_TELCEL_3,1,0,false,false,false,"",117,sms,rob2tel,10
"33401","2026-10-01","04",true,GW_ROBOT_TELCEL_3,1,0,false,false,false,"",118,sms,rob2tel,10
"33401","2026-10-01","04",true,GW_ROBOT_TELCEL_3,1,0,false,false,false,"",119,sms,rob2tel,9
"33401","2026-10-01","04",true,GW_ROBOT_TELCEL_3,1,0,false,false,false,"",120,sms,rob2tel,3
"33401","2026-10-01","04",true,GW_ROBOT_TELCEL_3,1,0,false,false,false,"",121,sms,rob2tel,3
"33401","2026-10-01","04",true,GW_ROBOT_TELCEL_3,1,0,false,false,false,"",122,sms,rob2tel,6
"33401","2026-10-01","04",true,GW_ROBOT_TELCEL_3,1,0,false,false,false,"",123,sms,rob2tel,6
"33401","2026-10-01","04",true,GW_ROBOT_TELCEL_3,1,0,false,false,false,"",126,sms,rob2tel,8
"33401","2026-10-01","04",true,GW_ROBOT_TELCEL_3,1,0,false,false,false,"",127,sms,rob2tel,6
"33401","2026-10-01","04",true,GW_ROBOT_TELCEL_3,1,0,false,false,false,"",128,sms,rob2tel,4
"33401","2026-10-01","04",true,GW_ROBOT_TELCEL_3,1,0,false,false,false,"",129,sms,rob2tel,2
"33401","2026-10-01","04",true,GW_ROBOT_TELCEL_3,1,0,false,false,false,"",130,sms,rob2tel,19
"33401","2026-10-01","04",true,GW_ROBOT_TELCEL_3,1,0,false,false,false,"",131,sms,rob2tel,44
"33401","2026-10-01","04",true,GW_ROBOT_TELCEL_3,1,0,false,false,false,"",132,sms,rob2tel,159
"33401","2026-10-01","04",true,GW_ROBOT_TELCEL_3,1,0,false,false,false,"",133,sms,rob2tel,123
"33401","2026-10-01","04",true,GW_ROBOT_TELCEL_3,1,0,false,false,false,"",134,sms,rob2tel,8
"33401","2026-10-01","04",true,GW_ROBOT_TELCEL_3,1,0,false,false,false,"",135,sms,rob2tel,10
"33401","2026-10-01","04",true,GW_ROBOT_TELCEL_3,1,0,false,false,false,"",136,sms,rob2tel,21
"33401","2026-10-01","04",true,GW_ROBOT_TELCEL_3,1,0,false,false,false,"",137,sms,rob2tel,3
"33401","2026-10-01","04",true,GW_ROBOT_TELCEL_3,1,0,false,false,false,"",138,sms,rob2tel,2
"33401","2026-10-01","04",true,GW_ROBOT_TELCEL_3,1,0,false,false,false,"",139,sms,rob2tel,1
"33401","2026-10-01","04",true,GW_ROBOT_TELCEL_3,1,0,false,false,false,"",140,sms,rob2tel,8
"33401","2026-10-01","04",true,GW_ROBOT_TELCEL_3,1,0,false,false,false,"",141,sms,rob2tel,120
"33401","2026-10-01","04",true,GW_ROBOT_TELCEL_3,1,0,false,false,false,"",142,sms,rob2tel,13
"33401","2026-10-01","04",true,GW_ROBOT_TELCEL_3,1,0,false,false,false,"",144,sms,rob2tel,5
"33401","2026-10-01","04",true,GW_ROBOT_TELCEL_3,1,0,false,false,false,"",145,sms,rob2tel,14
"33401","2026-10-01","04",true,GW_ROBOT_TELCEL_3,1,0,false,false,false,"",146,sms,rob2tel,1
"33401","2026-10-01","04",true,GW_ROBOT_TELCEL_3,1,0,false,false,false,"",147,sms,rob2tel,17
"33401","2026-10-01","04",true,GW_ROBOT_TELCEL_3,1,0,false,false,false,"",148,sms,rob2tel,20
"33401","2026-10-01","04",true,GW_ROBOT_TELCEL_3,1,0,false,false,false,"",149,sms,rob2tel,2
"33401","2026-10-01","04",true,GW_ROBOT_TELCEL_3,1,0,false,false,false,"",150,sms,rob2tel,1
"33401","2026-10-01","04",true,GW_ROBOT_TELCEL_3,1,0,false,false,false,"",151,sms,rob2tel,29
"33401","2026-10-01","04",true,GW_ROBOT_TELCEL_3,1,0,false,false,false,"",152,sms,rob2tel,118
"33401","2026-10-01","04",true,GW_ROBOT_TELCEL_3,1,0,false,false,false,"",153,sms,rob2tel,142
"33401","2026-10-01","04",true,GW_ROBOT_TELCEL_3,1,0,false,false,false,"",154,sms,rob2tel,41
"33401","2026-10-01","04",true,GW_ROBOT_TELCEL_3,1,0,false,false,false,"",155,sms,rob2tel,12
"33401","2026-10-01","04",true,GW_ROBOT_TELCEL_3,1,0,false,false,false,"",156,sms,rob2tel,8
"33401","2026-10-01","04",true,GW_ROBOT_TELCEL_3,1,0,false,false,false,"",157,sms,rob2tel,4
"33401","2026-10-01","04",true,GW_ROBOT_TELCEL_3,1,0,false,false,false,"",158,sms,rob2tel,6512
"33401","2026-10-01","04",true,GW_ROBOT_TELCEL_3,1,0,false,false,false,"",159,sms,rob2tel,2
"33401","2026-10-01","04",true,GW_ROBOT_TELCEL_3,2,1,false,false,false,"",134,sms,rob2tel,5
"33401","2026-10-01","04",true,GW_ROBOT_TELCEL_3,2,1,false,false,false,"",151,sms,rob2tel,205
"33401","2026-10-01","04",true,GW_ROBOT_TELCEL_3,2,1,false,false,false,"",153,sms,rob2tel,11
"33401","2026-10-01","04",true,GW_ROBOT_TELCEL_3,2,2,false,false,false,"",8,sms,rob2tel,36
"33401","2026-10-01","04",true,GW_ROBOT_TELCEL_3,2,2,false,false,false,"",9,sms,rob2tel,2
"33401","2026-10-01","04",true,GW_ROBOT_TELCEL_3,2,2,false,false,false,"",10,sms,rob2tel,4
"33401","2026-10-01","04",true,GW_ROBOT_TELCEL_3,2,2,false,false,false,"",11,sms,rob2tel,5
"33401","2026-10-01","04",true,GW_ROBOT_TELCEL_3,2,2,false,false,false,"",12,sms,rob2tel,1
"33401","2026-10-01","04",true,GW_ROBOT_TELCEL_3,2,2,false,false,false,"",14,sms,rob2tel,1
"33401","2026-10-01","04",true,GW_ROBOT_TELCEL_3,2,2,false,false,false,"",15,sms,rob2tel,9
"33401","2026-10-01","04",true,GW_ROBOT_TELCEL_3,2,2,false,false,false,"",16,sms,rob2tel,4
"33401","2026-10-01","04",true,GW_ROBOT_TELCEL_3,2,2,false,false,false,"",17,sms,rob2tel,1
"33401","2026-10-01","04",true,GW_ROBOT_TELCEL_3,2,2,false,false,false,"",18,sms,rob2tel,4
"33401","2026-10-01","04",true,GW_ROBOT_TELCEL_3,2,2,false,false,false,"",21,sms,rob2tel,2
"33401","2026-10-01","04",true,GW_ROBOT_TELCEL_3,2,2,false,false,false,"",22,sms,rob2tel,1
"33401","2026-10-01","04",true,GW_ROBOT_TELCEL_3,2,2,false,false,false,"",25,sms,rob2tel,1
"33401","2026-10-01","04",true,GW_ROBOT_TELCEL_3,2,2,false,false,false,"",26,sms,rob2tel,1
"33401","2026-10-01","04",true,GW_ROBOT_TELCEL_3,2,2,false,false,false,"",30,sms,rob2tel,1
"33401","2026-10-01","04",true,GW_ROBOT_TELCEL_3,2,2,false,false,false,"",31,sms,rob2tel,1
"33401","2026-10-01","04",true,GW_ROBOT_TELCEL_3,2,2,false,false,false,"",32,sms,rob2tel,2
"33401","2026-10-01","04",true,GW_ROBOT_TELCEL_3,2,2,false,false,false,"",33,sms,rob2tel,2
"33401","2026-10-01","04",true,GW_ROBOT_TELCEL_3,2,2,false,false,false,"",34,sms,rob2tel,2
"33401","2026-10-01","04",true,GW_ROBOT_TELCEL_3,2,2,false,false,false,"",35,sms,rob2tel,2
"33401","2026-10-01","04",true,GW_ROBOT_TELCEL_3,2,2,false,false,false,"",38,sms,rob2tel,1
"33401","2026-10-01","04",true,GW_ROBOT_TELCEL_3,2,2,false,false,false,"",43,sms,rob2tel,1
"33401","2026-10-01","04",true,GW_ROBOT_TELCEL_3,2,2,false,false,false,"",45,sms,rob2tel,1
"33401","2026-10-01","04",true,GW_ROBOT_TELCEL_3,2,2,false,false,false,"",46,sms,rob2tel,2
"33401","2026-10-01","04",true,GW_ROBOT_TELCEL_3,2,2,false,false,false,"",51,sms,rob2tel,1
"33401","2026-10-01","04",true,GW_ROBOT_TELCEL_3,2,2,false,false,false,"",52,sms,rob2tel,2
"33401","2026-10-01","04",true,GW_ROBOT_TELCEL_3,2,2,false,false,false,"",64,sms,rob2tel,1
"33401","2026-10-01","04",true,GW_ROBOT_TELCEL_3,2,2,false,false,false,"",68,sms,rob2tel,1
"33401","2026-10-01","04",true,GW_ROBOT_TELCEL_3,2,2,false,false,false,"",69,sms,rob2tel,33
"33401","2026-10-01","04",true,GW_ROBOT_TELCEL_3,2,2,false,false,false,"",70,sms,rob2tel,18
"33401","2026-10-01","04",true,GW_ROBOT_TELCEL_3,2,2,false,false,false,"",71,sms,rob2tel,26
"33401","2026-10-01","04",true,GW_ROBOT_TELCEL_3,2,2,false,false,false,"",72,sms,rob2tel,24
"33401","2026-10-01","04",true,GW_ROBOT_TELCEL_3,2,2,false,false,false,"",73,sms,rob2tel,3
"33401","2026-10-01","04",true,GW_ROBOT_TELCEL_3,2,2,false,false,false,"",77,sms,rob2tel,2
"33401","2026-10-01","04",true,GW_ROBOT_TELCEL_3,2,2,false,false,false,"",79,sms,rob2tel,4
"33401","2026-10-01","04",true,GW_ROBOT_TELCEL_3,2,2,false,false,false,"",92,sms,rob2tel,1
"33401","2026-10-01","04",true,GW_ROBOT_TELCEL_3,2,2,false,false,false,"",93,sms,rob2tel,1
"33401","2026-10-01","04",true,GW_ROBOT_TELCEL_3,2,2,false,false,false,"",104,sms,rob2tel,1
"33401","2026-10-01","04",true,GW_ROBOT_TELCEL_3,2,2,false,false,false,"",117,sms,rob2tel,2
"33401","2026-10-01","04",true,GW_ROBOT_TELCEL_3,2,2,false,false,false,"",118,sms,rob2tel,2
"33401","2026-10-01","04",true,GW_ROBOT_TELCEL_3,2,2,false,false,false,"",123,sms,rob2tel,1
"33401","2026-10-01","04",true,GW_ROBOT_TELCEL_3,2,2,false,false,false,"",126,sms,rob2tel,2
"33401","2026-10-01","04",true,GW_ROBOT_TELCEL_3,3,1,false,false,false,"",151,sms,rob2tel,54
"33401","2026-10-01","04",true,GW_ROBOT_TELCEL_3,3,2,false,false,false,"",134,sms,rob2tel,1
"33401","2026-10-01","04",true,GW_ROBOT_TELCEL_3,3,2,false,false,false,"",153,sms,rob2tel,45
"33401","2026-10-01","04",true,GW_ROBOT_TELCEL_3,3,3,false,false,false,"",8,sms,rob2tel,2
"33401","2026-10-01","04",true,GW_ROBOT_TELCEL_3,3,3,false,false,false,"",13,sms,rob2tel,1
"33401","2026-10-01","04",true,GW_ROBOT_TELCEL_3,3,3,false,false,false,"",28,sms,rob2tel,2
"33401","2026-10-01","04",true,GW_ROBOT_TELCEL_3,3,3,false,false,false,"",76,sms,rob2tel,1
"33401","2026-10-01","04",true,GW_ROBOT_TELCEL_3,3,3,false,false,false,"",77,sms,rob2tel,2
"33401","2026-10-01","04",true,GW_ROBOT_TELCEL_3,3,3,false,false,false,"",78,sms,rob2tel,6
"33401","2026-10-01","04",true,GW_ROBOT_TELCEL_3,3,3,false,false,false,"",79,sms,rob2tel,2
"33401","2026-10-01","04",true,GW_ROBOT_TELCEL_3,3,3,false,false,false,"",80,sms,rob2tel,3
"33401","2026-10-01","04",true,GW_ROBOT_TELCEL_3,3,3,false,false,false,"",81,sms,rob2tel,10
"33401","2026-10-01","04",true,GW_ROBOT_TELCEL_3,3,3,false,false,false,"",82,sms,rob2tel,6
"33401","2026-10-01","04",true,GW_ROBOT_TELCEL_3,3,3,false,false,false,"",83,sms,rob2tel,1
"33401","2026-10-01","04",true,GW_ROBOT_TELCEL_3,3,3,false,false,false,"",85,sms,rob2tel,1
"33401","2026-10-01","04",true,GW_ROBOT_TELCEL_3,3,3,false,false,false,"",86,sms,rob2tel,5
"33401","2026-10-01","04",true,GW_ROBOT_TELCEL_3,3,3,false,false,false,"",87,sms,rob2tel,6
"33401","2026-10-01","04",true,GW_ROBOT_TELCEL_3,3,3,false,false,false,"",88,sms,rob2tel,1
"33401","2026-10-01","04",true,GW_ROBOT_TELCEL_3,3,3,false,false,false,"",126,sms,rob2tel,6
"33401","2026-10-01","04",true,ROBOCOM_ALESTRA,1,0,false,false,false,"",158,sms,ROBOCOM,2
"33401","2026-10-01","05",true,GW_ROBOT_TELCEL_2,1,0,false,false,false,"",5,sms,rob2tel,1
"33401","2026-10-01","05",true,GW_ROBOT_TELCEL_2,1,0,false,false,false,"",14,sms,rob2tel,3
"33401","2026-10-01","05",true,GW_ROBOT_TELCEL_2,1,0,false,false,false,"",20,sms,rob2tel,1
"33401","2026-10-01","05",true,GW_ROBOT_TELCEL_2,1,0,false,false,false,"",30,sms,rob2tel,6
"33401","2026-10-01","05",true,GW_ROBOT_TELCEL_2,1,0,false,false,false,"",33,sms,rob2tel,5
"33401","2026-10-01","05",true,GW_ROBOT_TELCEL_2,1,0,false,false,false,"",35,sms,rob2tel,1
"33401","2026-10-01","05",true,GW_ROBOT_TELCEL_2,1,0,false,false,false,"",38,sms,rob2tel,6
"33401","2026-10-01","05",true,GW_ROBOT_TELCEL_2,1,0,false,false,false,"",41,sms,rob2tel,4
"33401","2026-10-01","05",true,GW_ROBOT_TELCEL_2,1,0,false,false,false,"",44,sms,rob2tel,20
"33401","2026-10-01","05",true,GW_ROBOT_TELCEL_2,1,0,false,false,false,"",45,sms,rob2tel,1
"33401","2026-10-01","05",true,GW_ROBOT_TELCEL_2,1,0,false,false,false,"",48,sms,rob2tel,1
"33401","2026-10-01","05",true,GW_ROBOT_TELCEL_2,1,0,false,false,false,"",49,sms,rob2tel,1
"33401","2026-10-01","05",true,GW_ROBOT_TELCEL_2,1,0,false,false,false,"",58,sms,rob2tel,2
"33401","2026-10-01","05",true,GW_ROBOT_TELCEL_2,1,0,false,false,false,"",59,sms,rob2tel,15
"33401","2026-10-01","05",true,GW_ROBOT_TELCEL_2,1,0,false,false,false,"",63,sms,rob2tel,1
"33401","2026-10-01","05",true,GW_ROBOT_TELCEL_2,1,0,false,false,false,"",70,sms,rob2tel,7
"33401","2026-10-01","05",true,GW_ROBOT_TELCEL_2,1,0,false,false,false,"",71,sms,rob2tel,3
"33401","2026-10-01","05",true,GW_ROBOT_TELCEL_2,1,0,false,false,false,"",73,sms,rob2tel,1
"33401","2026-10-01","05",true,GW_ROBOT_TELCEL_2,1,0,false,false,false,"",74,sms,rob2tel,37
"33401","2026-10-01","05",true,GW_ROBOT_TELCEL_2,1,0,false,false,false,"",75,sms,rob2tel,2
"33401","2026-10-01","05",true,GW_ROBOT_TELCEL_2,1,0,false,false,false,"",76,sms,rob2tel,10
"33401","2026-10-01","05",true,GW_ROBOT_TELCEL_2,1,0,false,false,false,"",77,sms,rob2tel,7
"33401","2026-10-01","05",true,GW_ROBOT_TELCEL_2,1,0,false,false,false,"",79,sms,rob2tel,1
"33401","2026-10-01","05",true,GW_ROBOT_TELCEL_2,1,0,false,false,false,"",80,sms,rob2tel,4
"33401","2026-10-01","05",true,GW_ROBOT_TELCEL_2,1,0,false,false,false,"",81,sms,rob2tel,29
"33401","2026-10-01","05",true,GW_ROBOT_TELCEL_2,1,0,false,false,false,"",82,sms,rob2tel,6
"33401","2026-10-01","05",true,GW_ROBOT_TELCEL_2,1,0,false,false,false,"",87,sms,rob2tel,1
"33401","2026-10-01","05",true,GW_ROBOT_TELCEL_2,1,0,false,false,false,"",89,sms,rob2tel,1
"33401","2026-10-01","05",true,GW_ROBOT_TELCEL_2,1,0,false,false,false,"",92,sms,rob2tel,1
"33401","2026-10-01","05",true,GW_ROBOT_TELCEL_2,1,0,false,false,false,"",93,sms,rob2tel,2
"33401","2026-10-01","05",true,GW_ROBOT_TELCEL_2,1,0,false,false,false,"",94,sms,rob2tel,4
"33401","2026-10-01","05",true,GW_ROBOT_TELCEL_2,1,0,false,false,false,"",95,sms,rob2tel,2
"33401","2026-10-01","05",true,GW_ROBOT_TELCEL_2,1,0,false,false,false,"",96,sms,rob2tel,2
"33401","2026-10-01","05",true,GW_ROBOT_TELCEL_2,1,0,false,false,false,"",97,sms,rob2tel,3
"33401","2026-10-01","05",true,GW_ROBOT_TELCEL_2,1,0,false,false,false,"",98,sms,rob2tel,22
"33401","2026-10-01","05",true,GW_ROBOT_TELCEL_2,1,0,false,false,false,"",99,sms,rob2tel,144
"33401","2026-10-01","05",true,GW_ROBOT_TELCEL_2,1,0,false,false,false,"",100,sms,rob2tel,2
"33401","2026-10-01","05",true,GW_ROBOT_TELCEL_2,1,0,false,false,false,"",101,sms,rob2tel,138
"33401","2026-10-01","05",true,GW_ROBOT_TELCEL_2,1,0,false,false,false,"",102,sms,rob2tel,105
"33401","2026-10-01","05",true,GW_ROBOT_TELCEL_2,1,0,false,false,false,"",104,sms,rob2tel,39
"33401","2026-10-01","05",true,GW_ROBOT_TELCEL_2,1,0,false,false,false,"",105,sms,rob2tel,129
"33401","2026-10-01","05",true,GW_ROBOT_TELCEL_2,1,0,false,false,false,"",106,sms,rob2tel,5
"33401","2026-10-01","05",true,GW_ROBOT_TELCEL_2,1,0,false,false,false,"",107,sms,rob2tel,13
"33401","2026-10-01","05",true,GW_ROBOT_TELCEL_2,1,0,false,false,false,"",108,sms,rob2tel,15
"33401","2026-10-01","05",true,GW_ROBOT_TELCEL_2,1,0,false,false,false,"",109,sms,rob2tel,5
"33401","2026-10-01","05",true,GW_ROBOT_TELCEL_2,1,0,false,false,false,"",110,sms,rob2tel,2
"33401","2026-10-01","05",true,GW_ROBOT_TELCEL_2,1,0,false,false,false,"",111,sms,rob2tel,25
"33401","2026-10-01","05",true,GW_ROBOT_TELCEL_2,1,0,false,false,false,"",112,sms,rob2tel,2
"33401","2026-10-01","05",true,GW_ROBOT_TELCEL_2,1,0,false,false,false,"",113,sms,rob2tel,4
"33401","2026-10-01","05",true,GW_ROBOT_TELCEL_2,1,0,false,false,false,"",114,sms,rob2tel,1
"33401","2026-10-01","05",true,GW_ROBOT_TELCEL_2,1,0,false,false,false,"",115,sms,rob2tel,24
"33401","2026-10-01","05",true,GW_ROBOT_TELCEL_2,1,0,false,false,false,"",116,sms,rob2tel,73
"33401","2026-10-01","05",true,GW_ROBOT_TELCEL_2,1,0,false,false,false,"",118,sms,rob2tel,2
"33401","2026-10-01","05",true,GW_ROBOT_TELCEL_2,1,0,false,false,false,"",119,sms,rob2tel,11
"33401","2026-10-01","05",true,GW_ROBOT_TELCEL_2,1,0,false,false,false,"",120,sms,rob2tel,3
"33401","2026-10-01","05",true,GW_ROBOT_TELCEL_2,1,0,false,false,false,"",121,sms,rob2tel,113
"33401","2026-10-01","05",true,GW_ROBOT_TELCEL_2,1,0,false,false,false,"",122,sms,rob2tel,8
"33401","2026-10-01","05",true,GW_ROBOT_TELCEL_2,1,0,false,false,false,"",123,sms,rob2tel,7
"33401","2026-10-01","05",true,GW_ROBOT_TELCEL_2,1,0,false,false,false,"",125,sms,rob2tel,1
"33401","2026-10-01","05",true,GW_ROBOT_TELCEL_2,1,0,false,false,false,"",126,sms,rob2tel,1981
"33401","2026-10-01","05",true,GW_ROBOT_TELCEL_2,1,0,false,false,false,"",127,sms,rob2tel,2
"33401","2026-10-01","05",true,GW_ROBOT_TELCEL_2,1,0,false,false,false,"",128,sms,rob2tel,1
"33401","2026-10-01","05",true,GW_ROBOT_TELCEL_2,1,0,false,false,false,"",129,sms,rob2tel,3
"33401","2026-10-01","05",true,GW_ROBOT_TELCEL_2,1,0,false,false,false,"",130,sms,rob2tel,15
"33401","2026-10-01","05",true,GW_ROBOT_TELCEL_2,1,0,false,false,false,"",131,sms,rob2tel,27
"33401","2026-10-01","05",true,GW_ROBOT_TELCEL_2,1,0,false,false,false,"",132,sms,rob2tel,16
"33401","2026-10-01","05",true,GW_ROBOT_TELCEL_2,1,0,false,false,false,"",133,sms,rob2tel,10
"33401","2026-10-01","05",true,GW_ROBOT_TELCEL_2,1,0,false,false,false,"",135,sms,rob2tel,1
"33401","2026-10-01","05",true,GW_ROBOT_TELCEL_2,1,0,false,false,false,"",136,sms,rob2tel,12
"33401","2026-10-01","05",true,GW_ROBOT_TELCEL_2,1,0,false,false,false,"",137,sms,rob2tel,1
"33401","2026-10-01","05",true,GW_ROBOT_TELCEL_2,1,0,false,false,false,"",138,sms,rob2tel,3
"33401","2026-10-01","05",true,GW_ROBOT_TELCEL_2,1,0,false,false,false,"",139,sms,rob2tel,4
"33401","2026-10-01","05",true,GW_ROBOT_TELCEL_2,1,0,false,false,false,"",140,sms,rob2tel,8
"33401","2026-10-01","05",true,GW_ROBOT_TELCEL_2,1,0,false,false,false,"",141,sms,rob2tel,72
"33401","2026-10-01","05",true,GW_ROBOT_TELCEL_2,1,0,false,false,false,"",142,sms,rob2tel,7
"33401","2026-10-01","05",true,GW_ROBOT_TELCEL_2,1,0,false,false,false,"",143,sms,rob2tel,1
"33401","2026-10-01","05",true,GW_ROBOT_TELCEL_2,1,0,false,false,false,"",144,sms,rob2tel,63
"33401","2026-10-01","05",true,GW_ROBOT_TELCEL_2,1,0,false,false,false,"",145,sms,rob2tel,3
"33401","2026-10-01","05",true,GW_ROBOT_TELCEL_2,1,0,false,false,false,"",146,sms,rob2tel,2
"33401","2026-10-01","05",true,GW_ROBOT_TELCEL_2,1,0,false,false,false,"",147,sms,rob2tel,14
"33401","2026-10-01","05",true,GW_ROBOT_TELCEL_2,1,0,false,false,false,"",148,sms,rob2tel,9
"33401","2026-10-01","05",true,GW_ROBOT_TELCEL_2,1,0,false,false,false,"",149,sms,rob2tel,4
"33401","2026-10-01","05",true,GW_ROBOT_TELCEL_2,1,0,false,false,false,"",150,sms,rob2tel,2
"33401","2026-10-01","05",true,GW_ROBOT_TELCEL_2,1,0,false,false,false,"",151,sms,rob2tel,11
"33401","2026-10-01","05",true,GW_ROBOT_TELCEL_2,1,0,false,false,false,"",153,sms,rob2tel,3
"33401","2026-10-01","05",true,GW_ROBOT_TELCEL_2,1,0,false,false,false,"",154,sms,rob2tel,21
"33401","2026-10-01","05",true,GW_ROBOT_TELCEL_2,1,0,false,false,false,"",155,sms,rob2tel,5
"33401","2026-10-01","05",true,GW_ROBOT_TELCEL_2,1,0,false,false,false,"",156,sms,rob2tel,46
"33401","2026-10-01","05",true,GW_ROBOT_TELCEL_2,1,0,false,false,false,"",157,sms,rob2tel,1
"33401","2026-10-01","05",true,GW_ROBOT_TELCEL_2,1,0,false,false,false,"",159,sms,rob2tel,4
"33401","2026-10-01","05",true,GW_ROBOT_TELCEL_2,2,1,false,false,false,"",134,sms,rob2tel,7
"33401","2026-10-01","05",true,GW_ROBOT_TELCEL_2,2,1,false,false,false,"",151,sms,rob2tel,156
"33401","2026-10-01","05",true,GW_ROBOT_TELCEL_2,2,1,false,false,false,"",153,sms,rob2tel,9
"33401","2026-10-01","05",true,GW_ROBOT_TELCEL_2,2,2,false,false,false,"",8,sms,rob2tel,20
"33401","2026-10-01","05",true,GW_ROBOT_TELCEL_2,2,2,false,false,false,"",9,sms,rob2tel,1
"33401","2026-10-01","05",true,GW_ROBOT_TELCEL_2,2,2,false,false,false,"",10,sms,rob2tel,1
"33401","2026-10-01","05",true,GW_ROBOT_TELCEL_2,2,2,false,false,false,"",11,sms,rob2tel,1
"33401","2026-10-01","05",true,GW_ROBOT_TELCEL_2,2,2,false,false,false,"",14,sms,rob2tel,3
"33401","2026-10-01","05",true,GW_ROBOT_TELCEL_2,2,2,false,false,false,"",15,sms,rob2tel,7
"33401","2026-10-01","05",true,GW_ROBOT_TELCEL_2,2,2,false,false,false,"",16,sms,rob2tel,1
"33401","2026-10-01","05",true,GW_ROBOT_TELCEL_2,2,2,false,false,false,"",17,sms,rob2tel,1
"33401","2026-10-01","05",true,GW_ROBOT_TELCEL_2,2,2,false,false,false,"",18,sms,rob2tel,2
"33401","2026-10-01","05",true,GW_ROBOT_TELCEL_2,2,2,false,false,false,"",19,sms,rob2tel,1
"33401","2026-10-01","05",true,GW_ROBOT_TELCEL_2,2,2,false,false,false,"",20,sms,rob2tel,1
"33401","2026-10-01","05",true,GW_ROBOT_TELCEL_2,2,2,false,false,false,"",21,sms,rob2tel,2
"33401","2026-10-01","05",true,GW_ROBOT_TELCEL_2,2,2,false,false,false,"",23,sms,rob2tel,1
"33401","2026-10-01","05",true,GW_ROBOT_TELCEL_2,2,2,false,false,false,"",24,sms,rob2tel,2
"33401","2026-10-01","05",true,GW_ROBOT_TELCEL_2,2,2,false,false,false,"",25,sms,rob2tel,3
"33401","2026-10-01","05",true,GW_ROBOT_TELCEL_2,2,2,false,false,false,"",29,sms,rob2tel,1
"33401","2026-10-01","05",true,GW_ROBOT_TELCEL_2,2,2,false,false,false,"",30,sms,rob2tel,1
"33401","2026-10-01","05",true,GW_ROBOT_TELCEL_2,2,2,false,false,false,"",31,sms,rob2tel,1
"33401","2026-10-01","05",true,GW_ROBOT_TELCEL_2,2,2,false,false,false,"",32,sms,rob2tel,3
"33401","2026-10-01","05",true,GW_ROBOT_TELCEL_2,2,2,false,false,false,"",33,sms,rob2tel,2
"33401","2026-10-01","05",true,GW_ROBOT_TELCEL_2,2,2,false,false,false,"",35,sms,rob2tel,2
"33401","2026-10-01","05",true,GW_ROBOT_TELCEL_2,2,2,false,false,false,"",36,sms,rob2tel,1
"33401","2026-10-01","05",true,GW_ROBOT_TELCEL_2,2,2,false,false,false,"",42,sms,rob2tel,2
"33401","2026-10-01","05",true,GW_ROBOT_TELCEL_2,2,2,false,false,false,"",45,sms,rob2tel,1
"33401","2026-10-01","05",true,GW_ROBOT_TELCEL_2,2,2,false,false,false,"",47,sms,rob2tel,1
"33401","2026-10-01","05",true,GW_ROBOT_TELCEL_2,2,2,false,false,false,"",48,sms,rob2tel,1
"33401","2026-10-01","05",true,GW_ROBOT_TELCEL_2,2,2,false,false,false,"",69,sms,rob2tel,32
"33401","2026-10-01","05",true,GW_ROBOT_TELCEL_2,2,2,false,false,false,"",70,sms,rob2tel,17
"33401","2026-10-01","05",true,GW_ROBOT_TELCEL_2,2,2,false,false,false,"",71,sms,rob2tel,13
"33401","2026-10-01","05",true,GW_ROBOT_TELCEL_2,2,2,false,false,false,"",72,sms,rob2tel,32
"33401","2026-10-01","05",true,GW_ROBOT_TELCEL_2,2,2,false,false,false,"",73,sms,rob2tel,1
"33401","2026-10-01","05",true,GW_ROBOT_TELCEL_2,2,2,false,false,false,"",77,sms,rob2tel,1
"33401","2026-10-01","05",true,GW_ROBOT_TELCEL_2,2,2,false,false,false,"",79,sms,rob2tel,3
"33401","2026-10-01","05",true,GW_ROBOT_TELCEL_2,2,2,false,false,false,"",82,sms,rob2tel,1
"33401","2026-10-01","05",true,GW_ROBOT_TELCEL_2,2,2,false,false,false,"",83,sms,rob2tel,1
"33401","2026-10-01","05",true,GW_ROBOT_TELCEL_2,2,2,false,false,false,"",88,sms,rob2tel,1
"33401","2026-10-01","05",true,GW_ROBOT_TELCEL_2,2,2,false,false,false,"",89,sms,rob2tel,1
"33401","2026-10-01","05",true,GW_ROBOT_TELCEL_2,2,2,false,false,false,"",93,sms,rob2tel,1
"33401","2026-10-01","05",true,GW_ROBOT_TELCEL_2,2,2,false,false,false,"",95,sms,rob2tel,1
"33401","2026-10-01","05",true,GW_ROBOT_TELCEL_2,2,2,false,false,false,"",97,sms,rob2tel,1
"33401","2026-10-01","05",true,GW_ROBOT_TELCEL_2,2,2,false,false,false,"",101,sms,rob2tel,1
"33401","2026-10-01","05",true,GW_ROBOT_TELCEL_2,2,2,false,false,false,"",111,sms,rob2tel,1
"33401","2026-10-01","05",true,GW_ROBOT_TELCEL_2,2,2,false,false,false,"",116,sms,rob2tel,2
"33401","2026-10-01","05",true,GW_ROBOT_TELCEL_2,2,2,false,false,false,"",117,sms,rob2tel,2
"33401","2026-10-01","05",true,GW_ROBOT_TELCEL_2,2,2,false,false,false,"",124,sms,rob2tel,2
"33401","2026-10-01","05",true,GW_ROBOT_TELCEL_2,2,2,false,false,false,"",125,sms,rob2tel,1
"33401","2026-10-01","05",true,GW_ROBOT_TELCEL_2,3,1,false,false,false,"",151,sms,rob2tel,35
"33401","2026-10-01","05",true,GW_ROBOT_TELCEL_2,3,2,false,false,false,"",153,sms,rob2tel,31
"33401","2026-10-01","05",true,GW_ROBOT_TELCEL_2,3,3,false,false,false,"",8,sms,rob2tel,1
"33401","2026-10-01","05",true,GW_ROBOT_TELCEL_2,3,3,false,false,false,"",36,sms,rob2tel,1
"33401","2026-10-01","05",true,GW_ROBOT_TELCEL_2,3,3,false,false,false,"",77,sms,rob2tel,4
"33401","2026-10-01","05",true,GW_ROBOT_TELCEL_2,3,3,false,false,false,"",78,sms,rob2tel,1
"33401","2026-10-01","05",true,GW_ROBOT_TELCEL_2,3,3,false,false,false,"",79,sms,rob2tel,1
"33401","2026-10-01","05",true,GW_ROBOT_TELCEL_2,3,3,false,false,false,"",80,sms,rob2tel,1
"33401","2026-10-01","05",true,GW_ROBOT_TELCEL_2,3,3,false,false,false,"",81,sms,rob2tel,2
"33401","2026-10-01","05",true,GW_ROBOT_TELCEL_2,3,3,false,false,false,"",82,sms,rob2tel,4
"33401","2026-10-01","05",true,GW_ROBOT_TELCEL_2,3,3,false,false,false,"",84,sms,rob2tel,4
"33401","2026-10-01","05",true,GW_ROBOT_TELCEL_2,3,3,false,false,false,"",85,sms,rob2tel,1
"33401","2026-10-01","05",true,GW_ROBOT_TELCEL_2,3,3,false,false,false,"",86,sms,rob2tel,4
"33401","2026-10-01","05",true,GW_ROBOT_TELCEL_2,3,3,false,false,false,"",87,sms,rob2tel,2
"33401","2026-10-01","05",true,GW_ROBOT_TELCEL_2,3,3,false,false,false,"",126,sms,rob2tel,6
"33401","2026-10-01","05",true,GW_ROBOT_TELCEL_3,1,0,false,false,false,"",5,sms,rob2tel,2
"33401","2026-10-01","05",true,GW_ROBOT_TELCEL_3,1,0,false,false,false,"",12,sms,rob2tel,1
"33401","2026-10-01","05",true,GW_ROBOT_TELCEL_3,1,0,false,false,false,"",14,sms,rob2tel,2
"33401","2026-10-01","05",true,GW_ROBOT_TELCEL_3,1,0,false,false,false,"",20,sms,rob2tel,1
"33401","2026-10-01","05",true,GW_ROBOT_TELCEL_3,1,0,false,false,false,"",30,sms,rob2tel,2
"33401","2026-10-01","05",true,GW_ROBOT_TELCEL_3,1,0,false,false,false,"",33,sms,rob2tel,4
"33401","2026-10-01","05",true,GW_ROBOT_TELCEL_3,1,0,false,false,false,"",38,sms,rob2tel,3
"33401","2026-10-01","05",true,GW_ROBOT_TELCEL_3,1,0,false,false,false,"",40,sms,rob2tel,1
"33401","2026-10-01","05",true,GW_ROBOT_TELCEL_3,1,0,false,false,false,"",41,sms,rob2tel,8
"33401","2026-10-01","05",true,GW_ROBOT_TELCEL_3,1,0,false,false,false,"",42,sms,rob2tel,1
"33401","2026-10-01","05",true,GW_ROBOT_TELCEL_3,1,0,false,false,false,"",44,sms,rob2tel,37
"33401","2026-10-01","05",true,GW_ROBOT_TELCEL_3,1,0,false,false,false,"",45,sms,rob2tel,1
"33401","2026-10-01","05",true,GW_ROBOT_TELCEL_3,1,0,false,false,false,"",48,sms,rob2tel,5
"33401","2026-10-01","05",true,GW_ROBOT_TELCEL_3,1,0,false,false,false,"",57,sms,rob2tel,1
"33401","2026-10-01","05",true,GW_ROBOT_TELCEL_3,1,0,false,false,false,"",59,sms,rob2tel,7
"33401","2026-10-01","05",true,GW_ROBOT_TELCEL_3,1,0,false,false,false,"",63,sms,rob2tel,2
"33401","2026-10-01","05",true,GW_ROBOT_TELCEL_3,1,0,false,false,false,"",70,sms,rob2tel,10
"33401","2026-10-01","05",true,GW_ROBOT_TELCEL_3,1,0,false,false,false,"",71,sms,rob2tel,7
"33401","2026-10-01","05",true,GW_ROBOT_TELCEL_3,1,0,false,false,false,"",72,sms,rob2tel,1
"33401","2026-10-01","05",true,GW_ROBOT_TELCEL_3,1,0,false,false,false,"",74,sms,rob2tel,25
"33401","2026-10-01","05",true,GW_ROBOT_TELCEL_3,1,0,false,false,false,"",75,sms,rob2tel,1
"33401","2026-10-01","05",true,GW_ROBOT_TELCEL_3,1,0,false,false,false,"",76,sms,rob2tel,4
"33401","2026-10-01","05",true,GW_ROBOT_TELCEL_3,1,0,false,false,false,"",77,sms,rob2tel,8
"33401","2026-10-01","05",true,GW_ROBOT_TELCEL_3,1,0,false,false,false,"",79,sms,rob2tel,1
"33401","2026-10-01","05",true,GW_ROBOT_TELCEL_3,1,0,false,false,false,"",80,sms,rob2tel,1
"33401","2026-10-01","05",true,GW_ROBOT_TELCEL_3,1,0,false,false,false,"",81,sms,rob2tel,43
"33401","2026-10-01","05",true,GW_ROBOT_TELCEL_3,1,0,false,false,false,"",82,sms,rob2tel,1
"33401","2026-10-01","05",true,GW_ROBOT_TELCEL_3,1,0,false,false,false,"",84,sms,rob2tel,1
"33401","2026-10-01","05",true,GW_ROBOT_TELCEL_3,1,0,false,false,false,"",88,sms,rob2tel,2
"33401","2026-10-01","05",true,GW_ROBOT_TELCEL_3,1,0,false,false,false,"",94,sms,rob2tel,6
"33401","2026-10-01","05",true,GW_ROBOT_TELCEL_3,1,0,false,false,false,"",96,sms,rob2tel,2
"33401","2026-10-01","05",true,GW_ROBOT_TELCEL_3,1,0,false,false,false,"",97,sms,rob2tel,3
"33401","2026-10-01","05",true,GW_ROBOT_TELCEL_3,1,0,false,false,false,"",98,sms,rob2tel,17
"33401","2026-10-01","05",true,GW_ROBOT_TELCEL_3,1,0,false,false,false,"",99,sms,rob2tel,131
"33401","2026-10-01","05",true,GW_ROBOT_TELCEL_3,1,0,false,false,false,"",100,sms,rob2tel,3
"33401","2026-10-01","05",true,GW_ROBOT_TELCEL_3,1,0,false,false,false,"",101,sms,rob2tel,130
"33401","2026-10-01","05",true,GW_ROBOT_TELCEL_3,1,0,false,false,false,"",102,sms,rob2tel,114
"33401","2026-10-01","05",true,GW_ROBOT_TELCEL_3,1,0,false,false,false,"",103,sms,rob2tel,1
"33401","2026-10-01","05",true,GW_ROBOT_TELCEL_3,1,0,false,false,false,"",104,sms,rob2tel,41
"33401","2026-10-01","05",true,GW_ROBOT_TELCEL_3,1,0,false,false,false,"",105,sms,rob2tel,144
"33401","2026-10-01","05",true,GW_ROBOT_TELCEL_3,1,0,false,false,false,"",106,sms,rob2tel,5
"33401","2026-10-01","05",true,GW_ROBOT_TELCEL_3,1,0,false,false,false,"",107,sms,rob2tel,8
"33401","2026-10-01","05",true,GW_ROBOT_TELCEL_3,1,0,false,false,false,"",108,sms,rob2tel,16
"33401","2026-10-01","05",true,GW_ROBOT_TELCEL_3,1,0,false,false,false,"",109,sms,rob2tel,5
"33401","2026-10-01","05",true,GW_ROBOT_TELCEL_3,1,0,false,false,false,"",110,sms,rob2tel,1
"33401","2026-10-01","05",true,GW_ROBOT_TELCEL_3,1,0,false,false,false,"",111,sms,rob2tel,17
"33401","2026-10-01","05",true,GW_ROBOT_TELCEL_3,1,0,false,false,false,"",112,sms,rob2tel,5
"33401","2026-10-01","05",true,GW_ROBOT_TELCEL_3,1,0,false,false,false,"",114,sms,rob2tel,1
"33401","2026-10-01","05",true,GW_ROBOT_TELCEL_3,1,0,false,false,false,"",115,sms,rob2tel,24
"33401","2026-10-01","05",true,GW_ROBOT_TELCEL_3,1,0,false,false,false,"",116,sms,rob2tel,78
"33401","2026-10-01","05",true,GW_ROBOT_TELCEL_3,1,0,false,false,false,"",118,sms,rob2tel,6
"33401","2026-10-01","05",true,GW_ROBOT_TELCEL_3,1,0,false,false,false,"",119,sms,rob2tel,10
"33401","2026-10-01","05",true,GW_ROBOT_TELCEL_3,1,0,false,false,false,"",121,sms,rob2tel,106
"33401","2026-10-01","05",true,GW_ROBOT_TELCEL_3,1,0,false,false,false,"",122,sms,rob2tel,9
"33401","2026-10-01","05",true,GW_ROBOT_TELCEL_3,1,0,false,false,false,"",123,sms,rob2tel,7
"33401","2026-10-01","05",true,GW_ROBOT_TELCEL_3,1,0,false,false,false,"",126,sms,rob2tel,2046
"33401","2026-10-01","05",true,GW_ROBOT_TELCEL_3,1,0,false,false,false,"",127,sms,rob2tel,1
"33401","2026-10-01","05",true,GW_ROBOT_TELCEL_3,1,0,false,false,false,"",128,sms,rob2tel,4
"33401","2026-10-01","05",true,GW_ROBOT_TELCEL_3,1,0,false,false,false,"",129,sms,rob2tel,2
"33401","2026-10-01","05",true,GW_ROBOT_TELCEL_3,1,0,false,false,false,"",130,sms,rob2tel,17
"33401","2026-10-01","05",true,GW_ROBOT_TELCEL_3,1,0,false,false,false,"",131,sms,rob2tel,19
"33401","2026-10-01","05",true,GW_ROBOT_TELCEL_3,1,0,false,false,false,"",132,sms,rob2tel,22
"33401","2026-10-01","05",true,GW_ROBOT_TELCEL_3,1,0,false,false,false,"",133,sms,rob2tel,9
"33401","2026-10-01","05",true,GW_ROBOT_TELCEL_3,1,0,false,false,false,"",134,sms,rob2tel,1
"33401","2026-10-01","05",true,GW_ROBOT_TELCEL_3,1,0,false,false,false,"",136,sms,rob2tel,17
"33401","2026-10-01","05",true,GW_ROBOT_TELCEL_3,1,0,false,false,false,"",138,sms,rob2tel,2
"33401","2026-10-01","05",true,GW_ROBOT_TELCEL_3,1,0,false,false,false,"",139,sms,rob2tel,1
"33401","2026-10-01","05",true,GW_ROBOT_TELCEL_3,1,0,false,false,false,"",140,sms,rob2tel,3
"33401","2026-10-01","05",true,GW_ROBOT_TELCEL_3,1,0,false,false,false,"",141,sms,rob2tel,70
"33401","2026-10-01","05",true,GW_ROBOT_TELCEL_3,1,0,false,false,false,"",142,sms,rob2tel,8
"33401","2026-10-01","05",true,GW_ROBOT_TELCEL_3,1,0,false,false,false,"",143,sms,rob2tel,1
"33401","2026-10-01","05",true,GW_ROBOT_TELCEL_3,1,0,false,false,false,"",144,sms,rob2tel,67
"33401","2026-10-01","05",true,GW_ROBOT_TELCEL_3,1,0,false,false,false,"",145,sms,rob2tel,9
"33401","2026-10-01","05",true,GW_ROBOT_TELCEL_3,1,0,false,false,false,"",146,sms,rob2tel,4
"33401","2026-10-01","05",true,GW_ROBOT_TELCEL_3,1,0,false,false,false,"",147,sms,rob2tel,15
"33401","2026-10-01","05",true,GW_ROBOT_TELCEL_3,1,0,false,false,false,"",148,sms,rob2tel,16
"33401","2026-10-01","05",true,GW_ROBOT_TELCEL_3,1,0,false,false,false,"",149,sms,rob2tel,2
"33401","2026-10-01","05",true,GW_ROBOT_TELCEL_3,1,0,false,false,false,"",151,sms,rob2tel,11
"33401","2026-10-01","05",true,GW_ROBOT_TELCEL_3,1,0,false,false,false,"",153,sms,rob2tel,4
"33401","2026-10-01","05",true,GW_ROBOT_TELCEL_3,1,0,false,false,false,"",154,sms,rob2tel,21
"33401","2026-10-01","05",true,GW_ROBOT_TELCEL_3,1,0,false,false,false,"",155,sms,rob2tel,10
"33401","2026-10-01","05",true,GW_ROBOT_TELCEL_3,1,0,false,false,false,"",156,sms,rob2tel,55
"33401","2026-10-01","05",true,GW_ROBOT_TELCEL_3,1,0,false,false,false,"",157,sms,rob2tel,1
"33401","2026-10-01","05",true,GW_ROBOT_TELCEL_3,1,0,false,false,false,"",158,sms,rob2tel,1
"33401","2026-10-01","05",true,GW_ROBOT_TELCEL_3,1,0,false,false,false,"",159,sms,rob2tel,8
"33401","2026-10-01","05",true,GW_ROBOT_TELCEL_3,2,1,false,false,false,"",134,sms,rob2tel,2
"33401","2026-10-01","05",true,GW_ROBOT_TELCEL_3,2,1,false,false,false,"",151,sms,rob2tel,160
"33401","2026-10-01","05",true,GW_ROBOT_TELCEL_3,2,1,false,false,false,"",153,sms,rob2tel,11
"33401","2026-10-01","05",true,GW_ROBOT_TELCEL_3,2,2,false,false,false,"",8,sms,rob2tel,16
"33401","2026-10-01","05",true,GW_ROBOT_TELCEL_3,2,2,false,false,false,"",9,sms,rob2tel,2
"33401","2026-10-01","05",true,GW_ROBOT_TELCEL_3,2,2,false,false,false,"",10,sms,rob2tel,1
"33401","2026-10-01","05",true,GW_ROBOT_TELCEL_3,2,2,false,false,false,"",11,sms,rob2tel,1
"33401","2026-10-01","05",true,GW_ROBOT_TELCEL_3,2,2,false,false,false,"",12,sms,rob2tel,1
"33401","2026-10-01","05",true,GW_ROBOT_TELCEL_3,2,2,false,false,false,"",13,sms,rob2tel,2
"33401","2026-10-01","05",true,GW_ROBOT_TELCEL_3,2,2,false,false,false,"",15,sms,rob2tel,7
"33401","2026-10-01","05",true,GW_ROBOT_TELCEL_3,2,2,false,false,false,"",16,sms,rob2tel,2
"33401","2026-10-01","05",true,GW_ROBOT_TELCEL_3,2,2,false,false,false,"",17,sms,rob2tel,2
"33401","2026-10-01","05",true,GW_ROBOT_TELCEL_3,2,2,false,false,false,"",18,sms,rob2tel,5
"33401","2026-10-01","05",true,GW_ROBOT_TELCEL_3,2,2,false,false,false,"",20,sms,rob2tel,2
"33401","2026-10-01","05",true,GW_ROBOT_TELCEL_3,2,2,false,false,false,"",21,sms,rob2tel,4
"33401","2026-10-01","05",true,GW_ROBOT_TELCEL_3,2,2,false,false,false,"",25,sms,rob2tel,3
"33401","2026-10-01","05",true,GW_ROBOT_TELCEL_3,2,2,false,false,false,"",27,sms,rob2tel,1
"33401","2026-10-01","05",true,GW_ROBOT_TELCEL_3,2,2,false,false,false,"",28,sms,rob2tel,1
"33401","2026-10-01","05",true,GW_ROBOT_TELCEL_3,2,2,false,false,false,"",29,sms,rob2tel,2
"33401","2026-10-01","05",true,GW_ROBOT_TELCEL_3,2,2,false,false,false,"",31,sms,rob2tel,3
"33401","2026-10-01","05",true,GW_ROBOT_TELCEL_3,2,2,false,false,false,"",32,sms,rob2tel,1
"33401","2026-10-01","05",true,GW_ROBOT_TELCEL_3,2,2,false,false,false,"",33,sms,rob2tel,1
"33401","2026-10-01","05",true,GW_ROBOT_TELCEL_3,2,2,false,false,false,"",35,sms,rob2tel,3
"33401","2026-10-01","05",true,GW_ROBOT_TELCEL_3,2,2,false,false,false,"",36,sms,rob2tel,1
"33401","2026-10-01","05",true,GW_ROBOT_TELCEL_3,2,2,false,false,false,"",40,sms,rob2tel,1
"33401","2026-10-01","05",true,GW_ROBOT_TELCEL_3,2,2,false,false,false,"",42,sms,rob2tel,3
"33401","2026-10-01","05",true,GW_ROBOT_TELCEL_3,2,2,false,false,false,"",43,sms,rob2tel,1
"33401","2026-10-01","05",true,GW_ROBOT_TELCEL_3,2,2,false,false,false,"",47,sms,rob2tel,1
"33401","2026-10-01","05",true,GW_ROBOT_TELCEL_3,2,2,false,false,false,"",69,sms,rob2tel,39
"33401","2026-10-01","05",true,GW_ROBOT_TELCEL_3,2,2,false,false,false,"",70,sms,rob2tel,11
"33401","2026-10-01","05",true,GW_ROBOT_TELCEL_3,2,2,false,false,false,"",71,sms,rob2tel,16
"33401","2026-10-01","05",true,GW_ROBOT_TELCEL_3,2,2,false,false,false,"",72,sms,rob2tel,19
"33401","2026-10-01","05",true,GW_ROBOT_TELCEL_3,2,2,false,false,false,"",79,sms,rob2tel,4
"33401","2026-10-01","05",true,GW_ROBOT_TELCEL_3,2,2,false,false,false,"",89,sms,rob2tel,1
"33401","2026-10-01","05",true,GW_ROBOT_TELCEL_3,2,2,false,false,false,"",91,sms,rob2tel,1
"33401","2026-10-01","05",true,GW_ROBOT_TELCEL_3,2,2,false,false,false,"",93,sms,rob2tel,2
"33401","2026-10-01","05",true,GW_ROBOT_TELCEL_3,2,2,false,false,false,"",97,sms,rob2tel,1
"33401","2026-10-01","05",true,GW_ROBOT_TELCEL_3,2,2,false,false,false,"",105,sms,rob2tel,1
"33401","2026-10-01","05",true,GW_ROBOT_TELCEL_3,2,2,false,false,false,"",111,sms,rob2tel,1
"33401","2026-10-01","05",true,GW_ROBOT_TELCEL_3,2,2,false,false,false,"",117,sms,rob2tel,1
"33401","2026-10-01","05",true,GW_ROBOT_TELCEL_3,2,2,false,false,false,"",123,sms,rob2tel,1
"33401","2026-10-01","05",true,GW_ROBOT_TELCEL_3,2,2,false,false,false,"",137,sms,rob2tel,1
"33401","2026-10-01","05",true,GW_ROBOT_TELCEL_3,2,2,false,false,false,"",143,sms,rob2tel,1
"33401","2026-10-01","05",true,GW_ROBOT_TELCEL_3,3,1,false,false,false,"",151,sms,rob2tel,40
"33401","2026-10-01","05",true,GW_ROBOT_TELCEL_3,3,2,false,false,false,"",153,sms,rob2tel,44
"33401","2026-10-01","05",true,GW_ROBOT_TELCEL_3,3,3,false,false,false,"",7,sms,rob2tel,2
"33401","2026-10-01","05",true,GW_ROBOT_TELCEL_3,3,3,false,false,false,"",8,sms,rob2tel,1
"33401","2026-10-01","05",true,GW_ROBOT_TELCEL_3,3,3,false,false,false,"",13,sms,rob2tel,1
"33401","2026-10-01","05",true,GW_ROBOT_TELCEL_3,3,3,false,false,false,"",26,sms,rob2tel,1
"33401","2026-10-01","05",true,GW_ROBOT_TELCEL_3,3,3,false,false,false,"",41,sms,rob2tel,1
"33401","2026-10-01","05",true,GW_ROBOT_TELCEL_3,3,3,false,false,false,"",76,sms,rob2tel,2
"33401","2026-10-01","05",true,GW_ROBOT_TELCEL_3,3,3,false,false,false,"",77,sms,rob2tel,3
"33401","2026-10-01","05",true,GW_ROBOT_TELCEL_3,3,3,false,false,false,"",78,sms,rob2tel,2
"33401","2026-10-01","05",true,GW_ROBOT_TELCEL_3,3,3,false,false,false,"",79,sms,rob2tel,2
"33401","2026-10-01","05",true,GW_ROBOT_TELCEL_3,3,3,false,false,false,"",80,sms,rob2tel,2
"33401","2026-10-01","05",true,GW_ROBOT_TELCEL_3,3,3,false,false,false,"",81,sms,rob2tel,3
"33401","2026-10-01","05",true,GW_ROBOT_TELCEL_3,3,3,false,false,false,"",82,sms,rob2tel,3
"33401","2026-10-01","05",true,GW_ROBOT_TELCEL_3,3,3,false,false,false,"",84,sms,rob2tel,3
"33401","2026-10-01","05",true,GW_ROBOT_TELCEL_3,3,3,false,false,false,"",86,sms,rob2tel,5
"33401","2026-10-01","05",true,GW_ROBOT_TELCEL_3,3,3,false,false,false,"",87,sms,rob2tel,2
"33401","2026-10-01","05",true,GW_ROBOT_TELCEL_3,3,3,false,false,false,"",126,sms,rob2tel,10
"33401","2026-10-01","05",true,ROBOCOM_ALESTRA,1,0,false,false,false,"",126,sms,ROBOCOM,2
"33401","2026-10-01","06",false,alestra,1,0,false,true,false,ESME_RINVSRCADR,157,sms,"",1
"33401","2026-10-01","06",true,GW_ROBOT_TELCEL_2,1,0,false,false,false,"",5,sms,rob2tel,1
"33401","2026-10-01","06",true,GW_ROBOT_TELCEL_2,1,0,false,false,false,"",20,sms,rob2tel,1
"33401","2026-10-01","06",true,GW_ROBOT_TELCEL_2,1,0,false,false,false,"",28,sms,rob2tel,2
"33401","2026-10-01","06",true,GW_ROBOT_TELCEL_2,1,0,false,false,false,"",30,sms,rob2tel,8
"33401","2026-10-01","06",true,GW_ROBOT_TELCEL_2,1,0,false,false,false,"",33,sms,rob2tel,5
"33401","2026-10-01","06",true,GW_ROBOT_TELCEL_2,1,0,false,false,false,"",38,sms,rob2tel,7
"33401","2026-10-01","06",true,GW_ROBOT_TELCEL_2,1,0,false,false,false,"",40,sms,rob2tel,1
"33401","2026-10-01","06",true,GW_ROBOT_TELCEL_2,1,0,false,false,false,"",41,sms,rob2tel,5
"33401","2026-10-01","06",true,GW_ROBOT_TELCEL_2,1,0,false,false,false,"",42,sms,rob2tel,6
"33401","2026-10-01","06",true,GW_ROBOT_TELCEL_2,1,0,false,false,false,"",44,sms,rob2tel,11
"33401","2026-10-01","06",true,GW_ROBOT_TELCEL_2,1,0,false,false,false,"",48,sms,rob2tel,1
"33401","2026-10-01","06",true,GW_ROBOT_TELCEL_2,1,0,false,false,false,"",52,sms,rob2tel,1
"33401","2026-10-01","06",true,GW_ROBOT_TELCEL_2,1,0,false,false,false,"",59,sms,rob2tel,6
"33401","2026-10-01","06",true,GW_ROBOT_TELCEL_2,1,0,false,false,false,"",66,sms,rob2tel,1
"33401","2026-10-01","06",true,GW_ROBOT_TELCEL_2,1,0,false,false,false,"",70,sms,rob2tel,5
"33401","2026-10-01","06",true,GW_ROBOT_TELCEL_2,1,0,false,false,false,"",71,sms,rob2tel,4
"33401","2026-10-01","06",true,GW_ROBOT_TELCEL_2,1,0,false,false,false,"",72,sms,rob2tel,2
"33401","2026-10-01","06",true,GW_ROBOT_TELCEL_2,1,0,false,false,false,"",73,sms,rob2tel,1
"33401","2026-10-01","06",true,GW_ROBOT_TELCEL_2,1,0,false,false,false,"",74,sms,rob2tel,4
"33401","2026-10-01","06",true,GW_ROBOT_TELCEL_2,1,0,false,false,false,"",75,sms,rob2tel,1
"33401","2026-10-01","06",true,GW_ROBOT_TELCEL_2,1,0,false,false,false,"",76,sms,rob2tel,2
"33401","2026-10-01","06",true,GW_ROBOT_TELCEL_2,1,0,false,false,false,"",77,sms,rob2tel,1
"33401","2026-10-01","06",true,GW_ROBOT_TELCEL_2,1,0,false,false,false,"",81,sms,rob2tel,21
"33401","2026-10-01","06",true,GW_ROBOT_TELCEL_2,1,0,false,false,false,"",82,sms,rob2tel,2
"33401","2026-10-01","06",true,GW_ROBOT_TELCEL_2,1,0,false,false,false,"",84,sms,rob2tel,1
"33401","2026-10-01","06",true,GW_ROBOT_TELCEL_2,1,0,false,false,false,"",87,sms,rob2tel,1
"33401","2026-10-01","06",true,GW_ROBOT_TELCEL_2,1,0,false,false,false,"",88,sms,rob2tel,2
"33401","2026-10-01","06",true,GW_ROBOT_TELCEL_2,1,0,false,false,false,"",90,sms,rob2tel,5
"33401","2026-10-01","06",true,GW_ROBOT_TELCEL_2,1,0,false,false,false,"",92,sms,rob2tel,1
"33401","2026-10-01","06",true,GW_ROBOT_TELCEL_2,1,0,false,false,false,"",93,sms,rob2tel,3
"33401","2026-10-01","06",true,GW_ROBOT_TELCEL_2,1,0,false,false,false,"",94,sms,rob2tel,2
"33401","2026-10-01","06",true,GW_ROBOT_TELCEL_2,1,0,false,false,false,"",96,sms,rob2tel,1
"33401","2026-10-01","06",true,GW_ROBOT_TELCEL_2,1,0,false,false,false,"",97,sms,rob2tel,7
"33401","2026-10-01","06",true,GW_ROBOT_TELCEL_2,1,0,false,false,false,"",98,sms,rob2tel,5570
"33401","2026-10-01","06",true,GW_ROBOT_TELCEL_2,1,0,false,false,false,"",99,sms,rob2tel,60
"33401","2026-10-01","06",true,GW_ROBOT_TELCEL_2,1,0,false,false,false,"",100,sms,rob2tel,172
"33401","2026-10-01","06",true,GW_ROBOT_TELCEL_2,1,0,false,false,false,"",101,sms,rob2tel,50
"33401","2026-10-01","06",true,GW_ROBOT_TELCEL_2,1,0,false,false,false,"",102,sms,rob2tel,55
"33401","2026-10-01","06",true,GW_ROBOT_TELCEL_2,1,0,false,false,false,"",104,sms,rob2tel,19
"33401","2026-10-01","06",true,GW_ROBOT_TELCEL_2,1,0,false,false,false,"",105,sms,rob2tel,79
"33401","2026-10-01","06",true,GW_ROBOT_TELCEL_2,1,0,false,false,false,"",106,sms,rob2tel,2
"33401","2026-10-01","06",true,GW_ROBOT_TELCEL_2,1,0,false,false,false,"",107,sms,rob2tel,3
"33401","2026-10-01","06",true,GW_ROBOT_TELCEL_2,1,0,false,false,false,"",108,sms,rob2tel,4
"33401","2026-10-01","06",true,GW_ROBOT_TELCEL_2,1,0,false,false,false,"",109,sms,rob2tel,3
"33401","2026-10-01","06",true,GW_ROBOT_TELCEL_2,1,0,false,false,false,"",110,sms,rob2tel,63
"33401","2026-10-01","06",true,GW_ROBOT_TELCEL_2,1,0,false,false,false,"",111,sms,rob2tel,172
"33401","2026-10-01","06",true,GW_ROBOT_TELCEL_2,1,0,false,false,false,"",112,sms,rob2tel,115
"33401","2026-10-01","06",true,GW_ROBOT_TELCEL_2,1,0,false,false,false,"",113,sms,rob2tel,69
"33401","2026-10-01","06",true,GW_ROBOT_TELCEL_2,1,0,false,false,false,"",114,sms,rob2tel,34
"33401","2026-10-01","06",true,GW_ROBOT_TELCEL_2,1,0,false,false,false,"",115,sms,rob2tel,77
"33401","2026-10-01","06",true,GW_ROBOT_TELCEL_2,1,0,false,false,false,"",116,sms,rob2tel,4
"33401","2026-10-01","06",true,GW_ROBOT_TELCEL_2,1,0,false,false,false,"",117,sms,rob2tel,1
"33401","2026-10-01","06",true,GW_ROBOT_TELCEL_2,1,0,false,false,false,"",118,sms,rob2tel,1
"33401","2026-10-01","06",true,GW_ROBOT_TELCEL_2,1,0,false,false,false,"",119,sms,rob2tel,4
"33401","2026-10-01","06",true,GW_ROBOT_TELCEL_2,1,0,false,false,false,"",122,sms,rob2tel,1
"33401","2026-10-01","06",true,GW_ROBOT_TELCEL_2,1,0,false,false,false,"",123,sms,rob2tel,3
"33401","2026-10-01","06",true,GW_ROBOT_TELCEL_2,1,0,false,false,false,"",124,sms,rob2tel,52
"33401","2026-10-01","06",true,GW_ROBOT_TELCEL_2,1,0,false,false,false,"",126,sms,rob2tel,4
"33401","2026-10-01","06",true,GW_ROBOT_TELCEL_2,1,0,false,false,false,"",127,sms,rob2tel,31
"33401","2026-10-01","06",true,GW_ROBOT_TELCEL_2,1,0,false,false,false,"",128,sms,rob2tel,9
"33401","2026-10-01","06",true,GW_ROBOT_TELCEL_2,1,0,false,false,false,"",129,sms,rob2tel,2
"33401","2026-10-01","06",true,GW_ROBOT_TELCEL_2,1,0,false,false,false,"",130,sms,rob2tel,12
"33401","2026-10-01","06",true,GW_ROBOT_TELCEL_2,1,0,false,false,false,"",131,sms,rob2tel,46
"33401","2026-10-01","06",true,GW_ROBOT_TELCEL_2,1,0,false,false,false,"",132,sms,rob2tel,10
"33401","2026-10-01","06",true,GW_ROBOT_TELCEL_2,1,0,false,false,false,"",133,sms,rob2tel,34
"33401","2026-10-01","06",true,GW_ROBOT_TELCEL_2,1,0,false,false,false,"",134,sms,rob2tel,1
"33401","2026-10-01","06",true,GW_ROBOT_TELCEL_2,1,0,false,false,false,"",135,sms,rob2tel,1
"33401","2026-10-01","06",true,GW_ROBOT_TELCEL_2,1,0,false,false,false,"",136,sms,rob2tel,1
"33401","2026-10-01","06",true,GW_ROBOT_TELCEL_2,1,0,false,false,false,"",138,sms,rob2tel,5
"33401","2026-10-01","06",true,GW_ROBOT_TELCEL_2,1,0,false,false,false,"",139,sms,rob2tel,6
"33401","2026-10-01","06",true,GW_ROBOT_TELCEL_2,1,0,false,false,false,"",140,sms,rob2tel,3
"33401","2026-10-01","06",true,GW_ROBOT_TELCEL_2,1,0,false,false,false,"",141,sms,rob2tel,36
"33401","2026-10-01","06",true,GW_ROBOT_TELCEL_2,1,0,false,false,false,"",142,sms,rob2tel,2
"33401","2026-10-01","06",true,GW_ROBOT_TELCEL_2,1,0,false,false,false,"",144,sms,rob2tel,32
"33401","2026-10-01","06",true,GW_ROBOT_TELCEL_2,1,0,false,false,false,"",145,sms,rob2tel,4
"33401","2026-10-01","06",true,GW_ROBOT_TELCEL_2,1,0,false,false,false,"",147,sms,rob2tel,13
"33401","2026-10-01","06",true,GW_ROBOT_TELCEL_2,1,0,false,false,false,"",148,sms,rob2tel,15
"33401","2026-10-01","06",true,GW_ROBOT_TELCEL_2,1,0,false,false,false,"",151,sms,rob2tel,11
"33401","2026-10-01","06",true,GW_ROBOT_TELCEL_2,1,0,false,false,false,"",153,sms,rob2tel,3
"33401","2026-10-01","06",true,GW_ROBOT_TELCEL_2,1,0,false,false,false,"",154,sms,rob2tel,13
"33401","2026-10-01","06",true,GW_ROBOT_TELCEL_2,1,0,false,false,false,"",155,sms,rob2tel,15
"33401","2026-10-01","06",true,GW_ROBOT_TELCEL_2,1,0,false,false,false,"",156,sms,rob2tel,2
"33401","2026-10-01","06",true,GW_ROBOT_TELCEL_2,1,0,false,false,false,"",157,sms,rob2tel,8
"33401","2026-10-01","06",true,GW_ROBOT_TELCEL_2,1,0,false,false,false,"",158,sms,rob2tel,3
"33401","2026-10-01","06",true,GW_ROBOT_TELCEL_2,2,1,false,false,false,"",134,sms,rob2tel,89
"33401","2026-10-01","06",true,GW_ROBOT_TELCEL_2,2,1,false,false,false,"",151,sms,rob2tel,83
"33401","2026-10-01","06",true,GW_ROBOT_TELCEL_2,2,1,false,false,false,"",153,sms,rob2tel,3
"33401","2026-10-01","06",true,GW_ROBOT_TELCEL_2,2,2,false,false,false,"",8,sms,rob2tel,5
"33401","2026-10-01","06",true,GW_ROBOT_TELCEL_2,2,2,false,false,false,"",9,sms,rob2tel,1
"33401","2026-10-01","06",true,GW_ROBOT_TELCEL_2,2,2,false,false,false,"",15,sms,rob2tel,2
"33401","2026-10-01","06",true,GW_ROBOT_TELCEL_2,2,2,false,false,false,"",16,sms,rob2tel,1
"33401","2026-10-01","06",true,GW_ROBOT_TELCEL_2,2,2,false,false,false,"",17,sms,rob2tel,4
"33401","2026-10-01","06",true,GW_ROBOT_TELCEL_2,2,2,false,false,false,"",18,sms,rob2tel,1
"33401","2026-10-01","06",true,GW_ROBOT_TELCEL_2,2,2,false,false,false,"",20,sms,rob2tel,9
"33401","2026-10-01","06",true,GW_ROBOT_TELCEL_2,2,2,false,false,false,"",21,sms,rob2tel,11
"33401","2026-10-01","06",true,GW_ROBOT_TELCEL_2,2,2,false,false,false,"",23,sms,rob2tel,9
"33401","2026-10-01","06",true,GW_ROBOT_TELCEL_2,2,2,false,false,false,"",24,sms,rob2tel,1
"33401","2026-10-01","06",true,GW_ROBOT_TELCEL_2,2,2,false,false,false,"",25,sms,rob2tel,7
"33401","2026-10-01","06",true,GW_ROBOT_TELCEL_2,2,2,false,false,false,"",27,sms,rob2tel,1
"33401","2026-10-01","06",true,GW_ROBOT_TELCEL_2,2,2,false,false,false,"",29,sms,rob2tel,2
"33401","2026-10-01","06",true,GW_ROBOT_TELCEL_2,2,2,false,false,false,"",31,sms,rob2tel,2
"33401","2026-10-01","06",true,GW_ROBOT_TELCEL_2,2,2,false,false,false,"",34,sms,rob2tel,2
"33401","2026-10-01","06",true,GW_ROBOT_TELCEL_2,2,2,false,false,false,"",35,sms,rob2tel,1
"33401","2026-10-01","06",true,GW_ROBOT_TELCEL_2,2,2,false,false,false,"",40,sms,rob2tel,7
"33401","2026-10-01","06",true,GW_ROBOT_TELCEL_2,2,2,false,false,false,"",48,sms,rob2tel,1
"33401","2026-10-01","06",true,GW_ROBOT_TELCEL_2,2,2,false,false,false,"",53,sms,rob2tel,1
"33401","2026-10-01","06",true,GW_ROBOT_TELCEL_2,2,2,false,false,false,"",57,sms,rob2tel,39
"33401","2026-10-01","06",true,GW_ROBOT_TELCEL_2,2,2,false,false,false,"",60,sms,rob2tel,1
"33401","2026-10-01","06",true,GW_ROBOT_TELCEL_2,2,2,false,false,false,"",69,sms,rob2tel,12
"33401","2026-10-01","06",true,GW_ROBOT_TELCEL_2,2,2,false,false,false,"",70,sms,rob2tel,5
"33401","2026-10-01","06",true,GW_ROBOT_TELCEL_2,2,2,false,false,false,"",71,sms,rob2tel,5
"33401","2026-10-01","06",true,GW_ROBOT_TELCEL_2,2,2,false,false,false,"",72,sms,rob2tel,18
"33401","2026-10-01","06",true,GW_ROBOT_TELCEL_2,2,2,false,false,false,"",75,sms,rob2tel,1
"33401","2026-10-01","06",true,GW_ROBOT_TELCEL_2,2,2,false,false,false,"",77,sms,rob2tel,1
"33401","2026-10-01","06",true,GW_ROBOT_TELCEL_2,2,2,false,false,false,"",79,sms,rob2tel,1
"33401","2026-10-01","06",true,GW_ROBOT_TELCEL_2,2,2,false,false,false,"",88,sms,rob2tel,1
"33401","2026-10-01","06",true,GW_ROBOT_TELCEL_2,2,2,false,false,false,"",91,sms,rob2tel,1
"33401","2026-10-01","06",true,GW_ROBOT_TELCEL_2,2,2,false,false,false,"",116,sms,rob2tel,1
"33401","2026-10-01","06",true,GW_ROBOT_TELCEL_2,3,1,false,false,false,"",151,sms,rob2tel,26
"33401","2026-10-01","06",true,GW_ROBOT_TELCEL_2,3,1,true,false,false,"",67,sms,rob2tel,1
"33401","2026-10-01","06",true,GW_ROBOT_TELCEL_2,3,2,false,false,false,"",153,sms,rob2tel,27
"33401","2026-10-01","06",true,GW_ROBOT_TELCEL_2,3,3,false,false,false,"",37,sms,rob2tel,1
"33401","2026-10-01","06",true,GW_ROBOT_TELCEL_2,3,3,false,false,false,"",76,sms,rob2tel,2
"33401","2026-10-01","06",true,GW_ROBOT_TELCEL_2,3,3,false,false,false,"",78,sms,rob2tel,1
"33401","2026-10-01","06",true,GW_ROBOT_TELCEL_2,3,3,false,false,false,"",79,sms,rob2tel,1
"33401","2026-10-01","06",true,GW_ROBOT_TELCEL_2,3,3,false,false,false,"",80,sms,rob2tel,3
"33401","2026-10-01","06",true,GW_ROBOT_TELCEL_2,3,3,false,false,false,"",81,sms,rob2tel,2
"33401","2026-10-01","06",true,GW_ROBOT_TELCEL_2,3,3,false,false,false,"",82,sms,rob2tel,1
"33401","2026-10-01","06",true,GW_ROBOT_TELCEL_2,3,3,false,false,false,"",85,sms,rob2tel,1
"33401","2026-10-01","06",true,GW_ROBOT_TELCEL_2,3,3,false,false,false,"",86,sms,rob2tel,1
"33401","2026-10-01","06",true,GW_ROBOT_TELCEL_2,3,3,false,false,false,"",87,sms,rob2tel,4
"33401","2026-10-01","06",true,GW_ROBOT_TELCEL_2,3,3,false,false,false,"",126,sms,rob2tel,5
"33401","2026-10-01","06",true,GW_ROBOT_TELCEL_3,1,0,false,false,false,"",5,sms,rob2tel,1
"33401","2026-10-01","06",true,GW_ROBOT_TELCEL_3,1,0,false,false,false,"",20,sms,rob2tel,1
"33401","2026-10-01","06",true,GW_ROBOT_TELCEL_3,1,0,false,false,false,"",28,sms,rob2tel,1
"33401","2026-10-01","06",true,GW_ROBOT_TELCEL_3,1,0,false,false,false,"",30,sms,rob2tel,4
"33401","2026-10-01","06",true,GW_ROBOT_TELCEL_3,1,0,false,false,false,"",33,sms,rob2tel,6
"33401","2026-10-01","06",true,GW_ROBOT_TELCEL_3,1,0,false,false,false,"",38,sms,rob2tel,6
"33401","2026-10-01","06",true,GW_ROBOT_TELCEL_3,1,0,false,false,false,"",41,sms,rob2tel,6
"33401","2026-10-01","06",true,GW_ROBOT_TELCEL_3,1,0,false,false,false,"",42,sms,rob2tel,3
"33401","2026-10-01","06",true,GW_ROBOT_TELCEL_3,1,0,false,false,false,"",44,sms,rob2tel,19
"33401","2026-10-01","06",true,GW_ROBOT_TELCEL_3,1,0,false,false,false,"",48,sms,rob2tel,5
"33401","2026-10-01","06",true,GW_ROBOT_TELCEL_3,1,0,false,false,false,"",50,sms,rob2tel,3
"33401","2026-10-01","06",true,GW_ROBOT_TELCEL_3,1,0,false,false,false,"",59,sms,rob2tel,7
"33401","2026-10-01","06",true,GW_ROBOT_TELCEL_3,1,0,false,false,false,"",67,sms,rob2tel,1
"33401","2026-10-01","06",true,GW_ROBOT_TELCEL_3,1,0,false,false,false,"",68,sms,rob2tel,1
"33401","2026-10-01","06",true,GW_ROBOT_TELCEL_3,1,0,false,false,false,"",70,sms,rob2tel,6
"33401","2026-10-01","06",true,GW_ROBOT_TELCEL_3,1,0,false,false,false,"",71,sms,rob2tel,2
"33401","2026-10-01","06",true,GW_ROBOT_TELCEL_3,1,0,false,false,false,"",73,sms,rob2tel,3
"33401","2026-10-01","06",true,GW_ROBOT_TELCEL_3,1,0,false,false,false,"",74,sms,rob2tel,4
"33401","2026-10-01","06",true,GW_ROBOT_TELCEL_3,1,0,false,false,false,"",75,sms,rob2tel,2
"33401","2026-10-01","06",true,GW_ROBOT_TELCEL_3,1,0,false,false,false,"",76,sms,rob2tel,7
"33401","2026-10-01","06",true,GW_ROBOT_TELCEL_3,1,0,false,false,false,"",77,sms,rob2tel,6
"33401","2026-10-01","06",true,GW_ROBOT_TELCEL_3,1,0,false,false,false,"",81,sms,rob2tel,32
"33401","2026-10-01","06",true,GW_ROBOT_TELCEL_3,1,0,false,false,false,"",82,sms,rob2tel,3
"33401","2026-10-01","06",true,GW_ROBOT_TELCEL_3,1,0,false,false,false,"",89,sms,rob2tel,1
"33401","2026-10-01","06",true,GW_ROBOT_TELCEL_3,1,0,false,false,false,"",90,sms,rob2tel,7
"33401","2026-10-01","06",true,GW_ROBOT_TELCEL_3,1,0,false,false,false,"",94,sms,rob2tel,1
"33401","2026-10-01","06",true,GW_ROBOT_TELCEL_3,1,0,false,false,false,"",95,sms,rob2tel,1
"33401","2026-10-01","06",true,GW_ROBOT_TELCEL_3,1,0,false,false,false,"",96,sms,rob2tel,3
"33401","2026-10-01","06",true,GW_ROBOT_TELCEL_3,1,0,false,false,false,"",97,sms,rob2tel,3
"33401","2026-10-01","06",true,GW_ROBOT_TELCEL_3,1,0,false,false,false,"",98,sms,rob2tel,5625
"33401","2026-10-01","06",true,GW_ROBOT_TELCEL_3,1,0,false,false,false,"",99,sms,rob2tel,63
"33401","2026-10-01","06",true,GW_ROBOT_TELCEL_3,1,0,false,false,false,"",100,sms,rob2tel,169
"33401","2026-10-01","06",true,GW_ROBOT_TELCEL_3,1,0,false,false,false,"",101,sms,rob2tel,35
"33401","2026-10-01","06",true,GW_ROBOT_TELCEL_3,1,0,false,false,false,"",102,sms,rob2tel,58
"33401","2026-10-01","06",true,GW_ROBOT_TELCEL_3,1,0,false,false,false,"",104,sms,rob2tel,13
"33401","2026-10-01","06",true,GW_ROBOT_TELCEL_3,1,0,false,false,false,"",105,sms,rob2tel,71
"33401","2026-10-01","06",true,GW_ROBOT_TELCEL_3,1,0,false,false,false,"",106,sms,rob2tel,6
"33401","2026-10-01","06",true,GW_ROBOT_TELCEL_3,1,0,false,false,false,"",107,sms,rob2tel,5
"33401","2026-10-01","06",true,GW_ROBOT_TELCEL_3,1,0,false,false,false,"",108,sms,rob2tel,5
"33401","2026-10-01","06",true,GW_ROBOT_TELCEL_3,1,0,false,false,false,"",109,sms,rob2tel,2
"33401","2026-10-01","06",true,GW_ROBOT_TELCEL_3,1,0,false,false,false,"",110,sms,rob2tel,56
"33401","2026-10-01","06",true,GW_ROBOT_TELCEL_3,1,0,false,false,false,"",111,sms,rob2tel,164
"33401","2026-10-01","06",true,GW_ROBOT_TELCEL_3,1,0,false,false,false,"",112,sms,rob2tel,117
"33401","2026-10-01","06",true,GW_ROBOT_TELCEL_3,1,0,false,false,false,"",113,sms,rob2tel,65
"33401","2026-10-01","06",true,GW_ROBOT_TELCEL_3,1,0,false,false,false,"",114,sms,rob2tel,33
"33401","2026-10-01","06",true,GW_ROBOT_TELCEL_3,1,0,false,false,false,"",115,sms,rob2tel,60
"33401","2026-10-01","06",true,GW_ROBOT_TELCEL_3,1,0,false,false,false,"",116,sms,rob2tel,2
"33401","2026-10-01","06",true,GW_ROBOT_TELCEL_3,1,0,false,false,false,"",118,sms,rob2tel,2
"33401","2026-10-01","06",true,GW_ROBOT_TELCEL_3,1,0,false,false,false,"",119,sms,rob2tel,3
"33401","2026-10-01","06",true,GW_ROBOT_TELCEL_3,1,0,false,false,false,"",120,sms,rob2tel,2
"33401","2026-10-01","06",true,GW_ROBOT_TELCEL_3,1,0,false,false,false,"",121,sms,rob2tel,2
"33401","2026-10-01","06",true,GW_ROBOT_TELCEL_3,1,0,false,false,false,"",122,sms,rob2tel,4
"33401","2026-10-01","06",true,GW_ROBOT_TELCEL_3,1,0,false,false,false,"",123,sms,rob2tel,3
"33401","2026-10-01","06",true,GW_ROBOT_TELCEL_3,1,0,false,false,false,"",124,sms,rob2tel,46
"33401","2026-10-01","06",true,GW_ROBOT_TELCEL_3,1,0,false,false,false,"",126,sms,rob2tel,9
"33401","2026-10-01","06",true,GW_ROBOT_TELCEL_3,1,0,false,false,false,"",127,sms,rob2tel,35
"33401","2026-10-01","06",true,GW_ROBOT_TELCEL_3,1,0,false,false,false,"",128,sms,rob2tel,6
"33401","2026-10-01","06",true,GW_ROBOT_TELCEL_3,1,0,false,false,false,"",129,sms,rob2tel,5
"33401","2026-10-01","06",true,GW_ROBOT_TELCEL_3,1,0,false,false,false,"",130,sms,rob2tel,13
"33401","2026-10-01","06",true,GW_ROBOT_TELCEL_3,1,0,false,false,false,"",131,sms,rob2tel,47
"33401","2026-10-01","06",true,GW_ROBOT_TELCEL_3,1,0,false,false,false,"",132,sms,rob2tel,11
"33401","2026-10-01","06",true,GW_ROBOT_TELCEL_3,1,0,false,false,false,"",133,sms,rob2tel,31
"33401","2026-10-01","06",true,GW_ROBOT_TELCEL_3,1,0,false,false,false,"",134,sms,rob2tel,1
"33401","2026-10-01","06",true,GW_ROBOT_TELCEL_3,1,0,false,false,false,"",136,sms,rob2tel,3
"33401","2026-10-01","06",true,GW_ROBOT_TELCEL_3,1,0,false,false,false,"",138,sms,rob2tel,4
"33401","2026-10-01","06",true,GW_ROBOT_TELCEL_3,1,0,false,false,false,"",139,sms,rob2tel,1
"33401","2026-10-01","06",true,GW_ROBOT_TELCEL_3,1,0,false,false,false,"",140,sms,rob2tel,6
"33401","2026-10-01","06",true,GW_ROBOT_TELCEL_3,1,0,false,false,false,"",141,sms,rob2tel,35
"33401","2026-10-01","06",true,GW_ROBOT_TELCEL_3,1,0,false,false,false,"",142,sms,rob2tel,5
"33401","2026-10-01","06",true,GW_ROBOT_TELCEL_3,1,0,false,false,false,"",143,sms,rob2tel,4
"33401","2026-10-01","06",true,GW_ROBOT_TELCEL_3,1,0,false,false,false,"",144,sms,rob2tel,24
"33401","2026-10-01","06",true,GW_ROBOT_TELCEL_3,1,0,false,false,false,"",145,sms,rob2tel,4
"33401","2026-10-01","06",true,GW_ROBOT_TELCEL_3,1,0,false,false,false,"",146,sms,rob2tel,2
"33401","2026-10-01","06",true,GW_ROBOT_TELCEL_3,1,0,false,false,false,"",147,sms,rob2tel,8
"33401","2026-10-01","06",true,GW_ROBOT_TELCEL_3,1,0,false,false,false,"",148,sms,rob2tel,16
"33401","2026-10-01","06",true,GW_ROBOT_TELCEL_3,1,0,false,false,false,"",149,sms,rob2tel,1
"33401","2026-10-01","06",true,GW_ROBOT_TELCEL_3,1,0,false,false,false,"",150,sms,rob2tel,2
"33401","2026-10-01","06",true,GW_ROBOT_TELCEL_3,1,0,false,false,false,"",151,sms,rob2tel,11
"33401","2026-10-01","06",true,GW_ROBOT_TELCEL_3,1,0,false,false,false,"",152,sms,rob2tel,1
"33401","2026-10-01","06",true,GW_ROBOT_TELCEL_3,1,0,false,false,false,"",153,sms,rob2tel,3
"33401","2026-10-01","06",true,GW_ROBOT_TELCEL_3,1,0,false,false,false,"",154,sms,rob2tel,9
"33401","2026-10-01","06",true,GW_ROBOT_TELCEL_3,1,0,false,false,false,"",155,sms,rob2tel,21
"33401","2026-10-01","06",true,GW_ROBOT_TELCEL_3,1,0,false,false,false,"",156,sms,rob2tel,1
"33401","2026-10-01","06",true,GW_ROBOT_TELCEL_3,1,0,false,false,false,"",157,sms,rob2tel,9
"33401","2026-10-01","06",true,GW_ROBOT_TELCEL_3,1,0,false,false,false,"",158,sms,rob2tel,3
"33401","2026-10-01","06",true,GW_ROBOT_TELCEL_3,2,1,false,false,false,"",134,sms,rob2tel,73
"33401","2026-10-01","06",true,GW_ROBOT_TELCEL_3,2,1,false,false,false,"",151,sms,rob2tel,61
"33401","2026-10-01","06",true,GW_ROBOT_TELCEL_3,2,1,false,false,false,"",153,sms,rob2tel,6
"33401","2026-10-01","06",true,GW_ROBOT_TELCEL_3,2,2,false,false,false,"",8,sms,rob2tel,2
"33401","2026-10-01","06",true,GW_ROBOT_TELCEL_3,2,2,false,false,false,"",10,sms,rob2tel,1
"33401","2026-10-01","06",true,GW_ROBOT_TELCEL_3,2,2,false,false,false,"",14,sms,rob2tel,1
"33401","2026-10-01","06",true,GW_ROBOT_TELCEL_3,2,2,false,false,false,"",15,sms,rob2tel,5
"33401","2026-10-01","06",true,GW_ROBOT_TELCEL_3,2,2,false,false,false,"",16,sms,rob2tel,1
"33401","2026-10-01","06",true,GW_ROBOT_TELCEL_3,2,2,false,false,false,"",17,sms,rob2tel,6
"33401","2026-10-01","06",true,GW_ROBOT_TELCEL_3,2,2,false,false,false,"",19,sms,rob2tel,2
"33401","2026-10-01","06",true,GW_ROBOT_TELCEL_3,2,2,false,false,false,"",20,sms,rob2tel,7
"33401","2026-10-01","06",true,GW_ROBOT_TELCEL_3,2,2,false,false,false,"",21,sms,rob2tel,17
"33401","2026-10-01","06",true,GW_ROBOT_TELCEL_3,2,2,false,false,false,"",23,sms,rob2tel,11
"33401","2026-10-01","06",true,GW_ROBOT_TELCEL_3,2,2,false,false,false,"",25,sms,rob2tel,2
"33401","2026-10-01","06",true,GW_ROBOT_TELCEL_3,2,2,false,false,false,"",28,sms,rob2tel,1
"33401","2026-10-01","06",true,GW_ROBOT_TELCEL_3,2,2,false,false,false,"",31,sms,rob2tel,1
"33401","2026-10-01","06",true,GW_ROBOT_TELCEL_3,2,2,false,false,false,"",33,sms,rob2tel,1
"33401","2026-10-01","06",true,GW_ROBOT_TELCEL_3,2,2,false,false,false,"",34,sms,rob2tel,2
"33401","2026-10-01","06",true,GW_ROBOT_TELCEL_3,2,2,false,false,false,"",35,sms,rob2tel,1
"33401","2026-10-01","06",true,GW_ROBOT_TELCEL_3,2,2,false,false,false,"",36,sms,rob2tel,1
"33401","2026-10-01","06",true,GW_ROBOT_TELCEL_3,2,2,false,false,false,"",40,sms,rob2tel,4
"33401","2026-10-01","06",true,GW_ROBOT_TELCEL_3,2,2,false,false,false,"",41,sms,rob2tel,1
"33401","2026-10-01","06",true,GW_ROBOT_TELCEL_3,2,2,false,false,false,"",48,sms,rob2tel,1
"33401","2026-10-01","06",true,GW_ROBOT_TELCEL_3,2,2,false,false,false,"",52,sms,rob2tel,1
"33401","2026-10-01","06",true,GW_ROBOT_TELCEL_3,2,2,false,false,false,"",53,sms,rob2tel,1
"33401","2026-10-01","06",true,GW_ROBOT_TELCEL_3,2,2,false,false,false,"",57,sms,rob2tel,42
"33401","2026-10-01","06",true,GW_ROBOT_TELCEL_3,2,2,false,false,false,"",69,sms,rob2tel,12
"33401","2026-10-01","06",true,GW_ROBOT_TELCEL_3,2,2,false,false,false,"",70,sms,rob2tel,9
"33401","2026-10-01","06",true,GW_ROBOT_TELCEL_3,2,2,false,false,false,"",71,sms,rob2tel,8
"33401","2026-10-01","06",true,GW_ROBOT_TELCEL_3,2,2,false,false,false,"",72,sms,rob2tel,12
"33401","2026-10-01","06",true,GW_ROBOT_TELCEL_3,2,2,false,false,false,"",76,sms,rob2tel,1
"33401","2026-10-01","06",true,GW_ROBOT_TELCEL_3,2,2,false,false,false,"",77,sms,rob2tel,1
"33401","2026-10-01","06",true,GW_ROBOT_TELCEL_3,2,2,false,false,false,"",80,sms,rob2tel,1
"33401","2026-10-01","06",true,GW_ROBOT_TELCEL_3,2,2,false,false,false,"",89,sms,rob2tel,2
"33401","2026-10-01","06",true,GW_ROBOT_TELCEL_3,2,2,false,false,false,"",117,sms,rob2tel,1
"33401","2026-10-01","06",true,GW_ROBOT_TELCEL_3,2,2,false,false,false,"",120,sms,rob2tel,1
"33401","2026-10-01","06",true,GW_ROBOT_TELCEL_3,2,2,false,false,false,"",125,sms,rob2tel,1
"33401","2026-10-01","06",true,GW_ROBOT_TELCEL_3,3,1,false,false,false,"",151,sms,rob2tel,18
"33401","2026-10-01","06",true,GW_ROBOT_TELCEL_3,3,2,false,false,false,"",153,sms,rob2tel,17
"33401","2026-10-01","06",true,GW_ROBOT_TELCEL_3,3,2,true,false,false,"",67,sms,rob2tel,1
"33401","2026-10-01","06",true,GW_ROBOT_TELCEL_3,3,3,false,false,false,"",8,sms,rob2tel,1
"33401","2026-10-01","06",true,GW_ROBOT_TELCEL_3,3,3,false,false,false,"",13,sms,rob2tel,1
"33401","2026-10-01","06",true,GW_ROBOT_TELCEL_3,3,3,false,false,false,"",30,sms,rob2tel,1
"33401","2026-10-01","06",true,GW_ROBOT_TELCEL_3,3,3,false,false,false,"",48,sms,rob2tel,1
"33401","2026-10-01","06",true,GW_ROBOT_TELCEL_3,3,3,false,false,false,"",77,sms,rob2tel,2
"33401","2026-10-01","06",true,GW_ROBOT_TELCEL_3,3,3,false,false,false,"",78,sms,rob2tel,2
"33401","2026-10-01","06",true,GW_ROBOT_TELCEL_3,3,3,false,false,false,"",79,sms,rob2tel,2
"33401","2026-10-01","06",true,GW_ROBOT_TELCEL_3,3,3,false,false,false,"",80,sms,rob2tel,2
"33401","2026-10-01","06",true,GW_ROBOT_TELCEL_3,3,3,false,false,false,"",81,sms,rob2tel,2
"33401","2026-10-01","06",true,GW_ROBOT_TELCEL_3,3,3,false,false,false,"",86,sms,rob2tel,1
"33401","2026-10-01","06",true,GW_ROBOT_TELCEL_3,3,3,false,false,false,"",87,sms,rob2tel,3
"33401","2026-10-01","06",true,GW_ROBOT_TELCEL_3,3,3,false,false,false,"",126,sms,rob2tel,4
"33401","2026-10-01","06",true,GW_ROBOT_TELCEL_3,3,3,true,false,false,"",20,sms,rob2tel,1
"33401","2026-10-01","06",true,ROBOCOM_ALESTRA,1,0,false,false,false,"",110,sms,ROBOCOM,1
"33401","2026-10-01","07",true,GW_ROBOT_TELCEL_2,1,0,false,false,false,"",10,sms,rob2tel,1
"33401","2026-10-01","07",true,GW_ROBOT_TELCEL_2,1,0,false,false,false,"",14,sms,rob2tel,1
"33401","2026-10-01","07",true,GW_ROBOT_TELCEL_2,1,0,false,false,false,"",15,sms,rob2tel,1
"33401","2026-10-01","07",true,GW_ROBOT_TELCEL_2,1,0,false,false,false,"",24,sms,rob2tel,1
"33401","2026-10-01","07",true,GW_ROBOT_TELCEL_2,1,0,false,false,false,"",30,sms,rob2tel,4
"33401","2026-10-01","07",true,GW_ROBOT_TELCEL_2,1,0,false,false,false,"",33,sms,rob2tel,2
"33401","2026-10-01","07",true,GW_ROBOT_TELCEL_2,1,0,false,false,false,"",38,sms,rob2tel,3
"33401","2026-10-01","07",true,GW_ROBOT_TELCEL_2,1,0,false,false,false,"",40,sms,rob2tel,1
"33401","2026-10-01","07",true,GW_ROBOT_TELCEL_2,1,0,false,false,false,"",41,sms,rob2tel,5
"33401","2026-10-01","07",true,GW_ROBOT_TELCEL_2,1,0,false,false,false,"",42,sms,rob2tel,4
"33401","2026-10-01","07",true,GW_ROBOT_TELCEL_2,1,0,false,false,false,"",44,sms,rob2tel,15
"33401","2026-10-01","07",true,GW_ROBOT_TELCEL_2,1,0,false,false,false,"",45,sms,rob2tel,3
"33401","2026-10-01","07",true,GW_ROBOT_TELCEL_2,1,0,false,false,false,"",48,sms,rob2tel,4
"33401","2026-10-01","07",true,GW_ROBOT_TELCEL_2,1,0,false,false,false,"",50,sms,rob2tel,1
"33401","2026-10-01","07",true,GW_ROBOT_TELCEL_2,1,0,false,false,false,"",52,sms,rob2tel,35
"33401","2026-10-01","07",true,GW_ROBOT_TELCEL_2,1,0,false,false,false,"",53,sms,rob2tel,18
"33401","2026-10-01","07",true,GW_ROBOT_TELCEL_2,1,0,false,false,false,"",57,sms,rob2tel,1
"33401","2026-10-01","07",true,GW_ROBOT_TELCEL_2,1,0,false,false,false,"",59,sms,rob2tel,10
"33401","2026-10-01","07",true,GW_ROBOT_TELCEL_2,1,0,false,false,false,"",63,sms,rob2tel,1
"33401","2026-10-01","07",true,GW_ROBOT_TELCEL_2,1,0,false,false,false,"",70,sms,rob2tel,2
"33401","2026-10-01","07",true,GW_ROBOT_TELCEL_2,1,0,false,false,false,"",71,sms,rob2tel,6
"33401","2026-10-01","07",true,GW_ROBOT_TELCEL_2,1,0,false,false,false,"",74,sms,rob2tel,8
"33401","2026-10-01","07",true,GW_ROBOT_TELCEL_2,1,0,false,false,false,"",76,sms,rob2tel,3
"33401","2026-10-01","07",true,GW_ROBOT_TELCEL_2,1,0,false,false,false,"",77,sms,rob2tel,7
"33401","2026-10-01","07",true,GW_ROBOT_TELCEL_2,1,0,false,false,false,"",81,sms,rob2tel,12
"33401","2026-10-01","07",true,GW_ROBOT_TELCEL_2,1,0,false,false,false,"",87,sms,rob2tel,4
"33401","2026-10-01","07",true,GW_ROBOT_TELCEL_2,1,0,false,false,false,"",90,sms,rob2tel,5
"33401","2026-10-01","07",true,GW_ROBOT_TELCEL_2,1,0,false,false,false,"",91,sms,rob2tel,2
"33401","2026-10-01","07",true,GW_ROBOT_TELCEL_2,1,0,false,false,false,"",92,sms,rob2tel,1
"33401","2026-10-01","07",true,GW_ROBOT_TELCEL_2,1,0,false,false,false,"",93,sms,rob2tel,2
"33401","2026-10-01","07",true,GW_ROBOT_TELCEL_2,1,0,false,false,false,"",95,sms,rob2tel,3
"33401","2026-10-01","07",true,GW_ROBOT_TELCEL_2,1,0,false,false,false,"",97,sms,rob2tel,3
"33401","2026-10-01","07",true,GW_ROBOT_TELCEL_2,1,0,false,false,false,"",98,sms,rob2tel,3
"33401","2026-10-01","07",true,GW_ROBOT_TELCEL_2,1,0,false,false,false,"",99,sms,rob2tel,21
"33401","2026-10-01","07",true,GW_ROBOT_TELCEL_2,1,0,false,false,false,"",101,sms,rob2tel,26
"33401","2026-10-01","07",true,GW_ROBOT_TELCEL_2,1,0,false,false,false,"",102,sms,rob2tel,30
"33401","2026-10-01","07",true,GW_ROBOT_TELCEL_2,1,0,false,false,false,"",104,sms,rob2tel,17
"33401","2026-10-01","07",true,GW_ROBOT_TELCEL_2,1,0,false,false,false,"",105,sms,rob2tel,32
"33401","2026-10-01","07",true,GW_ROBOT_TELCEL_2,1,0,false,false,false,"",106,sms,rob2tel,2
"33401","2026-10-01","07",true,GW_ROBOT_TELCEL_2,1,0,false,false,false,"",107,sms,rob2tel,1
"33401","2026-10-01","07",true,GW_ROBOT_TELCEL_2,1,0,false,false,false,"",108,sms,rob2tel,3
"33401","2026-10-01","07",true,GW_ROBOT_TELCEL_2,1,0,false,false,false,"",109,sms,rob2tel,4
"33401","2026-10-01","07",true,GW_ROBOT_TELCEL_2,1,0,false,false,false,"",110,sms,rob2tel,4
"33401","2026-10-01","07",true,GW_ROBOT_TELCEL_2,1,0,false,false,false,"",111,sms,rob2tel,6
"33401","2026-10-01","07",true,GW_ROBOT_TELCEL_2,1,0,false,false,false,"",114,sms,rob2tel,1
"33401","2026-10-01","07",true,GW_ROBOT_TELCEL_2,1,0,false,false,false,"",115,sms,rob2tel,49
"33401","2026-10-01","07",true,GW_ROBOT_TELCEL_2,1,0,false,false,false,"",116,sms,rob2tel,2
"33401","2026-10-01","07",true,GW_ROBOT_TELCEL_2,1,0,false,false,false,"",118,sms,rob2tel,2
"33401","2026-10-01","07",true,GW_ROBOT_TELCEL_2,1,0,false,false,false,"",119,sms,rob2tel,3
"33401","2026-10-01","07",true,GW_ROBOT_TELCEL_2,1,0,false,false,false,"",120,sms,rob2tel,2
"33401","2026-10-01","07",true,GW_ROBOT_TELCEL_2,1,0,false,false,false,"",121,sms,rob2tel,48
"33401","2026-10-01","07",true,GW_ROBOT_TELCEL_2,1,0,false,false,false,"",123,sms,rob2tel,2
"33401","2026-10-01","07",true,GW_ROBOT_TELCEL_2,1,0,false,false,false,"",124,sms,rob2tel,47
"33401","2026-10-01","07",true,GW_ROBOT_TELCEL_2,1,0,false,false,false,"",126,sms,rob2tel,4
"33401","2026-10-01","07",true,GW_ROBOT_TELCEL_2,1,0,false,false,false,"",127,sms,rob2tel,3
"33401","2026-10-01","07",true,GW_ROBOT_TELCEL_2,1,0,false,false,false,"",128,sms,rob2tel,4
"33401","2026-10-01","07",true,GW_ROBOT_TELCEL_2,1,0,false,false,false,"",129,sms,rob2tel,1
"33401","2026-10-01","07",true,GW_ROBOT_TELCEL_2,1,0,false,false,false,"",130,sms,rob2tel,5
"33401","2026-10-01","07",true,GW_ROBOT_TELCEL_2,1,0,false,false,false,"",131,sms,rob2tel,14
"33401","2026-10-01","07",true,GW_ROBOT_TELCEL_2,1,0,false,false,false,"",132,sms,rob2tel,8
"33401","2026-10-01","07",true,GW_ROBOT_TELCEL_2,1,0,false,false,false,"",133,sms,rob2tel,5
"33401","2026-10-01","07",true,GW_ROBOT_TELCEL_2,1,0,false,false,false,"",134,sms,rob2tel,1
"33401","2026-10-01","07",true,GW_ROBOT_TELCEL_2,1,0,false,false,false,"",135,sms,rob2tel,3
"33401","2026-10-01","07",true,GW_ROBOT_TELCEL_2,1,0,false,false,false,"",136,sms,rob2tel,4
"33401","2026-10-01","07",true,GW_ROBOT_TELCEL_2,1,0,false,false,false,"",137,sms,rob2tel,1
"33401","2026-10-01","07",true,GW_ROBOT_TELCEL_2,1,0,false,false,false,"",138,sms,rob2tel,9
"33401","2026-10-01","07",true,GW_ROBOT_TELCEL_2,1,0,false,false,false,"",140,sms,rob2tel,3
"33401","2026-10-01","07",true,GW_ROBOT_TELCEL_2,1,0,false,false,false,"",141,sms,rob2tel,21
"33401","2026-10-01","07",true,GW_ROBOT_TELCEL_2,1,0,false,false,false,"",142,sms,rob2tel,1
"33401","2026-10-01","07",true,GW_ROBOT_TELCEL_2,1,0,false,false,false,"",144,sms,rob2tel,31
"33401","2026-10-01","07",true,GW_ROBOT_TELCEL_2,1,0,false,false,false,"",145,sms,rob2tel,4
"33401","2026-10-01","07",true,GW_ROBOT_TELCEL_2,1,0,false,false,false,"",147,sms,rob2tel,3
"33401","2026-10-01","07",true,GW_ROBOT_TELCEL_2,1,0,false,false,false,"",148,sms,rob2tel,2
"33401","2026-10-01","07",true,GW_ROBOT_TELCEL_2,1,0,false,false,false,"",149,sms,rob2tel,1
"33401","2026-10-01","07",true,GW_ROBOT_TELCEL_2,1,0,false,false,false,"",150,sms,rob2tel,1
"33401","2026-10-01","07",true,GW_ROBOT_TELCEL_2,1,0,false,false,false,"",152,sms,rob2tel,47
"33401","2026-10-01","07",true,GW_ROBOT_TELCEL_2,1,0,false,false,false,"",153,sms,rob2tel,3
"33401","2026-10-01","07",true,GW_ROBOT_TELCEL_2,1,0,false,false,false,"",155,sms,rob2tel,3
"33401","2026-10-01","07",true,GW_ROBOT_TELCEL_2,1,0,false,false,false,"",156,sms,rob2tel,2
"33401","2026-10-01","07",true,GW_ROBOT_TELCEL_2,1,0,false,false,false,"",158,sms,rob2tel,2
"33401","2026-10-01","07",true,GW_ROBOT_TELCEL_2,2,1,false,false,false,"",134,sms,rob2tel,1
"33401","2026-10-01","07",true,GW_ROBOT_TELCEL_2,2,1,false,false,false,"",151,sms,rob2tel,43
"33401","2026-10-01","07",true,GW_ROBOT_TELCEL_2,2,1,false,false,false,"",153,sms,rob2tel,8
"33401","2026-10-01","07",true,GW_ROBOT_TELCEL_2,2,2,false,false,false,"",8,sms,rob2tel,2
"33401","2026-10-01","07",true,GW_ROBOT_TELCEL_2,2,2,false,false,false,"",9,sms,rob2tel,1
"33401","2026-10-01","07",true,GW_ROBOT_TELCEL_2,2,2,false,false,false,"",10,sms,rob2tel,3
"33401","2026-10-01","07",true,GW_ROBOT_TELCEL_2,2,2,false,false,false,"",13,sms,rob2tel,1
"33401","2026-10-01","07",true,GW_ROBOT_TELCEL_2,2,2,false,false,false,"",14,sms,rob2tel,1
"33401","2026-10-01","07",true,GW_ROBOT_TELCEL_2,2,2,false,false,false,"",15,sms,rob2tel,5
"33401","2026-10-01","07",true,GW_ROBOT_TELCEL_2,2,2,false,false,false,"",16,sms,rob2tel,1
"33401","2026-10-01","07",true,GW_ROBOT_TELCEL_2,2,2,false,false,false,"",18,sms,rob2tel,1
"33401","2026-10-01","07",true,GW_ROBOT_TELCEL_2,2,2,false,false,false,"",21,sms,rob2tel,3
"33401","2026-10-01","07",true,GW_ROBOT_TELCEL_2,2,2,false,false,false,"",23,sms,rob2tel,1
"33401","2026-10-01","07",true,GW_ROBOT_TELCEL_2,2,2,false,false,false,"",24,sms,rob2tel,1
"33401","2026-10-01","07",true,GW_ROBOT_TELCEL_2,2,2,false,false,false,"",25,sms,rob2tel,1
"33401","2026-10-01","07",true,GW_ROBOT_TELCEL_2,2,2,false,false,false,"",27,sms,rob2tel,1
"33401","2026-10-01","07",true,GW_ROBOT_TELCEL_2,2,2,false,false,false,"",35,sms,rob2tel,1
"33401","2026-10-01","07",true,GW_ROBOT_TELCEL_2,2,2,false,false,false,"",40,sms,rob2tel,3
"33401","2026-10-01","07",true,GW_ROBOT_TELCEL_2,2,2,false,false,false,"",48,sms,rob2tel,3
"33401","2026-10-01","07",true,GW_ROBOT_TELCEL_2,2,2,false,false,false,"",52,sms,rob2tel,1
"33401","2026-10-01","07",true,GW_ROBOT_TELCEL_2,2,2,false,false,false,"",69,sms,rob2tel,10
"33401","2026-10-01","07",true,GW_ROBOT_TELCEL_2,2,2,false,false,false,"",70,sms,rob2tel,5
"33401","2026-10-01","07",true,GW_ROBOT_TELCEL_2,2,2,false,false,false,"",71,sms,rob2tel,5
"33401","2026-10-01","07",true,GW_ROBOT_TELCEL_2,2,2,false,false,false,"",72,sms,rob2tel,6
"33401","2026-10-01","07",true,GW_ROBOT_TELCEL_2,2,2,false,false,false,"",73,sms,rob2tel,3
"33401","2026-10-01","07",true,GW_ROBOT_TELCEL_2,2,2,false,false,false,"",91,sms,rob2tel,1
"33401","2026-10-01","07",true,GW_ROBOT_TELCEL_2,2,2,false,false,false,"",92,sms,rob2tel,1
"33401","2026-10-01","07",true,GW_ROBOT_TELCEL_2,2,2,true,false,false,"",11,sms,rob2tel,1
"33401","2026-10-01","07",true,GW_ROBOT_TELCEL_2,3,1,false,false,false,"",134,sms,rob2tel,1
"33401","2026-10-01","07",true,GW_ROBOT_TELCEL_2,3,1,false,false,false,"",151,sms,rob2tel,15
"33401","2026-10-01","07",true,GW_ROBOT_TELCEL_2,3,2,false,false,false,"",153,sms,rob2tel,15
"33401","2026-10-01","07",true,GW_ROBOT_TELCEL_2,3,3,false,false,false,"",8,sms,rob2tel,1
"33401","2026-10-01","07",true,GW_ROBOT_TELCEL_2,3,3,false,false,false,"",22,sms,rob2tel,1
"33401","2026-10-01","07",true,GW_ROBOT_TELCEL_2,3,3,false,false,false,"",36,sms,rob2tel,1
"33401","2026-10-01","07",true,GW_ROBOT_TELCEL_2,3,3,false,false,false,"",38,sms,rob2tel,1
"33401","2026-10-01","07",true,GW_ROBOT_TELCEL_2,3,3,false,false,false,"",80,sms,rob2tel,1
"33401","2026-10-01","07",true,GW_ROBOT_TELCEL_2,3,3,false,false,false,"",81,sms,rob2tel,2
"33401","2026-10-01","07",true,GW_ROBOT_TELCEL_2,3,3,false,false,false,"",82,sms,rob2tel,2
"33401","2026-10-01","07",true,GW_ROBOT_TELCEL_2,3,3,false,false,false,"",86,sms,rob2tel,2
"33401","2026-10-01","07",true,GW_ROBOT_TELCEL_2,3,3,false,false,false,"",87,sms,rob2tel,1
"33401","2026-10-01","07",true,GW_ROBOT_TELCEL_2,3,3,false,false,false,"",89,sms,rob2tel,1
"33401","2026-10-01","07",true,GW_ROBOT_TELCEL_2,3,3,false,false,false,"",126,sms,rob2tel,1
"33401","2026-10-01","07",true,GW_ROBOT_TELCEL_3,1,0,false,false,false,"",11,sms,rob2tel,1
"33401","2026-10-01","07",true,GW_ROBOT_TELCEL_3,1,0,false,false,false,"",14,sms,rob2tel,2
"33401","2026-10-01","07",true,GW_ROBOT_TELCEL_3,1,0,false,false,false,"",30,sms,rob2tel,3
"33401","2026-10-01","07",true,GW_ROBOT_TELCEL_3,1,0,false,false,false,"",33,sms,rob2tel,2
"33401","2026-10-01","07",true,GW_ROBOT_TELCEL_3,1,0,false,false,false,"",41,sms,rob2tel,4
"33401","2026-10-01","07",true,GW_ROBOT_TELCEL_3,1,0,false,false,false,"",42,sms,rob2tel,1
"33401","2026-10-01","07",true,GW_ROBOT_TELCEL_3,1,0,false,false,false,"",44,sms,rob2tel,21
"33401","2026-10-01","07",true,GW_ROBOT_TELCEL_3,1,0,false,false,false,"",47,sms,rob2tel,1
"33401","2026-10-01","07",true,GW_ROBOT_TELCEL_3,1,0,false,false,false,"",48,sms,rob2tel,4
"33401","2026-10-01","07",true,GW_ROBOT_TELCEL_3,1,0,false,false,false,"",52,sms,rob2tel,39
"33401","2026-10-01","07",true,GW_ROBOT_TELCEL_3,1,0,false,false,false,"",53,sms,rob2tel,15
"33401","2026-10-01","07",true,GW_ROBOT_TELCEL_3,1,0,false,false,false,"",59,sms,rob2tel,13
"33401","2026-10-01","07",true,GW_ROBOT_TELCEL_3,1,0,false,false,false,"",71,sms,rob2tel,3
"33401","2026-10-01","07",true,GW_ROBOT_TELCEL_3,1,0,false,false,false,"",74,sms,rob2tel,4
"33401","2026-10-01","07",true,GW_ROBOT_TELCEL_3,1,0,false,false,false,"",75,sms,rob2tel,1
"33401","2026-10-01","07",true,GW_ROBOT_TELCEL_3,1,0,false,false,false,"",76,sms,rob2tel,2
"33401","2026-10-01","07",true,GW_ROBOT_TELCEL_3,1,0,false,false,false,"",77,sms,rob2tel,3
"33401","2026-10-01","07",true,GW_ROBOT_TELCEL_3,1,0,false,false,false,"",81,sms,rob2tel,16
"33401","2026-10-01","07",true,GW_ROBOT_TELCEL_3,1,0,false,false,false,"",87,sms,rob2tel,1
"33401","2026-10-01","07",true,GW_ROBOT_TELCEL_3,1,0,false,false,false,"",89,sms,rob2tel,1
"33401","2026-10-01","07",true,GW_ROBOT_TELCEL_3,1,0,false,false,false,"",90,sms,rob2tel,4
"33401","2026-10-01","07",true,GW_ROBOT_TELCEL_3,1,0,false,false,false,"",91,sms,rob2tel,2
"33401","2026-10-01","07",true,GW_ROBOT_TELCEL_3,1,0,false,false,false,"",93,sms,rob2tel,2
"33401","2026-10-01","07",true,GW_ROBOT_TELCEL_3,1,0,false,false,false,"",94,sms,rob2tel,2
"33401","2026-10-01","07",true,GW_ROBOT_TELCEL_3,1,0,false,false,false,"",95,sms,rob2tel,3
"33401","2026-10-01","07",true,GW_ROBOT_TELCEL_3,1,0,false,false,false,"",96,sms,rob2tel,2
"33401","2026-10-01","07",true,GW_ROBOT_TELCEL_3,1,0,false,false,false,"",97,sms,rob2tel,3
"33401","2026-10-01","07",true,GW_ROBOT_TELCEL_3,1,0,false,false,false,"",98,sms,rob2tel,5
"33401","2026-10-01","07",true,GW_ROBOT_TELCEL_3,1,0,false,false,false,"",99,sms,rob2tel,37
"33401","2026-10-01","07",true,GW_ROBOT_TELCEL_3,1,0,false,false,false,"",101,sms,rob2tel,22
"33401","2026-10-01","07",true,GW_ROBOT_TELCEL_3,1,0,false,false,false,"",102,sms,rob2tel,31
"33401","2026-10-01","07",true,GW_ROBOT_TELCEL_3,1,0,false,false,false,"",104,sms,rob2tel,14
"33401","2026-10-01","07",true,GW_ROBOT_TELCEL_3,1,0,false,false,false,"",105,sms,rob2tel,34
"33401","2026-10-01","07",true,GW_ROBOT_TELCEL_3,1,0,false,false,false,"",106,sms,rob2tel,2
"33401","2026-10-01","07",true,GW_ROBOT_TELCEL_3,1,0,false,false,false,"",107,sms,rob2tel,2
"33401","2026-10-01","07",true,GW_ROBOT_TELCEL_3,1,0,false,false,false,"",108,sms,rob2tel,6
"33401","2026-10-01","07",true,GW_ROBOT_TELCEL_3,1,0,false,false,false,"",109,sms,rob2tel,2
"33401","2026-10-01","07",true,GW_ROBOT_TELCEL_3,1,0,false,false,false,"",111,sms,rob2tel,5
"33401","2026-10-01","07",true,GW_ROBOT_TELCEL_3,1,0,false,false,false,"",114,sms,rob2tel,1
"33401","2026-10-01","07",true,GW_ROBOT_TELCEL_3,1,0,false,false,false,"",115,sms,rob2tel,40
"33401","2026-10-01","07",true,GW_ROBOT_TELCEL_3,1,0,false,false,false,"",116,sms,rob2tel,1
"33401","2026-10-01","07",true,GW_ROBOT_TELCEL_3,1,0,false,false,false,"",118,sms,rob2tel,2
"33401","2026-10-01","07",true,GW_ROBOT_TELCEL_3,1,0,false,false,false,"",119,sms,rob2tel,7
"33401","2026-10-01","07",true,GW_ROBOT_TELCEL_3,1,0,false,false,false,"",121,sms,rob2tel,58
"33401","2026-10-01","07",true,GW_ROBOT_TELCEL_3,1,0,false,false,false,"",122,sms,rob2tel,1
"33401","2026-10-01","07",true,GW_ROBOT_TELCEL_3,1,0,false,false,false,"",123,sms,rob2tel,2
"33401","2026-10-01","07",true,GW_ROBOT_TELCEL_3,1,0,false,false,false,"",124,sms,rob2tel,43
"33401","2026-10-01","07",true,GW_ROBOT_TELCEL_3,1,0,false,false,false,"",125,sms,rob2tel,1
"33401","2026-10-01","07",true,GW_ROBOT_TELCEL_3,1,0,false,false,false,"",126,sms,rob2tel,2
"33401","2026-10-01","07",true,GW_ROBOT_TELCEL_3,1,0,false,false,false,"",127,sms,rob2tel,2
"33401","2026-10-01","07",true,GW_ROBOT_TELCEL_3,1,0,false,false,false,"",128,sms,rob2tel,3
"33401","2026-10-01","07",true,GW_ROBOT_TELCEL_3,1,0,false,false,false,"",129,sms,rob2tel,2
"33401","2026-10-01","07",true,GW_ROBOT_TELCEL_3,1,0,false,false,false,"",130,sms,rob2tel,6
"33401","2026-10-01","07",true,GW_ROBOT_TELCEL_3,1,0,false,false,false,"",131,sms,rob2tel,22
"33401","2026-10-01","07",true,GW_ROBOT_TELCEL_3,1,0,false,false,false,"",132,sms,rob2tel,3
"33401","2026-10-01","07",true,GW_ROBOT_TELCEL_3,1,0,false,false,false,"",133,sms,rob2tel,4
"33401","2026-10-01","07",true,GW_ROBOT_TELCEL_3,1,0,false,false,false,"",134,sms,rob2tel,3
"33401","2026-10-01","07",true,GW_ROBOT_TELCEL_3,1,0,false,false,false,"",135,sms,rob2tel,2
"33401","2026-10-01","07",true,GW_ROBOT_TELCEL_3,1,0,false,false,false,"",138,sms,rob2tel,9
"33401","2026-10-01","07",true,GW_ROBOT_TELCEL_3,1,0,false,false,false,"",139,sms,rob2tel,3
"33401","2026-10-01","07",true,GW_ROBOT_TELCEL_3,1,0,false,false,false,"",140,sms,rob2tel,2
"33401","2026-10-01","07",true,GW_ROBOT_TELCEL_3,1,0,false,false,false,"",141,sms,rob2tel,22
"33401","2026-10-01","07",true,GW_ROBOT_TELCEL_3,1,0,false,false,false,"",142,sms,rob2tel,5
"33401","2026-10-01","07",true,GW_ROBOT_TELCEL_3,1,0,false,false,false,"",144,sms,rob2tel,29
"33401","2026-10-01","07",true,GW_ROBOT_TELCEL_3,1,0,false,false,false,"",145,sms,rob2tel,3
"33401","2026-10-01","07",true,GW_ROBOT_TELCEL_3,1,0,false,false,false,"",146,sms,rob2tel,2
"33401","2026-10-01","07",true,GW_ROBOT_TELCEL_3,1,0,false,false,false,"",147,sms,rob2tel,8
"33401","2026-10-01","07",true,GW_ROBOT_TELCEL_3,1,0,false,false,false,"",148,sms,rob2tel,2
"33401","2026-10-01","07",true,GW_ROBOT_TELCEL_3,1,0,false,false,false,"",149,sms,rob2tel,3
"33401","2026-10-01","07",true,GW_ROBOT_TELCEL_3,1,0,false,false,false,"",151,sms,rob2tel,3
"33401","2026-10-01","07",true,GW_ROBOT_TELCEL_3,1,0,false,false,false,"",152,sms,rob2tel,43
"33401","2026-10-01","07",true,GW_ROBOT_TELCEL_3,1,0,false,false,false,"",154,sms,rob2tel,1
"33401","2026-10-01","07",true,GW_ROBOT_TELCEL_3,1,0,false,false,false,"",155,sms,rob2tel,5
"33401","2026-10-01","07",true,GW_ROBOT_TELCEL_3,1,0,false,false,false,"",156,sms,rob2tel,3
"33401","2026-10-01","07",true,GW_ROBOT_TELCEL_3,2,1,false,false,false,"",134,sms,rob2tel,6
"33401","2026-10-01","07",true,GW_ROBOT_TELCEL_3,2,1,false,false,false,"",151,sms,rob2tel,44
"33401","2026-10-01","07",true,GW_ROBOT_TELCEL_3,2,1,false,false,false,"",153,sms,rob2tel,12
"33401","2026-10-01","07",true,GW_ROBOT_TELCEL_3,2,1,true,false,false,"",67,sms,rob2tel,1
"33401","2026-10-01","07",true,GW_ROBOT_TELCEL_3,2,2,false,false,false,"",8,sms,rob2tel,1
"33401","2026-10-01","07",true,GW_ROBOT_TELCEL_3,2,2,false,false,false,"",9,sms,rob2tel,1
"33401","2026-10-01","07",true,GW_ROBOT_TELCEL_3,2,2,false,false,false,"",10,sms,rob2tel,1
"33401","2026-10-01","07",true,GW_ROBOT_TELCEL_3,2,2,false,false,false,"",15,sms,rob2tel,11
"33401","2026-10-01","07",true,GW_ROBOT_TELCEL_3,2,2,false,false,false,"",18,sms,rob2tel,1
"33401","2026-10-01","07",true,GW_ROBOT_TELCEL_3,2,2,false,false,false,"",23,sms,rob2tel,1
"33401","2026-10-01","07",true,GW_ROBOT_TELCEL_3,2,2,false,false,false,"",28,sms,rob2tel,1
"33401","2026-10-01","07",true,GW_ROBOT_TELCEL_3,2,2,false,false,false,"",29,sms,rob2tel,1
"33401","2026-10-01","07",true,GW_ROBOT_TELCEL_3,2,2,false,false,false,"",46,sms,rob2tel,1
"33401","2026-10-01","07",true,GW_ROBOT_TELCEL_3,2,2,false,false,false,"",47,sms,rob2tel,1
"33401","2026-10-01","07",true,GW_ROBOT_TELCEL_3,2,2,false,false,false,"",48,sms,rob2tel,1
"33401","2026-10-01","07",true,GW_ROBOT_TELCEL_3,2,2,false,false,false,"",53,sms,rob2tel,1
"33401","2026-10-01","07",true,GW_ROBOT_TELCEL_3,2,2,false,false,false,"",69,sms,rob2tel,10
"33401","2026-10-01","07",true,GW_ROBOT_TELCEL_3,2,2,false,false,false,"",70,sms,rob2tel,4
"33401","2026-10-01","07",true,GW_ROBOT_TELCEL_3,2,2,false,false,false,"",71,sms,rob2tel,5
"33401","2026-10-01","07",true,GW_ROBOT_TELCEL_3,2,2,false,false,false,"",72,sms,rob2tel,8
"33401","2026-10-01","07",true,GW_ROBOT_TELCEL_3,2,2,false,false,false,"",97,sms,rob2tel,1
"33401","2026-10-01","07",true,GW_ROBOT_TELCEL_3,2,2,false,false,false,"",117,sms,rob2tel,3
"33401","2026-10-01","07",true,GW_ROBOT_TELCEL_3,3,1,false,false,false,"",151,sms,rob2tel,15
"33401","2026-10-01","07",true,GW_ROBOT_TELCEL_3,3,2,false,false,false,"",134,sms,rob2tel,1
"33401","2026-10-01","07",true,GW_ROBOT_TELCEL_3,3,2,false,false,false,"",153,sms,rob2tel,15
"33401","2026-10-01","07",true,GW_ROBOT_TELCEL_3,3,3,false,false,false,"",8,sms,rob2tel,1
"33401","2026-10-01","07",true,GW_ROBOT_TELCEL_3,3,3,false,false,false,"",33,sms,rob2tel,1
"33401","2026-10-01","07",true,GW_ROBOT_TELCEL_3,3,3,false,false,false,"",36,sms,rob2tel,1
"33401","2026-10-01","07",true,GW_ROBOT_TELCEL_3,3,3,false,false,false,"",77,sms,rob2tel,1
"33401","2026-10-01","07",true,GW_ROBOT_TELCEL_3,3,3,false,false,false,"",79,sms,rob2tel,3
"33401","2026-10-01","07",true,GW_ROBOT_TELCEL_3,3,3,false,false,false,"",83,sms,rob2tel,4
"33401","2026-10-01","07",true,GW_ROBOT_TELCEL_3,3,3,false,false,false,"",84,sms,rob2tel,1
"33401","2026-10-01","07",true,GW_ROBOT_TELCEL_3,3,3,false,false,false,"",85,sms,rob2tel,1
"33401","2026-10-01","07",true,GW_ROBOT_TELCEL_3,3,3,false,false,false,"",86,sms,rob2tel,3
"33401","2026-10-01","07",true,GW_ROBOT_TELCEL_3,3,3,false,false,false,"",126,sms,rob2tel,1
"33401","2026-10-01","08",false,alestra,1,0,false,true,false,ESME_RINVSRCADR,155,sms,"",1
"33401","2026-10-01","08",true,GW_ROBOT_TELCEL_2,1,0,false,false,false,"",5,sms,rob2tel,1
"33401","2026-10-01","08",true,GW_ROBOT_TELCEL_2,1,0,false,false,false,"",14,sms,rob2tel,1
"33401","2026-10-01","08",true,GW_ROBOT_TELCEL_2,1,0,false,false,false,"",30,sms,rob2tel,1
"33401","2026-10-01","08",true,GW_ROBOT_TELCEL_2,1,0,false,false,false,"",33,sms,rob2tel,2
"33401","2026-10-01","08",true,GW_ROBOT_TELCEL_2,1,0,false,false,false,"",38,sms,rob2tel,1
"33401","2026-10-01","08",true,GW_ROBOT_TELCEL_2,1,0,false,false,false,"",41,sms,rob2tel,5
"33401","2026-10-01","08",true,GW_ROBOT_TELCEL_2,1,0,false,false,false,"",44,sms,rob2tel,6
"33401","2026-10-01","08",true,GW_ROBOT_TELCEL_2,1,0,false,false,false,"",45,sms,rob2tel,1
"33401","2026-10-01","08",true,GW_ROBOT_TELCEL_2,1,0,false,false,false,"",47,sms,rob2tel,1
"33401","2026-10-01","08",true,GW_ROBOT_TELCEL_2,1,0,false,false,false,"",48,sms,rob2tel,2
"33401","2026-10-01","08",true,GW_ROBOT_TELCEL_2,1,0,false,false,false,"",50,sms,rob2tel,1
"33401","2026-10-01","08",true,GW_ROBOT_TELCEL_2,1,0,false,false,false,"",51,sms,rob2tel,1
"33401","2026-10-01","08",true,GW_ROBOT_TELCEL_2,1,0,false,false,false,"",59,sms,rob2tel,7
"33401","2026-10-01","08",true,GW_ROBOT_TELCEL_2,1,0,false,false,false,"",60,sms,rob2tel,1
"33401","2026-10-01","08",true,GW_ROBOT_TELCEL_2,1,0,false,false,false,"",62,sms,rob2tel,1
"33401","2026-10-01","08",true,GW_ROBOT_TELCEL_2,1,0,false,false,false,"",70,sms,rob2tel,1
"33401","2026-10-01","08",true,GW_ROBOT_TELCEL_2,1,0,false,false,false,"",72,sms,rob2tel,1
"33401","2026-10-01","08",true,GW_ROBOT_TELCEL_2,1,0,false,false,false,"",73,sms,rob2tel,1
"33401","2026-10-01","08",true,GW_ROBOT_TELCEL_2,1,0,false,false,false,"",76,sms,rob2tel,1
"33401","2026-10-01","08",true,GW_ROBOT_TELCEL_2,1,0,false,false,false,"",77,sms,rob2tel,6
"33401","2026-10-01","08",true,GW_ROBOT_TELCEL_2,1,0,false,false,false,"",81,sms,rob2tel,5
"33401","2026-10-01","08",true,GW_ROBOT_TELCEL_2,1,0,false,false,false,"",87,sms,rob2tel,1
"33401","2026-10-01","08",true,GW_ROBOT_TELCEL_2,1,0,false,false,false,"",90,sms,rob2tel,1
"33401","2026-10-01","08",true,GW_ROBOT_TELCEL_2,1,0,false,false,false,"",93,sms,rob2tel,1
"33401","2026-10-01","08",true,GW_ROBOT_TELCEL_2,1,0,false,false,false,"",94,sms,rob2tel,1
"33401","2026-10-01","08",true,GW_ROBOT_TELCEL_2,1,0,false,false,false,"",95,sms,rob2tel,1
"33401","2026-10-01","08",true,GW_ROBOT_TELCEL_2,1,0,false,false,false,"",98,sms,rob2tel,2
"33401","2026-10-01","08",true,GW_ROBOT_TELCEL_2,1,0,false,false,false,"",99,sms,rob2tel,16
"33401","2026-10-01","08",true,GW_ROBOT_TELCEL_2,1,0,false,false,false,"",101,sms,rob2tel,8
"33401","2026-10-01","08",true,GW_ROBOT_TELCEL_2,1,0,false,false,false,"",102,sms,rob2tel,8
"33401","2026-10-01","08",true,GW_ROBOT_TELCEL_2,1,0,false,false,false,"",104,sms,rob2tel,4
"33401","2026-10-01","08",true,GW_ROBOT_TELCEL_2,1,0,false,false,false,"",105,sms,rob2tel,12
"33401","2026-10-01","08",true,GW_ROBOT_TELCEL_2,1,0,false,false,false,"",107,sms,rob2tel,2
"33401","2026-10-01","08",true,GW_ROBOT_TELCEL_2,1,0,false,false,false,"",108,sms,rob2tel,2
"33401","2026-10-01","08",true,GW_ROBOT_TELCEL_2,1,0,false,false,false,"",110,sms,rob2tel,2
"33401","2026-10-01","08",true,GW_ROBOT_TELCEL_2,1,0,false,false,false,"",111,sms,rob2tel,1
"33401","2026-10-01","08",true,GW_ROBOT_TELCEL_2,1,0,false,false,false,"",112,sms,rob2tel,3
"33401","2026-10-01","08",true,GW_ROBOT_TELCEL_2,1,0,false,false,false,"",115,sms,rob2tel,28
"33401","2026-10-01","08",true,GW_ROBOT_TELCEL_2,1,0,false,false,false,"",116,sms,rob2tel,1
"33401","2026-10-01","08",true,GW_ROBOT_TELCEL_2,1,0,false,false,false,"",118,sms,rob2tel,1
"33401","2026-10-01","08",true,GW_ROBOT_TELCEL_2,1,0,false,false,false,"",119,sms,rob2tel,2
"33401","2026-10-01","08",true,GW_ROBOT_TELCEL_2,1,0,false,false,false,"",120,sms,rob2tel,3
"33401","2026-10-01","08",true,GW_ROBOT_TELCEL_2,1,0,false,false,false,"",121,sms,rob2tel,1
"33401","2026-10-01","08",true,GW_ROBOT_TELCEL_2,1,0,false,false,false,"",122,sms,rob2tel,2
"33401","2026-10-01","08",true,GW_ROBOT_TELCEL_2,1,0,false,false,false,"",124,sms,rob2tel,1
"33401","2026-10-01","08",true,GW_ROBOT_TELCEL_2,1,0,false,false,false,"",126,sms,rob2tel,3
"33401","2026-10-01","08",true,GW_ROBOT_TELCEL_2,1,0,false,false,false,"",127,sms,rob2tel,1
"33401","2026-10-01","08",true,GW_ROBOT_TELCEL_2,1,0,false,false,false,"",128,sms,rob2tel,4
"33401","2026-10-01","08",true,GW_ROBOT_TELCEL_2,1,0,false,false,false,"",129,sms,rob2tel,1
"33401","2026-10-01","08",true,GW_ROBOT_TELCEL_2,1,0,false,false,false,"",130,sms,rob2tel,5
"33401","2026-10-01","08",true,GW_ROBOT_TELCEL_2,1,0,false,false,false,"",131,sms,rob2tel,8
"33401","2026-10-01","08",true,GW_ROBOT_TELCEL_2,1,0,false,false,false,"",132,sms,rob2tel,7
"33401","2026-10-01","08",true,GW_ROBOT_TELCEL_2,1,0,false,false,false,"",133,sms,rob2tel,10
"33401","2026-10-01","08",true,GW_ROBOT_TELCEL_2,1,0,false,false,false,"",134,sms,rob2tel,1
"33401","2026-10-01","08",true,GW_ROBOT_TELCEL_2,1,0,false,false,false,"",138,sms,rob2tel,4
"33401","2026-10-01","08",true,GW_ROBOT_TELCEL_2,1,0,false,false,false,"",140,sms,rob2tel,1
"33401","2026-10-01","08",true,GW_ROBOT_TELCEL_2,1,0,false,false,false,"",141,sms,rob2tel,9
"33401","2026-10-01","08",true,GW_ROBOT_TELCEL_2,1,0,false,false,false,"",142,sms,rob2tel,1
"33401","2026-10-01","08",true,GW_ROBOT_TELCEL_2,1,0,false,false,false,"",144,sms,rob2tel,1
"33401","2026-10-01","08",true,GW_ROBOT_TELCEL_2,1,0,false,false,false,"",145,sms,rob2tel,1
"33401","2026-10-01","08",true,GW_ROBOT_TELCEL_2,1,0,false,false,false,"",147,sms,rob2tel,1
"33401","2026-10-01","08",true,GW_ROBOT_TELCEL_2,1,0,false,false,false,"",148,sms,rob2tel,1
"33401","2026-10-01","08",true,GW_ROBOT_TELCEL_2,1,0,false,false,false,"",149,sms,rob2tel,1
"33401","2026-10-01","08",true,GW_ROBOT_TELCEL_2,1,0,false,false,false,"",150,sms,rob2tel,1
"33401","2026-10-01","08",true,GW_ROBOT_TELCEL_2,1,0,false,false,false,"",151,sms,rob2tel,1
"33401","2026-10-01","08",true,GW_ROBOT_TELCEL_2,1,0,false,false,false,"",153,sms,rob2tel,2
"33401","2026-10-01","08",true,GW_ROBOT_TELCEL_2,1,0,false,false,false,"",155,sms,rob2tel,1
"33401","2026-10-01","08",true,GW_ROBOT_TELCEL_2,1,0,false,false,false,"",156,sms,rob2tel,36
"33401","2026-10-01","08",true,GW_ROBOT_TELCEL_2,1,0,false,false,false,"",157,sms,rob2tel,1
"33401","2026-10-01","08",true,GW_ROBOT_TELCEL_2,1,0,false,false,false,"",158,sms,rob2tel,1
"33401","2026-10-01","08",true,GW_ROBOT_TELCEL_2,1,0,false,false,false,"",159,sms,rob2tel,1
"33401","2026-10-01","08",true,GW_ROBOT_TELCEL_2,2,1,false,false,false,"",134,sms,rob2tel,3
"33401","2026-10-01","08",true,GW_ROBOT_TELCEL_2,2,1,false,false,false,"",151,sms,rob2tel,25
"33401","2026-10-01","08",true,GW_ROBOT_TELCEL_2,2,1,false,false,false,"",153,sms,rob2tel,2
"33401","2026-10-01","08",true,GW_ROBOT_TELCEL_2,2,2,false,false,false,"",14,sms,rob2tel,2
"33401","2026-10-01","08",true,GW_ROBOT_TELCEL_2,2,2,false,false,false,"",15,sms,rob2tel,7
"33401","2026-10-01","08",true,GW_ROBOT_TELCEL_2,2,2,false,false,false,"",18,sms,rob2tel,2
"33401","2026-10-01","08",true,GW_ROBOT_TELCEL_2,2,2,false,false,false,"",20,sms,rob2tel,2
"33401","2026-10-01","08",true,GW_ROBOT_TELCEL_2,2,2,false,false,false,"",23,sms,rob2tel,1
"33401","2026-10-01","08",true,GW_ROBOT_TELCEL_2,2,2,false,false,false,"",27,sms,rob2tel,1
"33401","2026-10-01","08",true,GW_ROBOT_TELCEL_2,2,2,false,false,false,"",31,sms,rob2tel,1
"33401","2026-10-01","08",true,GW_ROBOT_TELCEL_2,2,2,false,false,false,"",34,sms,rob2tel,1
"33401","2026-10-01","08",true,GW_ROBOT_TELCEL_2,2,2,false,false,false,"",42,sms,rob2tel,5
"33401","2026-10-01","08",true,GW_ROBOT_TELCEL_2,2,2,false,false,false,"",47,sms,rob2tel,1
"33401","2026-10-01","08",true,GW_ROBOT_TELCEL_2,2,2,false,false,false,"",48,sms,rob2tel,1
"33401","2026-10-01","08",true,GW_ROBOT_TELCEL_2,2,2,false,false,false,"",69,sms,rob2tel,4
"33401","2026-10-01","08",true,GW_ROBOT_TELCEL_2,2,2,false,false,false,"",70,sms,rob2tel,3
"33401","2026-10-01","08",true,GW_ROBOT_TELCEL_2,2,2,false,false,false,"",71,sms,rob2tel,7
"33401","2026-10-01","08",true,GW_ROBOT_TELCEL_2,2,2,false,false,false,"",72,sms,rob2tel,1
"33401","2026-10-01","08",true,GW_ROBOT_TELCEL_2,2,2,false,false,false,"",79,sms,rob2tel,1
"33401","2026-10-01","08",true,GW_ROBOT_TELCEL_2,2,2,false,false,false,"",98,sms,rob2tel,1
"33401","2026-10-01","08",true,GW_ROBOT_TELCEL_2,2,2,false,false,false,"",126,sms,rob2tel,1
"33401","2026-10-01","08",true,GW_ROBOT_TELCEL_2,3,1,false,false,false,"",151,sms,rob2tel,6
"33401","2026-10-01","08",true,GW_ROBOT_TELCEL_2,3,2,false,false,false,"",153,sms,rob2tel,6
"33401","2026-10-01","08",true,GW_ROBOT_TELCEL_2,3,3,false,false,false,"",7,sms,rob2tel,1
"33401","2026-10-01","08",true,GW_ROBOT_TELCEL_2,3,3,false,false,false,"",13,sms,rob2tel,1
"33401","2026-10-01","08",true,GW_ROBOT_TELCEL_2,3,3,false,false,false,"",21,sms,rob2tel,1
"33401","2026-10-01","08",true,GW_ROBOT_TELCEL_2,3,3,false,false,false,"",35,sms,rob2tel,1
"33401","2026-10-01","08",true,GW_ROBOT_TELCEL_2,3,3,false,false,false,"",80,sms,rob2tel,1
"33401","2026-10-01","08",true,GW_ROBOT_TELCEL_2,3,3,false,false,false,"",87,sms,rob2tel,1
"33401","2026-10-01","08",true,GW_ROBOT_TELCEL_2,3,3,false,false,false,"",126,sms,rob2tel,1
"33401","2026-10-01","08",true,GW_ROBOT_TELCEL_3,1,0,false,false,false,"",5,sms,rob2tel,2
"33401","2026-10-01","08",true,GW_ROBOT_TELCEL_3,1,0,false,false,false,"",15,sms,rob2tel,1
"33401","2026-10-01","08",true,GW_ROBOT_TELCEL_3,1,0,false,false,false,"",20,sms,rob2tel,1
"33401","2026-10-01","08",true,GW_ROBOT_TELCEL_3,1,0,false,false,false,"",30,sms,rob2tel,5
"33401","2026-10-01","08",true,GW_ROBOT_TELCEL_3,1,0,false,false,false,"",33,sms,rob2tel,4
"33401","2026-10-01","08",true,GW_ROBOT_TELCEL_3,1,0,false,false,false,"",41,sms,rob2tel,9
"33401","2026-10-01","08",true,GW_ROBOT_TELCEL_3,1,0,false,false,false,"",44,sms,rob2tel,11
"33401","2026-10-01","08",true,GW_ROBOT_TELCEL_3,1,0,false,false,false,"",48,sms,rob2tel,5
"33401","2026-10-01","08",true,GW_ROBOT_TELCEL_3,1,0,false,false,false,"",50,sms,rob2tel,1
"33401","2026-10-01","08",true,GW_ROBOT_TELCEL_3,1,0,false,false,false,"",56,sms,rob2tel,1
"33401","2026-10-01","08",true,GW_ROBOT_TELCEL_3,1,0,false,false,false,"",59,sms,rob2tel,9
"33401","2026-10-01","08",true,GW_ROBOT_TELCEL_3,1,0,false,false,false,"",60,sms,rob2tel,1
"33401","2026-10-01","08",true,GW_ROBOT_TELCEL_3,1,0,false,false,false,"",66,sms,rob2tel,1
"33401","2026-10-01","08",true,GW_ROBOT_TELCEL_3,1,0,false,false,false,"",70,sms,rob2tel,2
"33401","2026-10-01","08",true,GW_ROBOT_TELCEL_3,1,0,false,false,false,"",71,sms,rob2tel,2
"33401","2026-10-01","08",true,GW_ROBOT_TELCEL_3,1,0,false,false,false,"",74,sms,rob2tel,2
"33401","2026-10-01","08",true,GW_ROBOT_TELCEL_3,1,0,false,false,false,"",76,sms,rob2tel,2
"33401","2026-10-01","08",true,GW_ROBOT_TELCEL_3,1,0,false,false,false,"",77,sms,rob2tel,2
"33401","2026-10-01","08",true,GW_ROBOT_TELCEL_3,1,0,false,false,false,"",81,sms,rob2tel,5
"33401","2026-10-01","08",true,GW_ROBOT_TELCEL_3,1,0,false,false,false,"",84,sms,rob2tel,1
"33401","2026-10-01","08",true,GW_ROBOT_TELCEL_3,1,0,false,false,false,"",93,sms,rob2tel,1
"33401","2026-10-01","08",true,GW_ROBOT_TELCEL_3,1,0,false,false,false,"",94,sms,rob2tel,1
"33401","2026-10-01","08",true,GW_ROBOT_TELCEL_3,1,0,false,false,false,"",95,sms,rob2tel,2
"33401","2026-10-01","08",true,GW_ROBOT_TELCEL_3,1,0,false,false,false,"",99,sms,rob2tel,20
"33401","2026-10-01","08",true,GW_ROBOT_TELCEL_3,1,0,false,false,false,"",100,sms,rob2tel,1
"33401","2026-10-01","08",true,GW_ROBOT_TELCEL_3,1,0,false,false,false,"",101,sms,rob2tel,19
"33401","2026-10-01","08",true,GW_ROBOT_TELCEL_3,1,0,false,false,false,"",102,sms,rob2tel,12
"33401","2026-10-01","08",true,GW_ROBOT_TELCEL_3,1,0,false,false,false,"",103,sms,rob2tel,1
"33401","2026-10-01","08",true,GW_ROBOT_TELCEL_3,1,0,false,false,false,"",104,sms,rob2tel,6
"33401","2026-10-01","08",true,GW_ROBOT_TELCEL_3,1,0,false,false,false,"",105,sms,rob2tel,11
"33401","2026-10-01","08",true,GW_ROBOT_TELCEL_3,1,0,false,false,false,"",106,sms,rob2tel,1
"33401","2026-10-01","08",true,GW_ROBOT_TELCEL_3,1,0,false,false,false,"",107,sms,rob2tel,2
"33401","2026-10-01","08",true,GW_ROBOT_TELCEL_3,1,0,false,false,false,"",108,sms,rob2tel,1
"33401","2026-10-01","08",true,GW_ROBOT_TELCEL_3,1,0,false,false,false,"",110,sms,rob2tel,1
"33401","2026-10-01","08",true,GW_ROBOT_TELCEL_3,1,0,false,false,false,"",112,sms,rob2tel,1
"33401","2026-10-01","08",true,GW_ROBOT_TELCEL_3,1,0,false,false,false,"",114,sms,rob2tel,1
"33401","2026-10-01","08",true,GW_ROBOT_TELCEL_3,1,0,false,false,false,"",115,sms,rob2tel,28
"33401","2026-10-01","08",true,GW_ROBOT_TELCEL_3,1,0,false,false,false,"",118,sms,rob2tel,1
"33401","2026-10-01","08",true,GW_ROBOT_TELCEL_3,1,0,false,false,false,"",119,sms,rob2tel,3
"33401","2026-10-01","08",true,GW_ROBOT_TELCEL_3,1,0,false,false,false,"",122,sms,rob2tel,2
"33401","2026-10-01","08",true,GW_ROBOT_TELCEL_3,1,0,false,false,false,"",125,sms,rob2tel,1
"33401","2026-10-01","08",true,GW_ROBOT_TELCEL_3,1,0,false,false,false,"",126,sms,rob2tel,2
"33401","2026-10-01","08",true,GW_ROBOT_TELCEL_3,1,0,false,false,false,"",127,sms,rob2tel,1
"33401","2026-10-01","08",true,GW_ROBOT_TELCEL_3,1,0,false,false,false,"",128,sms,rob2tel,4
"33401","2026-10-01","08",true,GW_ROBOT_TELCEL_3,1,0,false,false,false,"",130,sms,rob2tel,2
"33401","2026-10-01","08",true,GW_ROBOT_TELCEL_3,1,0,false,false,false,"",131,sms,rob2tel,3
"33401","2026-10-01","08",true,GW_ROBOT_TELCEL_3,1,0,false,false,false,"",132,sms,rob2tel,4
"33401","2026-10-01","08",true,GW_ROBOT_TELCEL_3,1,0,false,false,false,"",133,sms,rob2tel,13
"33401","2026-10-01","08",true,GW_ROBOT_TELCEL_3,1,0,false,false,false,"",134,sms,rob2tel,1
"33401","2026-10-01","08",true,GW_ROBOT_TELCEL_3,1,0,false,false,false,"",135,sms,rob2tel,1
"33401","2026-10-01","08",true,GW_ROBOT_TELCEL_3,1,0,false,false,false,"",136,sms,rob2tel,2
"33401","2026-10-01","08",true,GW_ROBOT_TELCEL_3,1,0,false,false,false,"",138,sms,rob2tel,5
"33401","2026-10-01","08",true,GW_ROBOT_TELCEL_3,1,0,false,false,false,"",139,sms,rob2tel,1
"33401","2026-10-01","08",true,GW_ROBOT_TELCEL_3,1,0,false,false,false,"",140,sms,rob2tel,2
"33401","2026-10-01","08",true,GW_ROBOT_TELCEL_3,1,0,false,false,false,"",141,sms,rob2tel,14
"33401","2026-10-01","08",true,GW_ROBOT_TELCEL_3,1,0,false,false,false,"",142,sms,rob2tel,1
"33401","2026-10-01","08",true,GW_ROBOT_TELCEL_3,1,0,false,false,false,"",145,sms,rob2tel,1
"33401","2026-10-01","08",true,GW_ROBOT_TELCEL_3,1,0,false,false,false,"",151,sms,rob2tel,4
"33401","2026-10-01","08",true,GW_ROBOT_TELCEL_3,1,0,false,false,false,"",153,sms,rob2tel,1
"33401","2026-10-01","08",true,GW_ROBOT_TELCEL_3,1,0,false,false,false,"",155,sms,rob2tel,1
"33401","2026-10-01","08",true,GW_ROBOT_TELCEL_3,1,0,false,false,false,"",156,sms,rob2tel,31
"33401","2026-10-01","08",true,GW_ROBOT_TELCEL_3,1,0,false,false,false,"",158,sms,rob2tel,1
"33401","2026-10-01","08",true,GW_ROBOT_TELCEL_3,1,0,false,false,false,"",159,sms,rob2tel,2
"33401","2026-10-01","08",true,GW_ROBOT_TELCEL_3,2,1,false,false,false,"",134,sms,rob2tel,1
"33401","2026-10-01","08",true,GW_ROBOT_TELCEL_3,2,1,false,false,false,"",151,sms,rob2tel,44
"33401","2026-10-01","08",true,GW_ROBOT_TELCEL_3,2,1,false,false,false,"",153,sms,rob2tel,8
"33401","2026-10-01","08",true,GW_ROBOT_TELCEL_3,2,2,false,false,false,"",10,sms,rob2tel,1
"33401","2026-10-01","08",true,GW_ROBOT_TELCEL_3,2,2,false,false,false,"",14,sms,rob2tel,1
"33401","2026-10-01","08",true,GW_ROBOT_TELCEL_3,2,2,false,false,false,"",15,sms,rob2tel,3
"33401","2026-10-01","08",true,GW_ROBOT_TELCEL_3,2,2,false,false,false,"",21,sms,rob2tel,1
"33401","2026-10-01","08",true,GW_ROBOT_TELCEL_3,2,2,false,false,false,"",28,sms,rob2tel,1
"33401","2026-10-01","08",true,GW_ROBOT_TELCEL_3,2,2,false,false,false,"",31,sms,rob2tel,1
"33401","2026-10-01","08",true,GW_ROBOT_TELCEL_3,2,2,false,false,false,"",40,sms,rob2tel,1
"33401","2026-10-01","08",true,GW_ROBOT_TELCEL_3,2,2,false,false,false,"",42,sms,rob2tel,6
"33401","2026-10-01","08",true,GW_ROBOT_TELCEL_3,2,2,false,false,false,"",68,sms,rob2tel,1
"33401","2026-10-01","08",true,GW_ROBOT_TELCEL_3,2,2,false,false,false,"",69,sms,rob2tel,6
"33401","2026-10-01","08",true,GW_ROBOT_TELCEL_3,2,2,false,false,false,"",70,sms,rob2tel,2
"33401","2026-10-01","08",true,GW_ROBOT_TELCEL_3,2,2,false,false,false,"",71,sms,rob2tel,3
"33401","2026-10-01","08",true,GW_ROBOT_TELCEL_3,2,2,false,false,false,"",72,sms,rob2tel,10
"33401","2026-10-01","08",true,GW_ROBOT_TELCEL_3,2,2,false,false,false,"",79,sms,rob2tel,1
"33401","2026-10-01","08",true,GW_ROBOT_TELCEL_3,2,2,false,false,false,"",89,sms,rob2tel,1
"33401","2026-10-01","08",true,GW_ROBOT_TELCEL_3,2,2,false,false,false,"",93,sms,rob2tel,1
"33401","2026-10-01","08",true,GW_ROBOT_TELCEL_3,2,2,false,false,false,"",123,sms,rob2tel,1
"33401","2026-10-01","08",true,GW_ROBOT_TELCEL_3,3,1,false,false,false,"",151,sms,rob2tel,10
"33401","2026-10-01","08",true,GW_ROBOT_TELCEL_3,3,2,false,false,false,"",153,sms,rob2tel,10
"33401","2026-10-01","08",true,GW_ROBOT_TELCEL_3,3,3,false,false,false,"",13,sms,rob2tel,1
"33401","2026-10-01","08",true,GW_ROBOT_TELCEL_3,3,3,false,false,false,"",81,sms,rob2tel,2
"33401","2026-10-01","08",true,GW_ROBOT_TELCEL_3,3,3,false,false,false,"",84,sms,rob2tel,2
"33401","2026-10-01","08",true,GW_ROBOT_TELCEL_3,3,3,false,false,false,"",86,sms,rob2tel,1
"33401","2026-10-01","08",true,GW_ROBOT_TELCEL_3,3,3,false,false,false,"",88,sms,rob2tel,1
"33401","2026-10-01","08",true,GW_ROBOT_TELCEL_3,3,3,false,false,false,"",126,sms,rob2tel,2
"33401","2026-10-01","09",true,GW_ROBOT_TELCEL_2,1,0,false,false,false,"",11,sms,rob2tel,1
"33401","2026-10-01","09",true,GW_ROBOT_TELCEL_2,1,0,false,false,false,"",14,sms,rob2tel,2
"33401","2026-10-01","09",true,GW_ROBOT_TELCEL_2,1,0,false,false,false,"",30,sms,rob2tel,1
"33401","2026-10-01","09",true,GW_ROBOT_TELCEL_2,1,0,false,false,false,"",33,sms,rob2tel,2
"33401","2026-10-01","09",true,GW_ROBOT_TELCEL_2,1,0,false,false,false,"",41,sms,rob2tel,2
"33401","2026-10-01","09",true,GW_ROBOT_TELCEL_2,1,0,false,false,false,"",44,sms,rob2tel,7
"33401","2026-10-01","09",true,GW_ROBOT_TELCEL_2,1,0,false,false,false,"",46,sms,rob2tel,1
"33401","2026-10-01","09",true,GW_ROBOT_TELCEL_2,1,0,false,false,false,"",48,sms,rob2tel,1
"33401","2026-10-01","09",true,GW_ROBOT_TELCEL_2,1,0,false,false,false,"",50,sms,rob2tel,1
"33401","2026-10-01","09",true,GW_ROBOT_TELCEL_2,1,0,false,false,false,"",56,sms,rob2tel,1
"33401","2026-10-01","09",true,GW_ROBOT_TELCEL_2,1,0,false,false,false,"",59,sms,rob2tel,5
"33401","2026-10-01","09",true,GW_ROBOT_TELCEL_2,1,0,false,false,false,"",60,sms,rob2tel,1
"33401","2026-10-01","09",true,GW_ROBOT_TELCEL_2,1,0,false,false,false,"",68,sms,rob2tel,1
"33401","2026-10-01","09",true,GW_ROBOT_TELCEL_2,1,0,false,false,false,"",71,sms,rob2tel,3
"33401","2026-10-01","09",true,GW_ROBOT_TELCEL_2,1,0,false,false,false,"",72,sms,rob2tel,2
"33401","2026-10-01","09",true,GW_ROBOT_TELCEL_2,1,0,false,false,false,"",74,sms,rob2tel,1
"33401","2026-10-01","09",true,GW_ROBOT_TELCEL_2,1,0,false,false,false,"",76,sms,rob2tel,1
"33401","2026-10-01","09",true,GW_ROBOT_TELCEL_2,1,0,false,false,false,"",77,sms,rob2tel,1
"33401","2026-10-01","09",true,GW_ROBOT_TELCEL_2,1,0,false,false,false,"",81,sms,rob2tel,3
"33401","2026-10-01","09",true,GW_ROBOT_TELCEL_2,1,0,false,false,false,"",93,sms,rob2tel,1
"33401","2026-10-01","09",true,GW_ROBOT_TELCEL_2,1,0,false,false,false,"",95,sms,rob2tel,1
"33401","2026-10-01","09",true,GW_ROBOT_TELCEL_2,1,0,false,false,false,"",97,sms,rob2tel,1
"33401","2026-10-01","09",true,GW_ROBOT_TELCEL_2,1,0,false,false,false,"",98,sms,rob2tel,3
"33401","2026-10-01","09",true,GW_ROBOT_TELCEL_2,1,0,false,false,false,"",99,sms,rob2tel,13
"33401","2026-10-01","09",true,GW_ROBOT_TELCEL_2,1,0,false,false,false,"",101,sms,rob2tel,9
"33401","2026-10-01","09",true,GW_ROBOT_TELCEL_2,1,0,false,false,false,"",102,sms,rob2tel,7
"33401","2026-10-01","09",true,GW_ROBOT_TELCEL_2,1,0,false,false,false,"",103,sms,rob2tel,1
"33401","2026-10-01","09",true,GW_ROBOT_TELCEL_2,1,0,false,false,false,"",104,sms,rob2tel,1
"33401","2026-10-01","09",true,GW_ROBOT_TELCEL_2,1,0,false,false,false,"",105,sms,rob2tel,2
"33401","2026-10-01","09",true,GW_ROBOT_TELCEL_2,1,0,false,false,false,"",108,sms,rob2tel,1
"33401","2026-10-01","09",true,GW_ROBOT_TELCEL_2,1,0,false,false,false,"",109,sms,rob2tel,1
"33401","2026-10-01","09",true,GW_ROBOT_TELCEL_2,1,0,false,false,false,"",110,sms,rob2tel,2
"33401","2026-10-01","09",true,GW_ROBOT_TELCEL_2,1,0,false,false,false,"",111,sms,rob2tel,2
"33401","2026-10-01","09",true,GW_ROBOT_TELCEL_2,1,0,false,false,false,"",112,sms,rob2tel,3
"33401","2026-10-01","09",true,GW_ROBOT_TELCEL_2,1,0,false,false,false,"",115,sms,rob2tel,20
"33401","2026-10-01","09",true,GW_ROBOT_TELCEL_2,1,0,false,false,false,"",118,sms,rob2tel,1
"33401","2026-10-01","09",true,GW_ROBOT_TELCEL_2,1,0,false,false,false,"",119,sms,rob2tel,1
"33401","2026-10-01","09",true,GW_ROBOT_TELCEL_2,1,0,false,false,false,"",120,sms,rob2tel,290
"33401","2026-10-01","09",true,GW_ROBOT_TELCEL_2,1,0,false,false,false,"",122,sms,rob2tel,2
"33401","2026-10-01","09",true,GW_ROBOT_TELCEL_2,1,0,false,false,false,"",128,sms,rob2tel,5
"33401","2026-10-01","09",true,GW_ROBOT_TELCEL_2,1,0,false,false,false,"",130,sms,rob2tel,6
"33401","2026-10-01","09",true,GW_ROBOT_TELCEL_2,1,0,false,false,false,"",132,sms,rob2tel,3
"33401","2026-10-01","09",true,GW_ROBOT_TELCEL_2,1,0,false,false,false,"",133,sms,rob2tel,1
"33401","2026-10-01","09",true,GW_ROBOT_TELCEL_2,1,0,false,false,false,"",134,sms,rob2tel,3
"33401","2026-10-01","09",true,GW_ROBOT_TELCEL_2,1,0,false,false,false,"",138,sms,rob2tel,4
"33401","2026-10-01","09",true,GW_ROBOT_TELCEL_2,1,0,false,false,false,"",139,sms,rob2tel,1
"33401","2026-10-01","09",true,GW_ROBOT_TELCEL_2,1,0,false,false,false,"",140,sms,rob2tel,1
"33401","2026-10-01","09",true,GW_ROBOT_TELCEL_2,1,0,false,false,false,"",141,sms,rob2tel,4
"33401","2026-10-01","09",true,GW_ROBOT_TELCEL_2,1,0,false,false,false,"",142,sms,rob2tel,1
"33401","2026-10-01","09",true,GW_ROBOT_TELCEL_2,1,0,false,false,false,"",145,sms,rob2tel,2
"33401","2026-10-01","09",true,GW_ROBOT_TELCEL_2,1,0,false,false,false,"",146,sms,rob2tel,27
"33401","2026-10-01","09",true,GW_ROBOT_TELCEL_2,1,0,false,false,false,"",149,sms,rob2tel,2
"33401","2026-10-01","09",true,GW_ROBOT_TELCEL_2,1,0,false,false,false,"",151,sms,rob2tel,2
"33401","2026-10-01","09",true,GW_ROBOT_TELCEL_2,1,0,false,false,false,"",155,sms,rob2tel,2
"33401","2026-10-01","09",true,GW_ROBOT_TELCEL_2,2,1,false,false,false,"",134,sms,rob2tel,4
"33401","2026-10-01","09",true,GW_ROBOT_TELCEL_2,2,1,false,false,false,"",151,sms,rob2tel,18
"33401","2026-10-01","09",true,GW_ROBOT_TELCEL_2,2,1,false,false,false,"",153,sms,rob2tel,9
"33401","2026-10-01","09",true,GW_ROBOT_TELCEL_2,2,2,false,false,false,"",10,sms,rob2tel,1
"33401","2026-10-01","09",true,GW_ROBOT_TELCEL_2,2,2,false,false,false,"",14,sms,rob2tel,1
"33401","2026-10-01","09",true,GW_ROBOT_TELCEL_2,2,2,false,false,false,"",15,sms,rob2tel,8
"33401","2026-10-01","09",true,GW_ROBOT_TELCEL_2,2,2,false,false,false,"",23,sms,rob2tel,2
"33401","2026-10-01","09",true,GW_ROBOT_TELCEL_2,2,2,false,false,false,"",28,sms,rob2tel,1
"33401","2026-10-01","09",true,GW_ROBOT_TELCEL_2,2,2,false,false,false,"",38,sms,rob2tel,1
"33401","2026-10-01","09",true,GW_ROBOT_TELCEL_2,2,2,false,false,false,"",40,sms,rob2tel,3
"33401","2026-10-01","09",true,GW_ROBOT_TELCEL_2,2,2,false,false,false,"",48,sms,rob2tel,1
"33401","2026-10-01","09",true,GW_ROBOT_TELCEL_2,2,2,false,false,false,"",69,sms,rob2tel,1
"33401","2026-10-01","09",true,GW_ROBOT_TELCEL_2,2,2,false,false,false,"",70,sms,rob2tel,2
"33401","2026-10-01","09",true,GW_ROBOT_TELCEL_2,2,2,false,false,false,"",71,sms,rob2tel,2
"33401","2026-10-01","09",true,GW_ROBOT_TELCEL_2,2,2,false,false,false,"",72,sms,rob2tel,4
"33401","2026-10-01","09",true,GW_ROBOT_TELCEL_2,3,1,false,false,false,"",134,sms,rob2tel,1
"33401","2026-10-01","09",true,GW_ROBOT_TELCEL_2,3,1,false,false,false,"",151,sms,rob2tel,3
"33401","2026-10-01","09",true,GW_ROBOT_TELCEL_2,3,2,false,false,false,"",153,sms,rob2tel,5
"33401","2026-10-01","09",true,GW_ROBOT_TELCEL_2,3,3,false,false,false,"",25,sms,rob2tel,1
"33401","2026-10-01","09",true,GW_ROBOT_TELCEL_2,3,3,false,false,false,"",84,sms,rob2tel,1
"33401","2026-10-01","09",true,GW_ROBOT_TELCEL_2,3,3,false,false,false,"",87,sms,rob2tel,2
"33401","2026-10-01","09",true,GW_ROBOT_TELCEL_2,3,3,false,false,false,"",88,sms,rob2tel,1
"33401","2026-10-01","09",true,GW_ROBOT_TELCEL_2,3,3,false,false,false,"",126,sms,rob2tel,1
"33401","2026-10-01","09",true,GW_ROBOT_TELCEL_3,1,0,false,false,false,"",10,sms,rob2tel,1
"33401","2026-10-01","09",true,GW_ROBOT_TELCEL_3,1,0,false,false,false,"",14,sms,rob2tel,2
"33401","2026-10-01","09",true,GW_ROBOT_TELCEL_3,1,0,false,false,false,"",30,sms,rob2tel,3
"33401","2026-10-01","09",true,GW_ROBOT_TELCEL_3,1,0,false,false,false,"",33,sms,rob2tel,2
"33401","2026-10-01","09",true,GW_ROBOT_TELCEL_3,1,0,false,false,false,"",41,sms,rob2tel,3
"33401","2026-10-01","09",true,GW_ROBOT_TELCEL_3,1,0,false,false,false,"",44,sms,rob2tel,5
"33401","2026-10-01","09",true,GW_ROBOT_TELCEL_3,1,0,false,false,false,"",45,sms,rob2tel,2
"33401","2026-10-01","09",true,GW_ROBOT_TELCEL_3,1,0,false,false,false,"",48,sms,rob2tel,5
"33401","2026-10-01","09",true,GW_ROBOT_TELCEL_3,1,0,false,false,false,"",50,sms,rob2tel,1
"33401","2026-10-01","09",true,GW_ROBOT_TELCEL_3,1,0,false,false,false,"",55,sms,rob2tel,1
"33401","2026-10-01","09",true,GW_ROBOT_TELCEL_3,1,0,false,false,false,"",56,sms,rob2tel,1
"33401","2026-10-01","09",true,GW_ROBOT_TELCEL_3,1,0,false,false,false,"",59,sms,rob2tel,8
"33401","2026-10-01","09",true,GW_ROBOT_TELCEL_3,1,0,false,false,false,"",64,sms,rob2tel,1
"33401","2026-10-01","09",true,GW_ROBOT_TELCEL_3,1,0,false,false,false,"",68,sms,rob2tel,1
"33401","2026-10-01","09",true,GW_ROBOT_TELCEL_3,1,0,false,false,false,"",71,sms,rob2tel,2
"33401","2026-10-01","09",true,GW_ROBOT_TELCEL_3,1,0,false,false,false,"",74,sms,rob2tel,1
"33401","2026-10-01","09",true,GW_ROBOT_TELCEL_3,1,0,false,false,false,"",76,sms,rob2tel,1
"33401","2026-10-01","09",true,GW_ROBOT_TELCEL_3,1,0,false,false,false,"",81,sms,rob2tel,1
"33401","2026-10-01","09",true,GW_ROBOT_TELCEL_3,1,0,false,false,false,"",87,sms,rob2tel,1
"33401","2026-10-01","09",true,GW_ROBOT_TELCEL_3,1,0,false,false,false,"",90,sms,rob2tel,1
"33401","2026-10-01","09",true,GW_ROBOT_TELCEL_3,1,0,false,false,false,"",96,sms,rob2tel,1
"33401","2026-10-01","09",true,GW_ROBOT_TELCEL_3,1,0,false,false,false,"",98,sms,rob2tel,4
"33401","2026-10-01","09",true,GW_ROBOT_TELCEL_3,1,0,false,false,false,"",99,sms,rob2tel,12
"33401","2026-10-01","09",true,GW_ROBOT_TELCEL_3,1,0,false,false,false,"",101,sms,rob2tel,14
"33401","2026-10-01","09",true,GW_ROBOT_TELCEL_3,1,0,false,false,false,"",102,sms,rob2tel,8
"33401","2026-10-01","09",true,GW_ROBOT_TELCEL_3,1,0,false,false,false,"",103,sms,rob2tel,2
"33401","2026-10-01","09",true,GW_ROBOT_TELCEL_3,1,0,false,false,false,"",104,sms,rob2tel,2
"33401","2026-10-01","09",true,GW_ROBOT_TELCEL_3,1,0,false,false,false,"",105,sms,rob2tel,4
"33401","2026-10-01","09",true,GW_ROBOT_TELCEL_3,1,0,false,false,false,"",106,sms,rob2tel,1
"33401","2026-10-01","09",true,GW_ROBOT_TELCEL_3,1,0,false,false,false,"",108,sms,rob2tel,1
"33401","2026-10-01","09",true,GW_ROBOT_TELCEL_3,1,0,false,false,false,"",110,sms,rob2tel,2
"33401","2026-10-01","09",true,GW_ROBOT_TELCEL_3,1,0,false,false,false,"",112,sms,rob2tel,1
"33401","2026-10-01","09",true,GW_ROBOT_TELCEL_3,1,0,false,false,false,"",114,sms,rob2tel,2
"33401","2026-10-01","09",true,GW_ROBOT_TELCEL_3,1,0,false,false,false,"",115,sms,rob2tel,22
"33401","2026-10-01","09",true,GW_ROBOT_TELCEL_3,1,0,false,false,false,"",119,sms,rob2tel,2
"33401","2026-10-01","09",true,GW_ROBOT_TELCEL_3,1,0,false,false,false,"",120,sms,rob2tel,323
"33401","2026-10-01","09",true,GW_ROBOT_TELCEL_3,1,0,false,false,false,"",128,sms,rob2tel,5
"33401","2026-10-01","09",true,GW_ROBOT_TELCEL_3,1,0,false,false,false,"",129,sms,rob2tel,1
"33401","2026-10-01","09",true,GW_ROBOT_TELCEL_3,1,0,false,false,false,"",130,sms,rob2tel,1
"33401","2026-10-01","09",true,GW_ROBOT_TELCEL_3,1,0,false,false,false,"",131,sms,rob2tel,5
"33401","2026-10-01","09",true,GW_ROBOT_TELCEL_3,1,0,false,false,false,"",132,sms,rob2tel,4
"33401","2026-10-01","09",true,GW_ROBOT_TELCEL_3,1,0,false,false,false,"",136,sms,rob2tel,1
"33401","2026-10-01","09",true,GW_ROBOT_TELCEL_3,1,0,false,false,false,"",138,sms,rob2tel,3
"33401","2026-10-01","09",true,GW_ROBOT_TELCEL_3,1,0,false,false,false,"",140,sms,rob2tel,1
"33401","2026-10-01","09",true,GW_ROBOT_TELCEL_3,1,0,false,false,false,"",141,sms,rob2tel,7
"33401","2026-10-01","09",true,GW_ROBOT_TELCEL_3,1,0,false,false,false,"",144,sms,rob2tel,1
"33401","2026-10-01","09",true,GW_ROBOT_TELCEL_3,1,0,false,false,false,"",145,sms,rob2tel,1
"33401","2026-10-01","09",true,GW_ROBOT_TELCEL_3,1,0,false,false,false,"",146,sms,rob2tel,34
"33401","2026-10-01","09",true,GW_ROBOT_TELCEL_3,1,0,false,false,false,"",149,sms,rob2tel,2
"33401","2026-10-01","09",true,GW_ROBOT_TELCEL_3,1,0,false,false,false,"",152,sms,rob2tel,1
"33401","2026-10-01","09",true,GW_ROBOT_TELCEL_3,1,0,false,false,false,"",153,sms,rob2tel,2
"33401","2026-10-01","09",true,GW_ROBOT_TELCEL_3,1,0,false,false,false,"",156,sms,rob2tel,1
"33401","2026-10-01","09",true,GW_ROBOT_TELCEL_3,2,1,false,false,false,"",151,sms,rob2tel,20
"33401","2026-10-01","09",true,GW_ROBOT_TELCEL_3,2,1,false,false,false,"",153,sms,rob2tel,7
"33401","2026-10-01","09",true,GW_ROBOT_TELCEL_3,2,2,false,false,false,"",8,sms,rob2tel,1
"33401","2026-10-01","09",true,GW_ROBOT_TELCEL_3,2,2,false,false,false,"",12,sms,rob2tel,1
"33401","2026-10-01","09",true,GW_ROBOT_TELCEL_3,2,2,false,false,false,"",15,sms,rob2tel,7
"33401","2026-10-01","09",true,GW_ROBOT_TELCEL_3,2,2,false,false,false,"",18,sms,rob2tel,1
"33401","2026-10-01","09",true,GW_ROBOT_TELCEL_3,2,2,false,false,false,"",23,sms,rob2tel,2
"33401","2026-10-01","09",true,GW_ROBOT_TELCEL_3,2,2,false,false,false,"",40,sms,rob2tel,1
"33401","2026-10-01","09",true,GW_ROBOT_TELCEL_3,2,2,false,false,false,"",69,sms,rob2tel,1
"33401","2026-10-01","09",true,GW_ROBOT_TELCEL_3,2,2,false,false,false,"",70,sms,rob2tel,3
"33401","2026-10-01","09",true,GW_ROBOT_TELCEL_3,2,2,false,false,false,"",71,sms,rob2tel,7
"33401","2026-10-01","09",true,GW_ROBOT_TELCEL_3,2,2,false,false,false,"",72,sms,rob2tel,6
"33401","2026-10-01","09",true,GW_ROBOT_TELCEL_3,2,2,false,false,false,"",107,sms,rob2tel,1
"33401","2026-10-01","09",true,GW_ROBOT_TELCEL_3,3,1,false,false,false,"",151,sms,rob2tel,8
"33401","2026-10-01","09",true,GW_ROBOT_TELCEL_3,3,2,false,false,false,"",134,sms,rob2tel,1
"33401","2026-10-01","09",true,GW_ROBOT_TELCEL_3,3,2,false,false,false,"",153,sms,rob2tel,6
"33401","2026-10-01","09",true,GW_ROBOT_TELCEL_3,3,3,false,false,false,"",25,sms,rob2tel,1
"33401","2026-10-01","09",true,GW_ROBOT_TELCEL_3,3,3,false,false,false,"",78,sms,rob2tel,1
"33401","2026-10-01","09",true,GW_ROBOT_TELCEL_3,3,3,false,false,false,"",81,sms,rob2tel,1
"33401","2026-10-01","09",true,GW_ROBOT_TELCEL_3,3,3,false,false,false,"",82,sms,rob2tel,1
"33401","2026-10-01","09",true,GW_ROBOT_TELCEL_3,3,3,false,false,false,"",86,sms,rob2tel,1
"33401","2026-10-01","09",true,GW_ROBOT_TELCEL_3,3,3,false,false,false,"",88,sms,rob2tel,1
"33401","2026-10-01","10",true,GW_ROBOT_TELCEL_2,1,0,false,false,false,"",14,sms,rob2tel,1
"33401","2026-10-01","10",true,GW_ROBOT_TELCEL_2,1,0,false,false,false,"",30,sms,rob2tel,3
"33401","2026-10-01","10",true,GW_ROBOT_TELCEL_2,1,0,false,false,false,"",33,sms,rob2tel,2
"33401","2026-10-01","10",true,GW_ROBOT_TELCEL_2,1,0,false,false,false,"",41,sms,rob2tel,3
"33401","2026-10-01","10",true,GW_ROBOT_TELCEL_2,1,0,false,false,false,"",44,sms,rob2tel,6
"33401","2026-10-01","10",true,GW_ROBOT_TELCEL_2,1,0,false,false,false,"",45,sms,rob2tel,1
"33401","2026-10-01","10",true,GW_ROBOT_TELCEL_2,1,0,false,false,false,"",48,sms,rob2tel,2
"33401","2026-10-01","10",true,GW_ROBOT_TELCEL_2,1,0,false,false,false,"",50,sms,rob2tel,1
"33401","2026-10-01","10",true,GW_ROBOT_TELCEL_2,1,0,false,false,false,"",53,sms,rob2tel,1
"33401","2026-10-01","10",true,GW_ROBOT_TELCEL_2,1,0,false,false,false,"",57,sms,rob2tel,2
"33401","2026-10-01","10",true,GW_ROBOT_TELCEL_2,1,0,false,false,false,"",59,sms,rob2tel,2
"33401","2026-10-01","10",true,GW_ROBOT_TELCEL_2,1,0,false,false,false,"",62,sms,rob2tel,1
"33401","2026-10-01","10",true,GW_ROBOT_TELCEL_2,1,0,false,false,false,"",66,sms,rob2tel,1
"33401","2026-10-01","10",true,GW_ROBOT_TELCEL_2,1,0,false,false,false,"",70,sms,rob2tel,1
"33401","2026-10-01","10",true,GW_ROBOT_TELCEL_2,1,0,false,false,false,"",71,sms,rob2tel,3
"33401","2026-10-01","10",true,GW_ROBOT_TELCEL_2,1,0,false,false,false,"",73,sms,rob2tel,2
"33401","2026-10-01","10",true,GW_ROBOT_TELCEL_2,1,0,false,false,false,"",74,sms,rob2tel,2
"33401","2026-10-01","10",true,GW_ROBOT_TELCEL_2,1,0,false,false,false,"",76,sms,rob2tel,1
"33401","2026-10-01","10",true,GW_ROBOT_TELCEL_2,1,0,false,false,false,"",77,sms,rob2tel,1
"33401","2026-10-01","10",true,GW_ROBOT_TELCEL_2,1,0,false,false,false,"",81,sms,rob2tel,3
"33401","2026-10-01","10",true,GW_ROBOT_TELCEL_2,1,0,false,false,false,"",83,sms,rob2tel,1
"33401","2026-10-01","10",true,GW_ROBOT_TELCEL_2,1,0,false,false,false,"",95,sms,rob2tel,1
"33401","2026-10-01","10",true,GW_ROBOT_TELCEL_2,1,0,false,false,false,"",98,sms,rob2tel,2
"33401","2026-10-01","10",true,GW_ROBOT_TELCEL_2,1,0,false,false,false,"",99,sms,rob2tel,19
"33401","2026-10-01","10",true,GW_ROBOT_TELCEL_2,1,0,false,false,false,"",101,sms,rob2tel,17
"33401","2026-10-01","10",true,GW_ROBOT_TELCEL_2,1,0,false,false,false,"",102,sms,rob2tel,3
"33401","2026-10-01","10",true,GW_ROBOT_TELCEL_2,1,0,false,false,false,"",111,sms,rob2tel,1
"33401","2026-10-01","10",true,GW_ROBOT_TELCEL_2,1,0,false,false,false,"",113,sms,rob2tel,2
"33401","2026-10-01","10",true,GW_ROBOT_TELCEL_2,1,0,false,false,false,"",115,sms,rob2tel,16
"33401","2026-10-01","10",true,GW_ROBOT_TELCEL_2,1,0,false,false,false,"",116,sms,rob2tel,71
"33401","2026-10-01","10",true,GW_ROBOT_TELCEL_2,1,0,false,false,false,"",119,sms,rob2tel,5
"33401","2026-10-01","10",true,GW_ROBOT_TELCEL_2,1,0,false,false,false,"",122,sms,rob2tel,2
"33401","2026-10-01","10",true,GW_ROBOT_TELCEL_2,1,0,false,false,false,"",123,sms,rob2tel,1
"33401","2026-10-01","10",true,GW_ROBOT_TELCEL_2,1,0,false,false,false,"",125,sms,rob2tel,1
"33401","2026-10-01","10",true,GW_ROBOT_TELCEL_2,1,0,false,false,false,"",126,sms,rob2tel,6
"33401","2026-10-01","10",true,GW_ROBOT_TELCEL_2,1,0,false,false,false,"",128,sms,rob2tel,12
"33401","2026-10-01","10",true,GW_ROBOT_TELCEL_2,1,0,false,false,false,"",129,sms,rob2tel,1
"33401","2026-10-01","10",true,GW_ROBOT_TELCEL_2,1,0,false,false,false,"",130,sms,rob2tel,3
"33401","2026-10-01","10",true,GW_ROBOT_TELCEL_2,1,0,false,false,false,"",131,sms,rob2tel,4
"33401","2026-10-01","10",true,GW_ROBOT_TELCEL_2,1,0,false,false,false,"",132,sms,rob2tel,3
"33401","2026-10-01","10",true,GW_ROBOT_TELCEL_2,1,0,false,false,false,"",133,sms,rob2tel,4
"33401","2026-10-01","10",true,GW_ROBOT_TELCEL_2,1,0,false,false,false,"",134,sms,rob2tel,1
"33401","2026-10-01","10",true,GW_ROBOT_TELCEL_2,1,0,false,false,false,"",135,sms,rob2tel,2
"33401","2026-10-01","10",true,GW_ROBOT_TELCEL_2,1,0,false,false,false,"",138,sms,rob2tel,2
"33401","2026-10-01","10",true,GW_ROBOT_TELCEL_2,1,0,false,false,false,"",139,sms,rob2tel,1
"33401","2026-10-01","10",true,GW_ROBOT_TELCEL_2,1,0,false,false,false,"",140,sms,rob2tel,1
"33401","2026-10-01","10",true,GW_ROBOT_TELCEL_2,1,0,false,false,false,"",141,sms,rob2tel,10
"33401","2026-10-01","10",true,GW_ROBOT_TELCEL_2,1,0,false,false,false,"",142,sms,rob2tel,2
"33401","2026-10-01","10",true,GW_ROBOT_TELCEL_2,1,0,false,false,false,"",144,sms,rob2tel,7
"33401","2026-10-01","10",true,GW_ROBOT_TELCEL_2,1,0,false,false,false,"",145,sms,rob2tel,2
"33401","2026-10-01","10",true,GW_ROBOT_TELCEL_2,1,0,false,false,false,"",147,sms,rob2tel,1
"33401","2026-10-01","10",true,GW_ROBOT_TELCEL_2,1,0,false,false,false,"",149,sms,rob2tel,1
"33401","2026-10-01","10",true,GW_ROBOT_TELCEL_2,1,0,false,false,false,"",151,sms,rob2tel,1
"33401","2026-10-01","10",true,GW_ROBOT_TELCEL_2,1,0,false,false,false,"",152,sms,rob2tel,15
"33401","2026-10-01","10",true,GW_ROBOT_TELCEL_2,1,0,false,false,false,"",155,sms,rob2tel,3
"33401","2026-10-01","10",true,GW_ROBOT_TELCEL_2,1,0,false,false,false,"",158,sms,rob2tel,5
"33401","2026-10-01","10",true,GW_ROBOT_TELCEL_2,2,1,false,false,false,"",134,sms,rob2tel,3
"33401","2026-10-01","10",true,GW_ROBOT_TELCEL_2,2,1,false,false,false,"",151,sms,rob2tel,32
"33401","2026-10-01","10",true,GW_ROBOT_TELCEL_2,2,1,false,false,false,"",153,sms,rob2tel,7
"33401","2026-10-01","10",true,GW_ROBOT_TELCEL_2,2,2,false,false,false,"",14,sms,rob2tel,1
"33401","2026-10-01","10",true,GW_ROBOT_TELCEL_2,2,2,false,false,false,"",15,sms,rob2tel,5
"33401","2026-10-01","10",true,GW_ROBOT_TELCEL_2,2,2,false,false,false,"",16,sms,rob2tel,1
"33401","2026-10-01","10",true,GW_ROBOT_TELCEL_2,2,2,false,false,false,"",18,sms,rob2tel,1
"33401","2026-10-01","10",true,GW_ROBOT_TELCEL_2,2,2,false,false,false,"",29,sms,rob2tel,1
"33401","2026-10-01","10",true,GW_ROBOT_TELCEL_2,2,2,false,false,false,"",30,sms,rob2tel,1
"33401","2026-10-01","10",true,GW_ROBOT_TELCEL_2,2,2,false,false,false,"",48,sms,rob2tel,1
"33401","2026-10-01","10",true,GW_ROBOT_TELCEL_2,2,2,false,false,false,"",65,sms,rob2tel,2
"33401","2026-10-01","10",true,GW_ROBOT_TELCEL_2,2,2,false,false,false,"",69,sms,rob2tel,5
"33401","2026-10-01","10",true,GW_ROBOT_TELCEL_2,2,2,false,false,false,"",70,sms,rob2tel,6
"33401","2026-10-01","10",true,GW_ROBOT_TELCEL_2,2,2,false,false,false,"",71,sms,rob2tel,2
"33401","2026-10-01","10",true,GW_ROBOT_TELCEL_2,2,2,false,false,false,"",72,sms,rob2tel,6
"33401","2026-10-01","10",true,GW_ROBOT_TELCEL_2,2,2,false,false,false,"",90,sms,rob2tel,1
"33401","2026-10-01","10",true,GW_ROBOT_TELCEL_2,2,2,false,false,false,"",93,sms,rob2tel,1
"33401","2026-10-01","10",true,GW_ROBOT_TELCEL_2,2,2,false,false,false,"",150,sms,rob2tel,1
"33401","2026-10-01","10",true,GW_ROBOT_TELCEL_2,3,1,false,false,false,"",151,sms,rob2tel,3
"33401","2026-10-01","10",true,GW_ROBOT_TELCEL_2,3,3,false,false,false,"",36,sms,rob2tel,1
"33401","2026-10-01","10",true,GW_ROBOT_TELCEL_2,3,3,false,false,false,"",84,sms,rob2tel,1
"33401","2026-10-01","10",true,GW_ROBOT_TELCEL_2,3,3,false,false,false,"",86,sms,rob2tel,1
"33401","2026-10-01","10",true,GW_ROBOT_TELCEL_3,1,0,false,false,false,"",5,sms,rob2tel,1
"33401","2026-10-01","10",true,GW_ROBOT_TELCEL_3,1,0,false,false,false,"",14,sms,rob2tel,1
"33401","2026-10-01","10",true,GW_ROBOT_TELCEL_3,1,0,false,false,false,"",20,sms,rob2tel,1
"33401","2026-10-01","10",true,GW_ROBOT_TELCEL_3,1,0,false,false,false,"",30,sms,rob2tel,3
"33401","2026-10-01","10",true,GW_ROBOT_TELCEL_3,1,0,false,false,false,"",33,sms,rob2tel,2
"33401","2026-10-01","10",true,GW_ROBOT_TELCEL_3,1,0,false,false,false,"",44,sms,rob2tel,8
"33401","2026-10-01","10",true,GW_ROBOT_TELCEL_3,1,0,false,false,false,"",45,sms,rob2tel,3
"33401","2026-10-01","10",true,GW_ROBOT_TELCEL_3,1,0,false,false,false,"",48,sms,rob2tel,4
"33401","2026-10-01","10",true,GW_ROBOT_TELCEL_3,1,0,false,false,false,"",49,sms,rob2tel,1
"33401","2026-10-01","10",true,GW_ROBOT_TELCEL_3,1,0,false,false,false,"",56,sms,rob2tel,2
"33401","2026-10-01","10",true,GW_ROBOT_TELCEL_3,1,0,false,false,false,"",57,sms,rob2tel,1
"33401","2026-10-01","10",true,GW_ROBOT_TELCEL_3,1,0,false,false,false,"",59,sms,rob2tel,4
"33401","2026-10-01","10",true,GW_ROBOT_TELCEL_3,1,0,false,false,false,"",66,sms,rob2tel,1
"33401","2026-10-01","10",true,GW_ROBOT_TELCEL_3,1,0,false,false,false,"",71,sms,rob2tel,2
"33401","2026-10-01","10",true,GW_ROBOT_TELCEL_3,1,0,false,false,false,"",74,sms,rob2tel,2
"33401","2026-10-01","10",true,GW_ROBOT_TELCEL_3,1,0,false,false,false,"",75,sms,rob2tel,1
"33401","2026-10-01","10",true,GW_ROBOT_TELCEL_3,1,0,false,false,false,"",76,sms,rob2tel,1
"33401","2026-10-01","10",true,GW_ROBOT_TELCEL_3,1,0,false,false,false,"",77,sms,rob2tel,3
"33401","2026-10-01","10",true,GW_ROBOT_TELCEL_3,1,0,false,false,false,"",81,sms,rob2tel,1
"33401","2026-10-01","10",true,GW_ROBOT_TELCEL_3,1,0,false,false,false,"",88,sms,rob2tel,1
"33401","2026-10-01","10",true,GW_ROBOT_TELCEL_3,1,0,false,false,false,"",98,sms,rob2tel,6
"33401","2026-10-01","10",true,GW_ROBOT_TELCEL_3,1,0,false,false,false,"",99,sms,rob2tel,23
"33401","2026-10-01","10",true,GW_ROBOT_TELCEL_3,1,0,false,false,false,"",100,sms,rob2tel,1
"33401","2026-10-01","10",true,GW_ROBOT_TELCEL_3,1,0,false,false,false,"",101,sms,rob2tel,11
"33401","2026-10-01","10",true,GW_ROBOT_TELCEL_3,1,0,false,false,false,"",102,sms,rob2tel,3
"33401","2026-10-01","10",true,GW_ROBOT_TELCEL_3,1,0,false,false,false,"",104,sms,rob2tel,2
"33401","2026-10-01","10",true,GW_ROBOT_TELCEL_3,1,0,false,false,false,"",106,sms,rob2tel,1
"33401","2026-10-01","10",true,GW_ROBOT_TELCEL_3,1,0,false,false,false,"",110,sms,rob2tel,2
"33401","2026-10-01","10",true,GW_ROBOT_TELCEL_3,1,0,false,false,false,"",111,sms,rob2tel,1
"33401","2026-10-01","10",true,GW_ROBOT_TELCEL_3,1,0,false,false,false,"",113,sms,rob2tel,3
"33401","2026-10-01","10",true,GW_ROBOT_TELCEL_3,1,0,false,false,false,"",115,sms,rob2tel,18
"33401","2026-10-01","10",true,GW_ROBOT_TELCEL_3,1,0,false,false,false,"",116,sms,rob2tel,67
"33401","2026-10-01","10",true,GW_ROBOT_TELCEL_3,1,0,false,false,false,"",119,sms,rob2tel,5
"33401","2026-10-01","10",true,GW_ROBOT_TELCEL_3,1,0,false,false,false,"",122,sms,rob2tel,1
"33401","2026-10-01","10",true,GW_ROBOT_TELCEL_3,1,0,false,false,false,"",123,sms,rob2tel,3
"33401","2026-10-01","10",true,GW_ROBOT_TELCEL_3,1,0,false,false,false,"",126,sms,rob2tel,3
"33401","2026-10-01","10",true,GW_ROBOT_TELCEL_3,1,0,false,false,false,"",127,sms,rob2tel,1
"33401","2026-10-01","10",true,GW_ROBOT_TELCEL_3,1,0,false,false,false,"",128,sms,rob2tel,7
"33401","2026-10-01","10",true,GW_ROBOT_TELCEL_3,1,0,false,false,false,"",130,sms,rob2tel,5
"33401","2026-10-01","10",true,GW_ROBOT_TELCEL_3,1,0,false,false,false,"",131,sms,rob2tel,4
"33401","2026-10-01","10",true,GW_ROBOT_TELCEL_3,1,0,false,false,false,"",132,sms,rob2tel,1
"33401","2026-10-01","10",true,GW_ROBOT_TELCEL_3,1,0,false,false,false,"",133,sms,rob2tel,1
"33401","2026-10-01","10",true,GW_ROBOT_TELCEL_3,1,0,false,false,false,"",138,sms,rob2tel,1
"33401","2026-10-01","10",true,GW_ROBOT_TELCEL_3,1,0,false,false,false,"",141,sms,rob2tel,16
"33401","2026-10-01","10",true,GW_ROBOT_TELCEL_3,1,0,false,false,false,"",142,sms,rob2tel,1
"33401","2026-10-01","10",true,GW_ROBOT_TELCEL_3,1,0,false,false,false,"",144,sms,rob2tel,6
"33401","2026-10-01","10",true,GW_ROBOT_TELCEL_3,1,0,false,false,false,"",147,sms,rob2tel,2
"33401","2026-10-01","10",true,GW_ROBOT_TELCEL_3,1,0,false,false,false,"",148,sms,rob2tel,1
"33401","2026-10-01","10",true,GW_ROBOT_TELCEL_3,1,0,false,false,false,"",150,sms,rob2tel,1
"33401","2026-10-01","10",true,GW_ROBOT_TELCEL_3,1,0,false,false,false,"",151,sms,rob2tel,3
"33401","2026-10-01","10",true,GW_ROBOT_TELCEL_3,1,0,false,false,false,"",152,sms,rob2tel,17
"33401","2026-10-01","10",true,GW_ROBOT_TELCEL_3,1,0,false,false,false,"",155,sms,rob2tel,3
"33401","2026-10-01","10",true,GW_ROBOT_TELCEL_3,1,0,false,false,false,"",158,sms,rob2tel,7
"33401","2026-10-01","10",true,GW_ROBOT_TELCEL_3,2,1,false,false,false,"",134,sms,rob2tel,1
"33401","2026-10-01","10",true,GW_ROBOT_TELCEL_3,2,1,false,false,false,"",151,sms,rob2tel,25
"33401","2026-10-01","10",true,GW_ROBOT_TELCEL_3,2,1,false,false,false,"",153,sms,rob2tel,1
"33401","2026-10-01","10",true,GW_ROBOT_TELCEL_3,2,2,false,false,false,"",14,sms,rob2tel,1
"33401","2026-10-01","10",true,GW_ROBOT_TELCEL_3,2,2,false,false,false,"",15,sms,rob2tel,3
"33401","2026-10-01","10",true,GW_ROBOT_TELCEL_3,2,2,false,false,false,"",21,sms,rob2tel,3
"33401","2026-10-01","10",true,GW_ROBOT_TELCEL_3,2,2,false,false,false,"",23,sms,rob2tel,3
"33401","2026-10-01","10",true,GW_ROBOT_TELCEL_3,2,2,false,false,false,"",28,sms,rob2tel,1
"33401","2026-10-01","10",true,GW_ROBOT_TELCEL_3,2,2,false,false,false,"",32,sms,rob2tel,1
"33401","2026-10-01","10",true,GW_ROBOT_TELCEL_3,2,2,false,false,false,"",36,sms,rob2tel,1
"33401","2026-10-01","10",true,GW_ROBOT_TELCEL_3,2,2,false,false,false,"",52,sms,rob2tel,1
"33401","2026-10-01","10",true,GW_ROBOT_TELCEL_3,2,2,false,false,false,"",65,sms,rob2tel,2
"33401","2026-10-01","10",true,GW_ROBOT_TELCEL_3,2,2,false,false,false,"",69,sms,rob2tel,3
"33401","2026-10-01","10",true,GW_ROBOT_TELCEL_3,2,2,false,false,false,"",70,sms,rob2tel,3
"33401","2026-10-01","10",true,GW_ROBOT_TELCEL_3,2,2,false,false,false,"",71,sms,rob2tel,7
"33401","2026-10-01","10",true,GW_ROBOT_TELCEL_3,2,2,false,false,false,"",72,sms,rob2tel,5
"33401","2026-10-01","10",true,GW_ROBOT_TELCEL_3,3,1,false,false,false,"",134,sms,rob2tel,1
"33401","2026-10-01","10",true,GW_ROBOT_TELCEL_3,3,1,false,false,false,"",151,sms,rob2tel,2
"33401","2026-10-01","10",true,GW_ROBOT_TELCEL_3,3,2,false,false,false,"",134,sms,rob2tel,1
"33401","2026-10-01","10",true,GW_ROBOT_TELCEL_3,3,2,false,false,false,"",153,sms,rob2tel,5
"33401","2026-10-01","10",true,GW_ROBOT_TELCEL_3,3,3,false,false,false,"",79,sms,rob2tel,1
"33401","2026-10-01","10",true,GW_ROBOT_TELCEL_3,3,3,false,false,false,"",86,sms,rob2tel,2
"33401","2026-10-01","11",true,GW_ROBOT_TELCEL_2,1,0,false,false,false,"",13,sms,rob2tel,3
"33401","2026-10-01","11",true,GW_ROBOT_TELCEL_2,1,0,false,false,false,"",14,sms,rob2tel,2
"33401","2026-10-01","11",true,GW_ROBOT_TELCEL_2,1,0,false,false,false,"",20,sms,rob2tel,1
"33401","2026-10-01","11",true,GW_ROBOT_TELCEL_2,1,0,false,false,false,"",30,sms,rob2tel,1
"33401","2026-10-01","11",true,GW_ROBOT_TELCEL_2,1,0,false,false,false,"",33,sms,rob2tel,3
"33401","2026-10-01","11",true,GW_ROBOT_TELCEL_2,1,0,false,false,false,"",41,sms,rob2tel,1
"33401","2026-10-01","11",true,GW_ROBOT_TELCEL_2,1,0,false,false,false,"",42,sms,rob2tel,2
"33401","2026-10-01","11",true,GW_ROBOT_TELCEL_2,1,0,false,false,false,"",44,sms,rob2tel,9
"33401","2026-10-01","11",true,GW_ROBOT_TELCEL_2,1,0,false,false,false,"",45,sms,rob2tel,2
"33401","2026-10-01","11",true,GW_ROBOT_TELCEL_2,1,0,false,false,false,"",46,sms,rob2tel,1
"33401","2026-10-01","11",true,GW_ROBOT_TELCEL_2,1,0,false,false,false,"",48,sms,rob2tel,2
"33401","2026-10-01","11",true,GW_ROBOT_TELCEL_2,1,0,false,false,false,"",56,sms,rob2tel,2
"33401","2026-10-01","11",true,GW_ROBOT_TELCEL_2,1,0,false,false,false,"",59,sms,rob2tel,7
"33401","2026-10-01","11",true,GW_ROBOT_TELCEL_2,1,0,false,false,false,"",70,sms,rob2tel,1
"33401","2026-10-01","11",true,GW_ROBOT_TELCEL_2,1,0,false,false,false,"",73,sms,rob2tel,1
"33401","2026-10-01","11",true,GW_ROBOT_TELCEL_2,1,0,false,false,false,"",74,sms,rob2tel,2
"33401","2026-10-01","11",true,GW_ROBOT_TELCEL_2,1,0,false,false,false,"",76,sms,rob2tel,1
"33401","2026-10-01","11",true,GW_ROBOT_TELCEL_2,1,0,false,false,false,"",77,sms,rob2tel,1
"33401","2026-10-01","11",true,GW_ROBOT_TELCEL_2,1,0,false,false,false,"",88,sms,rob2tel,1
"33401","2026-10-01","11",true,GW_ROBOT_TELCEL_2,1,0,false,false,false,"",92,sms,rob2tel,1
"33401","2026-10-01","11",true,GW_ROBOT_TELCEL_2,1,0,false,false,false,"",93,sms,rob2tel,1
"33401","2026-10-01","11",true,GW_ROBOT_TELCEL_2,1,0,false,false,false,"",94,sms,rob2tel,1
"33401","2026-10-01","11",true,GW_ROBOT_TELCEL_2,1,0,false,false,false,"",95,sms,rob2tel,2
"33401","2026-10-01","11",true,GW_ROBOT_TELCEL_2,1,0,false,false,false,"",97,sms,rob2tel,1
"33401","2026-10-01","11",true,GW_ROBOT_TELCEL_2,1,0,false,false,false,"",98,sms,rob2tel,1
"33401","2026-10-01","11",true,GW_ROBOT_TELCEL_2,1,0,false,false,false,"",99,sms,rob2tel,39
"33401","2026-10-01","11",true,GW_ROBOT_TELCEL_2,1,0,false,false,false,"",101,sms,rob2tel,33
"33401","2026-10-01","11",true,GW_ROBOT_TELCEL_2,1,0,false,false,false,"",102,sms,rob2tel,3
"33401","2026-10-01","11",true,GW_ROBOT_TELCEL_2,1,0,false,false,false,"",103,sms,rob2tel,2
"33401","2026-10-01","11",true,GW_ROBOT_TELCEL_2,1,0,false,false,false,"",104,sms,rob2tel,3
"33401","2026-10-01","11",true,GW_ROBOT_TELCEL_2,1,0,false,false,false,"",105,sms,rob2tel,2
"33401","2026-10-01","11",true,GW_ROBOT_TELCEL_2,1,0,false,false,false,"",107,sms,rob2tel,3
"33401","2026-10-01","11",true,GW_ROBOT_TELCEL_2,1,0,false,false,false,"",109,sms,rob2tel,1
"33401","2026-10-01","11",true,GW_ROBOT_TELCEL_2,1,0,false,false,false,"",110,sms,rob2tel,2
"33401","2026-10-01","11",true,GW_ROBOT_TELCEL_2,1,0,false,false,false,"",111,sms,rob2tel,1
"33401","2026-10-01","11",true,GW_ROBOT_TELCEL_2,1,0,false,false,false,"",113,sms,rob2tel,2
"33401","2026-10-01","11",true,GW_ROBOT_TELCEL_2,1,0,false,false,false,"",115,sms,rob2tel,24
"33401","2026-10-01","11",true,GW_ROBOT_TELCEL_2,1,0,false,false,false,"",116,sms,rob2tel,31
"33401","2026-10-01","11",true,GW_ROBOT_TELCEL_2,1,0,false,false,false,"",117,sms,rob2tel,4
"33401","2026-10-01","11",true,GW_ROBOT_TELCEL_2,1,0,false,false,false,"",118,sms,rob2tel,12
"33401","2026-10-01","11",true,GW_ROBOT_TELCEL_2,1,0,false,false,false,"",119,sms,rob2tel,31
"33401","2026-10-01","11",true,GW_ROBOT_TELCEL_2,1,0,false,false,false,"",120,sms,rob2tel,43
"33401","2026-10-01","11",true,GW_ROBOT_TELCEL_2,1,0,false,false,false,"",121,sms,rob2tel,15
"33401","2026-10-01","11",true,GW_ROBOT_TELCEL_2,1,0,false,false,false,"",122,sms,rob2tel,3
"33401","2026-10-01","11",true,GW_ROBOT_TELCEL_2,1,0,false,false,false,"",123,sms,rob2tel,23
"33401","2026-10-01","11",true,GW_ROBOT_TELCEL_2,1,0,false,false,false,"",124,sms,rob2tel,9
"33401","2026-10-01","11",true,GW_ROBOT_TELCEL_2,1,0,false,false,false,"",125,sms,rob2tel,6
"33401","2026-10-01","11",true,GW_ROBOT_TELCEL_2,1,0,false,false,false,"",126,sms,rob2tel,2
"33401","2026-10-01","11",true,GW_ROBOT_TELCEL_2,1,0,false,false,false,"",127,sms,rob2tel,1
"33401","2026-10-01","11",true,GW_ROBOT_TELCEL_2,1,0,false,false,false,"",128,sms,rob2tel,19
"33401","2026-10-01","11",true,GW_ROBOT_TELCEL_2,1,0,false,false,false,"",129,sms,rob2tel,1
"33401","2026-10-01","11",true,GW_ROBOT_TELCEL_2,1,0,false,false,false,"",130,sms,rob2tel,4
"33401","2026-10-01","11",true,GW_ROBOT_TELCEL_2,1,0,false,false,false,"",131,sms,rob2tel,8
"33401","2026-10-01","11",true,GW_ROBOT_TELCEL_2,1,0,false,false,false,"",132,sms,rob2tel,2
"33401","2026-10-01","11",true,GW_ROBOT_TELCEL_2,1,0,false,false,false,"",133,sms,rob2tel,1
"33401","2026-10-01","11",true,GW_ROBOT_TELCEL_2,1,0,false,false,false,"",134,sms,rob2tel,2
"33401","2026-10-01","11",true,GW_ROBOT_TELCEL_2,1,0,false,false,false,"",135,sms,rob2tel,1
"33401","2026-10-01","11",true,GW_ROBOT_TELCEL_2,1,0,false,false,false,"",136,sms,rob2tel,3
"33401","2026-10-01","11",true,GW_ROBOT_TELCEL_2,1,0,false,false,false,"",137,sms,rob2tel,2
"33401","2026-10-01","11",true,GW_ROBOT_TELCEL_2,1,0,false,false,false,"",138,sms,rob2tel,9
"33401","2026-10-01","11",true,GW_ROBOT_TELCEL_2,1,0,false,false,false,"",139,sms,rob2tel,1
"33401","2026-10-01","11",true,GW_ROBOT_TELCEL_2,1,0,false,false,false,"",140,sms,rob2tel,1
"33401","2026-10-01","11",true,GW_ROBOT_TELCEL_2,1,0,false,false,false,"",141,sms,rob2tel,29
"33401","2026-10-01","11",true,GW_ROBOT_TELCEL_2,1,0,false,false,false,"",142,sms,rob2tel,2
"33401","2026-10-01","11",true,GW_ROBOT_TELCEL_2,1,0,false,false,false,"",143,sms,rob2tel,2
"33401","2026-10-01","11",true,GW_ROBOT_TELCEL_2,1,0,false,false,false,"",145,sms,rob2tel,2
"33401","2026-10-01","11",true,GW_ROBOT_TELCEL_2,1,0,false,false,false,"",146,sms,rob2tel,2
"33401","2026-10-01","11",true,GW_ROBOT_TELCEL_2,1,0,false,false,false,"",147,sms,rob2tel,3
"33401","2026-10-01","11",true,GW_ROBOT_TELCEL_2,1,0,false,false,false,"",149,sms,rob2tel,2
"33401","2026-10-01","11",true,GW_ROBOT_TELCEL_2,1,0,false,false,false,"",150,sms,rob2tel,1
"33401","2026-10-01","11",true,GW_ROBOT_TELCEL_2,1,0,false,false,false,"",151,sms,rob2tel,5
"33401","2026-10-01","11",true,GW_ROBOT_TELCEL_2,1,0,false,false,false,"",153,sms,rob2tel,1
"33401","2026-10-01","11",true,GW_ROBOT_TELCEL_2,1,0,false,false,false,"",154,sms,rob2tel,4
"33401","2026-10-01","11",true,GW_ROBOT_TELCEL_2,1,0,false,false,false,"",155,sms,rob2tel,1
"33401","2026-10-01","11",true,GW_ROBOT_TELCEL_2,1,0,false,false,false,"",156,sms,rob2tel,26
"33401","2026-10-01","11",true,GW_ROBOT_TELCEL_2,1,0,false,false,false,"",158,sms,rob2tel,74
"33401","2026-10-01","11",true,GW_ROBOT_TELCEL_2,1,0,false,false,false,"",159,sms,rob2tel,1
"33401","2026-10-01","11",true,GW_ROBOT_TELCEL_2,2,1,false,false,false,"",134,sms,rob2tel,2
"33401","2026-10-01","11",true,GW_ROBOT_TELCEL_2,2,1,false,false,false,"",151,sms,rob2tel,53
"33401","2026-10-01","11",true,GW_ROBOT_TELCEL_2,2,1,false,false,false,"",153,sms,rob2tel,4
"33401","2026-10-01","11",true,GW_ROBOT_TELCEL_2,2,2,false,false,false,"",10,sms,rob2tel,1
"33401","2026-10-01","11",true,GW_ROBOT_TELCEL_2,2,2,false,false,false,"",13,sms,rob2tel,1
"33401","2026-10-01","11",true,GW_ROBOT_TELCEL_2,2,2,false,false,false,"",15,sms,rob2tel,4
"33401","2026-10-01","11",true,GW_ROBOT_TELCEL_2,2,2,false,false,false,"",16,sms,rob2tel,1
"33401","2026-10-01","11",true,GW_ROBOT_TELCEL_2,2,2,false,false,false,"",21,sms,rob2tel,1
"33401","2026-10-01","11",true,GW_ROBOT_TELCEL_2,2,2,false,false,false,"",32,sms,rob2tel,1
"33401","2026-10-01","11",true,GW_ROBOT_TELCEL_2,2,2,false,false,false,"",38,sms,rob2tel,1
"33401","2026-10-01","11",true,GW_ROBOT_TELCEL_2,2,2,false,false,false,"",46,sms,rob2tel,1
"33401","2026-10-01","11",true,GW_ROBOT_TELCEL_2,2,2,false,false,false,"",65,sms,rob2tel,1
"33401","2026-10-01","11",true,GW_ROBOT_TELCEL_2,2,2,false,false,false,"",69,sms,rob2tel,16
"33401","2026-10-01","11",true,GW_ROBOT_TELCEL_2,2,2,false,false,false,"",70,sms,rob2tel,6
"33401","2026-10-01","11",true,GW_ROBOT_TELCEL_2,2,2,false,false,false,"",71,sms,rob2tel,13
"33401","2026-10-01","11",true,GW_ROBOT_TELCEL_2,2,2,false,false,false,"",72,sms,rob2tel,12
"33401","2026-10-01","11",true,GW_ROBOT_TELCEL_2,2,2,false,false,false,"",77,sms,rob2tel,1
"33401","2026-10-01","11",true,GW_ROBOT_TELCEL_2,2,2,false,false,false,"",92,sms,rob2tel,1
"33401","2026-10-01","11",true,GW_ROBOT_TELCEL_2,3,1,false,false,false,"",151,sms,rob2tel,7
"33401","2026-10-01","11",true,GW_ROBOT_TELCEL_2,3,2,false,false,false,"",153,sms,rob2tel,7
"33401","2026-10-01","11",true,GW_ROBOT_TELCEL_2,3,3,false,false,false,"",25,sms,rob2tel,1
"33401","2026-10-01","11",true,GW_ROBOT_TELCEL_2,3,3,false,false,false,"",83,sms,rob2tel,1
"33401","2026-10-01","11",true,GW_ROBOT_TELCEL_2,3,3,false,false,false,"",86,sms,rob2tel,2
"33401","2026-10-01","11",true,GW_ROBOT_TELCEL_2,3,3,false,false,false,"",87,sms,rob2tel,3
"33401","2026-10-01","11",true,GW_ROBOT_TELCEL_3,1,0,false,false,false,"",13,sms,rob2tel,1
"33401","2026-10-01","11",true,GW_ROBOT_TELCEL_3,1,0,false,false,false,"",15,sms,rob2tel,1
"33401","2026-10-01","11",true,GW_ROBOT_TELCEL_3,1,0,false,false,false,"",23,sms,rob2tel,1
"33401","2026-10-01","11",true,GW_ROBOT_TELCEL_3,1,0,false,false,false,"",30,sms,rob2tel,4
"33401","2026-10-01","11",true,GW_ROBOT_TELCEL_3,1,0,false,false,false,"",33,sms,rob2tel,6
"33401","2026-10-01","11",true,GW_ROBOT_TELCEL_3,1,0,false,false,false,"",38,sms,rob2tel,1
"33401","2026-10-01","11",true,GW_ROBOT_TELCEL_3,1,0,false,false,false,"",41,sms,rob2tel,3
"33401","2026-10-01","11",true,GW_ROBOT_TELCEL_3,1,0,false,false,false,"",44,sms,rob2tel,14
"33401","2026-10-01","11",true,GW_ROBOT_TELCEL_3,1,0,false,false,false,"",45,sms,rob2tel,2
"33401","2026-10-01","11",true,GW_ROBOT_TELCEL_3,1,0,false,false,false,"",48,sms,rob2tel,4
"33401","2026-10-01","11",true,GW_ROBOT_TELCEL_3,1,0,false,false,false,"",56,sms,rob2tel,1
"33401","2026-10-01","11",true,GW_ROBOT_TELCEL_3,1,0,false,false,false,"",59,sms,rob2tel,5
"33401","2026-10-01","11",true,GW_ROBOT_TELCEL_3,1,0,false,false,false,"",62,sms,rob2tel,1
"33401","2026-10-01","11",true,GW_ROBOT_TELCEL_3,1,0,false,false,false,"",70,sms,rob2tel,1
"33401","2026-10-01","11",true,GW_ROBOT_TELCEL_3,1,0,false,false,false,"",71,sms,rob2tel,1
"33401","2026-10-01","11",true,GW_ROBOT_TELCEL_3,1,0,false,false,false,"",74,sms,rob2tel,3
"33401","2026-10-01","11",true,GW_ROBOT_TELCEL_3,1,0,false,false,false,"",76,sms,rob2tel,2
"33401","2026-10-01","11",true,GW_ROBOT_TELCEL_3,1,0,false,false,false,"",77,sms,rob2tel,3
"33401","2026-10-01","11",true,GW_ROBOT_TELCEL_3,1,0,false,false,false,"",81,sms,rob2tel,2
"33401","2026-10-01","11",true,GW_ROBOT_TELCEL_3,1,0,false,false,false,"",87,sms,rob2tel,1
"33401","2026-10-01","11",true,GW_ROBOT_TELCEL_3,1,0,false,false,false,"",90,sms,rob2tel,1
"33401","2026-10-01","11",true,GW_ROBOT_TELCEL_3,1,0,false,false,false,"",93,sms,rob2tel,1
"33401","2026-10-01","11",true,GW_ROBOT_TELCEL_3,1,0,false,false,false,"",94,sms,rob2tel,1
"33401","2026-10-01","11",true,GW_ROBOT_TELCEL_3,1,0,false,false,false,"",95,sms,rob2tel,2
"33401","2026-10-01","11",true,GW_ROBOT_TELCEL_3,1,0,false,false,false,"",96,sms,rob2tel,1
"33401","2026-10-01","11",true,GW_ROBOT_TELCEL_3,1,0,false,false,false,"",97,sms,rob2tel,4
"33401","2026-10-01","11",true,GW_ROBOT_TELCEL_3,1,0,false,false,false,"",98,sms,rob2tel,3
"33401","2026-10-01","11",true,GW_ROBOT_TELCEL_3,1,0,false,false,false,"",99,sms,rob2tel,28
"33401","2026-10-01","11",true,GW_ROBOT_TELCEL_3,1,0,false,false,false,"",100,sms,rob2tel,1
"33401","2026-10-01","11",true,GW_ROBOT_TELCEL_3,1,0,false,false,false,"",101,sms,rob2tel,29
"33401","2026-10-01","11",true,GW_ROBOT_TELCEL_3,1,0,false,false,false,"",102,sms,rob2tel,5
"33401","2026-10-01","11",true,GW_ROBOT_TELCEL_3,1,0,false,false,false,"",103,sms,rob2tel,1
"33401","2026-10-01","11",true,GW_ROBOT_TELCEL_3,1,0,false,false,false,"",104,sms,rob2tel,4
"33401","2026-10-01","11",true,GW_ROBOT_TELCEL_3,1,0,false,false,false,"",108,sms,rob2tel,1
"33401","2026-10-01","11",true,GW_ROBOT_TELCEL_3,1,0,false,false,false,"",110,sms,rob2tel,3
"33401","2026-10-01","11",true,GW_ROBOT_TELCEL_3,1,0,false,false,false,"",111,sms,rob2tel,2
"33401","2026-10-01","11",true,GW_ROBOT_TELCEL_3,1,0,false,false,false,"",113,sms,rob2tel,2
"33401","2026-10-01","11",true,GW_ROBOT_TELCEL_3,1,0,false,false,false,"",115,sms,rob2tel,16
"33401","2026-10-01","11",true,GW_ROBOT_TELCEL_3,1,0,false,false,false,"",116,sms,rob2tel,36
"33401","2026-10-01","11",true,GW_ROBOT_TELCEL_3,1,0,false,false,false,"",117,sms,rob2tel,1
"33401","2026-10-01","11",true,GW_ROBOT_TELCEL_3,1,0,false,false,false,"",118,sms,rob2tel,20
"33401","2026-10-01","11",true,GW_ROBOT_TELCEL_3,1,0,false,false,false,"",119,sms,rob2tel,22
"33401","2026-10-01","11",true,GW_ROBOT_TELCEL_3,1,0,false,false,false,"",120,sms,rob2tel,29
"33401","2026-10-01","11",true,GW_ROBOT_TELCEL_3,1,0,false,false,false,"",121,sms,rob2tel,19
"33401","2026-10-01","11",true,GW_ROBOT_TELCEL_3,1,0,false,false,false,"",123,sms,rob2tel,9
"33401","2026-10-01","11",true,GW_ROBOT_TELCEL_3,1,0,false,false,false,"",124,sms,rob2tel,17
"33401","2026-10-01","11",true,GW_ROBOT_TELCEL_3,1,0,false,false,false,"",125,sms,rob2tel,1
"33401","2026-10-01","11",true,GW_ROBOT_TELCEL_3,1,0,false,false,false,"",126,sms,rob2tel,3
"33401","2026-10-01","11",true,GW_ROBOT_TELCEL_3,1,0,false,false,false,"",128,sms,rob2tel,10
"33401","2026-10-01","11",true,GW_ROBOT_TELCEL_3,1,0,false,false,false,"",129,sms,rob2tel,1
"33401","2026-10-01","11",true,GW_ROBOT_TELCEL_3,1,0,false,false,false,"",130,sms,rob2tel,3
"33401","2026-10-01","11",true,GW_ROBOT_TELCEL_3,1,0,false,false,false,"",131,sms,rob2tel,4
"33401","2026-10-01","11",true,GW_ROBOT_TELCEL_3,1,0,false,false,false,"",132,sms,rob2tel,5
"33401","2026-10-01","11",true,GW_ROBOT_TELCEL_3,1,0,false,false,false,"",133,sms,rob2tel,5
"33401","2026-10-01","11",true,GW_ROBOT_TELCEL_3,1,0,false,false,false,"",134,sms,rob2tel,5
"33401","2026-10-01","11",true,GW_ROBOT_TELCEL_3,1,0,false,false,false,"",135,sms,rob2tel,1
"33401","2026-10-01","11",true,GW_ROBOT_TELCEL_3,1,0,false,false,false,"",136,sms,rob2tel,1
"33401","2026-10-01","11",true,GW_ROBOT_TELCEL_3,1,0,false,false,false,"",137,sms,rob2tel,1
"33401","2026-10-01","11",true,GW_ROBOT_TELCEL_3,1,0,false,false,false,"",138,sms,rob2tel,14
"33401","2026-10-01","11",true,GW_ROBOT_TELCEL_3,1,0,false,false,false,"",139,sms,rob2tel,1
"33401","2026-10-01","11",true,GW_ROBOT_TELCEL_3,1,0,false,false,false,"",141,sms,rob2tel,22
"33401","2026-10-01","11",true,GW_ROBOT_TELCEL_3,1,0,false,false,false,"",142,sms,rob2tel,1
"33401","2026-10-01","11",true,GW_ROBOT_TELCEL_3,1,0,false,false,false,"",143,sms,rob2tel,2
"33401","2026-10-01","11",true,GW_ROBOT_TELCEL_3,1,0,false,false,false,"",147,sms,rob2tel,2
"33401","2026-10-01","11",true,GW_ROBOT_TELCEL_3,1,0,false,false,false,"",148,sms,rob2tel,1
"33401","2026-10-01","11",true,GW_ROBOT_TELCEL_3,1,0,false,false,false,"",152,sms,rob2tel,3
"33401","2026-10-01","11",true,GW_ROBOT_TELCEL_3,1,0,false,false,false,"",153,sms,rob2tel,1
"33401","2026-10-01","11",true,GW_ROBOT_TELCEL_3,1,0,false,false,false,"",154,sms,rob2tel,1
"33401","2026-10-01","11",true,GW_ROBOT_TELCEL_3,1,0,false,false,false,"",156,sms,rob2tel,10
"33401","2026-10-01","11",true,GW_ROBOT_TELCEL_3,1,0,false,false,false,"",158,sms,rob2tel,61
"33401","2026-10-01","11",true,GW_ROBOT_TELCEL_3,1,0,false,false,false,"",159,sms,rob2tel,3
"33401","2026-10-01","11",true,GW_ROBOT_TELCEL_3,2,1,false,false,false,"",134,sms,rob2tel,1
"33401","2026-10-01","11",true,GW_ROBOT_TELCEL_3,2,1,false,false,false,"",151,sms,rob2tel,47
"33401","2026-10-01","11",true,GW_ROBOT_TELCEL_3,2,1,false,false,false,"",153,sms,rob2tel,5
"33401","2026-10-01","11",true,GW_ROBOT_TELCEL_3,2,2,false,false,false,"",15,sms,rob2tel,4
"33401","2026-10-01","11",true,GW_ROBOT_TELCEL_3,2,2,false,false,false,"",21,sms,rob2tel,1
"33401","2026-10-01","11",true,GW_ROBOT_TELCEL_3,2,2,false,false,false,"",22,sms,rob2tel,1
"33401","2026-10-01","11",true,GW_ROBOT_TELCEL_3,2,2,false,false,false,"",33,sms,rob2tel,1
"33401","2026-10-01","11",true,GW_ROBOT_TELCEL_3,2,2,false,false,false,"",69,sms,rob2tel,14
"33401","2026-10-01","11",true,GW_ROBOT_TELCEL_3,2,2,false,false,false,"",70,sms,rob2tel,9
"33401","2026-10-01","11",true,GW_ROBOT_TELCEL_3,2,2,false,false,false,"",71,sms,rob2tel,5
"33401","2026-10-01","11",true,GW_ROBOT_TELCEL_3,2,2,false,false,false,"",72,sms,rob2tel,12
"33401","2026-10-01","11",true,GW_ROBOT_TELCEL_3,2,2,false,false,false,"",79,sms,rob2tel,1
"33401","2026-10-01","11",true,GW_ROBOT_TELCEL_3,2,2,false,false,false,"",89,sms,rob2tel,1
"33401","2026-10-01","11",true,GW_ROBOT_TELCEL_3,2,2,false,false,false,"",91,sms,rob2tel,1
"33401","2026-10-01","11",true,GW_ROBOT_TELCEL_3,2,2,false,false,false,"",92,sms,rob2tel,1
"33401","2026-10-01","11",true,GW_ROBOT_TELCEL_3,3,1,false,false,false,"",134,sms,rob2tel,1
"33401","2026-10-01","11",true,GW_ROBOT_TELCEL_3,3,1,false,false,false,"",151,sms,rob2tel,7
"33401","2026-10-01","11",true,GW_ROBOT_TELCEL_3,3,2,false,false,false,"",134,sms,rob2tel,1
"33401","2026-10-01","11",true,GW_ROBOT_TELCEL_3,3,2,false,false,false,"",153,sms,rob2tel,7
"33401","2026-10-01","11",true,GW_ROBOT_TELCEL_3,3,3,false,false,false,"",81,sms,rob2tel,1
"33401","2026-10-01","11",true,GW_ROBOT_TELCEL_3,3,3,false,false,false,"",84,sms,rob2tel,1
"33401","2026-10-01","11",true,GW_ROBOT_TELCEL_3,3,3,false,false,false,"",87,sms,rob2tel,2
"33401","2026-10-01","11",true,GW_ROBOT_TELCEL_3,3,3,false,false,false,"",88,sms,rob2tel,2
"33401","2026-10-01","11",true,GW_ROBOT_TELCEL_3,3,3,false,false,false,"",126,sms,rob2tel,2
"33401","2026-10-01","12",true,GW_ROBOT_TELCEL_2,1,0,false,false,false,"",14,sms,rob2tel,1
"33401","2026-10-01","12",true,GW_ROBOT_TELCEL_2,1,0,false,false,false,"",15,sms,rob2tel,1
"33401","2026-10-01","12",true,GW_ROBOT_TELCEL_2,1,0,false,false,false,"",20,sms,rob2tel,1
"33401","2026-10-01","12",true,GW_ROBOT_TELCEL_2,1,0,false,false,false,"",24,sms,rob2tel,1
"33401","2026-10-01","12",true,GW_ROBOT_TELCEL_2,1,0,false,false,false,"",30,sms,rob2tel,3
"33401","2026-10-01","12",true,GW_ROBOT_TELCEL_2,1,0,false,false,false,"",33,sms,rob2tel,4
"33401","2026-10-01","12",true,GW_ROBOT_TELCEL_2,1,0,false,false,false,"",38,sms,rob2tel,2
"33401","2026-10-01","12",true,GW_ROBOT_TELCEL_2,1,0,false,false,false,"",39,sms,rob2tel,1
"33401","2026-10-01","12",true,GW_ROBOT_TELCEL_2,1,0,false,false,false,"",40,sms,rob2tel,2
"33401","2026-10-01","12",true,GW_ROBOT_TELCEL_2,1,0,false,false,false,"",41,sms,rob2tel,3
"33401","2026-10-01","12",true,GW_ROBOT_TELCEL_2,1,0,false,false,false,"",43,sms,rob2tel,1
"33401","2026-10-01","12",true,GW_ROBOT_TELCEL_2,1,0,false,false,false,"",44,sms,rob2tel,14
"33401","2026-10-01","12",true,GW_ROBOT_TELCEL_2,1,0,false,false,false,"",46,sms,rob2tel,2
"33401","2026-10-01","12",true,GW_ROBOT_TELCEL_2,1,0,false,false,false,"",48,sms,rob2tel,1
"33401","2026-10-01","12",true,GW_ROBOT_TELCEL_2,1,0,false,false,false,"",49,sms,rob2tel,1
"33401","2026-10-01","12",true,GW_ROBOT_TELCEL_2,1,0,false,false,false,"",50,sms,rob2tel,1
"33401","2026-10-01","12",true,GW_ROBOT_TELCEL_2,1,0,false,false,false,"",51,sms,rob2tel,2
"33401","2026-10-01","12",true,GW_ROBOT_TELCEL_2,1,0,false,false,false,"",52,sms,rob2tel,2
"33401","2026-10-01","12",true,GW_ROBOT_TELCEL_2,1,0,false,false,false,"",55,sms,rob2tel,1
"33401","2026-10-01","12",true,GW_ROBOT_TELCEL_2,1,0,false,false,false,"",57,sms,rob2tel,2
"33401","2026-10-01","12",true,GW_ROBOT_TELCEL_2,1,0,false,false,false,"",59,sms,rob2tel,1
"33401","2026-10-01","12",true,GW_ROBOT_TELCEL_2,1,0,false,false,false,"",66,sms,rob2tel,1
"33401","2026-10-01","12",true,GW_ROBOT_TELCEL_2,1,0,false,false,false,"",68,sms,rob2tel,6
"33401","2026-10-01","12",true,GW_ROBOT_TELCEL_2,1,0,false,false,false,"",69,sms,rob2tel,2
"33401","2026-10-01","12",true,GW_ROBOT_TELCEL_2,1,0,false,false,false,"",71,sms,rob2tel,2
"33401","2026-10-01","12",true,GW_ROBOT_TELCEL_2,1,0,false,false,false,"",73,sms,rob2tel,3
"33401","2026-10-01","12",true,GW_ROBOT_TELCEL_2,1,0,false,false,false,"",74,sms,rob2tel,6
"33401","2026-10-01","12",true,GW_ROBOT_TELCEL_2,1,0,false,false,false,"",76,sms,rob2tel,4
"33401","2026-10-01","12",true,GW_ROBOT_TELCEL_2,1,0,false,false,false,"",77,sms,rob2tel,1
"33401","2026-10-01","12",true,GW_ROBOT_TELCEL_2,1,0,false,false,false,"",79,sms,rob2tel,1
"33401","2026-10-01","12",true,GW_ROBOT_TELCEL_2,1,0,false,false,false,"",82,sms,rob2tel,1
"33401","2026-10-01","12",true,GW_ROBOT_TELCEL_2,1,0,false,false,false,"",87,sms,rob2tel,1
"33401","2026-10-01","12",true,GW_ROBOT_TELCEL_2,1,0,false,false,false,"",90,sms,rob2tel,1
"33401","2026-10-01","12",true,GW_ROBOT_TELCEL_2,1,0,false,false,false,"",92,sms,rob2tel,1
"33401","2026-10-01","12",true,GW_ROBOT_TELCEL_2,1,0,false,false,false,"",95,sms,rob2tel,2
"33401","2026-10-01","12",true,GW_ROBOT_TELCEL_2,1,0,false,false,false,"",97,sms,rob2tel,2
"33401","2026-10-01","12",true,GW_ROBOT_TELCEL_2,1,0,false,false,false,"",98,sms,rob2tel,13
"33401","2026-10-01","12",true,GW_ROBOT_TELCEL_2,1,0,false,false,false,"",99,sms,rob2tel,56
"33401","2026-10-01","12",true,GW_ROBOT_TELCEL_2,1,0,false,false,false,"",100,sms,rob2tel,1
"33401","2026-10-01","12",true,GW_ROBOT_TELCEL_2,1,0,false,false,false,"",101,sms,rob2tel,50
"33401","2026-10-01","12",true,GW_ROBOT_TELCEL_2,1,0,false,false,false,"",102,sms,rob2tel,4
"33401","2026-10-01","12",true,GW_ROBOT_TELCEL_2,1,0,false,false,false,"",103,sms,rob2tel,2
"33401","2026-10-01","12",true,GW_ROBOT_TELCEL_2,1,0,false,false,false,"",104,sms,rob2tel,2
"33401","2026-10-01","12",true,GW_ROBOT_TELCEL_2,1,0,false,false,false,"",105,sms,rob2tel,1
"33401","2026-10-01","12",true,GW_ROBOT_TELCEL_2,1,0,false,false,false,"",106,sms,rob2tel,6
"33401","2026-10-01","12",true,GW_ROBOT_TELCEL_2,1,0,false,false,false,"",109,sms,rob2tel,1
"33401","2026-10-01","12",true,GW_ROBOT_TELCEL_2,1,0,false,false,false,"",110,sms,rob2tel,3
"33401","2026-10-01","12",true,GW_ROBOT_TELCEL_2,1,0,false,false,false,"",111,sms,rob2tel,1
"33401","2026-10-01","12",true,GW_ROBOT_TELCEL_2,1,0,false,false,false,"",112,sms,rob2tel,7
"33401","2026-10-01","12",true,GW_ROBOT_TELCEL_2,1,0,false,false,false,"",113,sms,rob2tel,1
"33401","2026-10-01","12",true,GW_ROBOT_TELCEL_2,1,0,false,false,false,"",114,sms,rob2tel,2
"33401","2026-10-01","12",true,GW_ROBOT_TELCEL_2,1,0,false,false,false,"",115,sms,rob2tel,22
"33401","2026-10-01","12",true,GW_ROBOT_TELCEL_2,1,0,false,false,false,"",116,sms,rob2tel,25
"33401","2026-10-01","12",true,GW_ROBOT_TELCEL_2,1,0,false,false,false,"",118,sms,rob2tel,65
"33401","2026-10-01","12",true,GW_ROBOT_TELCEL_2,1,0,false,false,false,"",119,sms,rob2tel,2
"33401","2026-10-01","12",true,GW_ROBOT_TELCEL_2,1,0,false,false,false,"",120,sms,rob2tel,1
"33401","2026-10-01","12",true,GW_ROBOT_TELCEL_2,1,0,false,false,false,"",121,sms,rob2tel,26
"33401","2026-10-01","12",true,GW_ROBOT_TELCEL_2,1,0,false,false,false,"",122,sms,rob2tel,3
"33401","2026-10-01","12",true,GW_ROBOT_TELCEL_2,1,0,false,false,false,"",124,sms,rob2tel,4
"33401","2026-10-01","12",true,GW_ROBOT_TELCEL_2,1,0,false,false,false,"",125,sms,rob2tel,7
"33401","2026-10-01","12",true,GW_ROBOT_TELCEL_2,1,0,false,false,false,"",126,sms,rob2tel,4
"33401","2026-10-01","12",true,GW_ROBOT_TELCEL_2,1,0,false,false,false,"",127,sms,rob2tel,2
"33401","2026-10-01","12",true,GW_ROBOT_TELCEL_2,1,0,false,false,false,"",128,sms,rob2tel,9
"33401","2026-10-01","12",true,GW_ROBOT_TELCEL_2,1,0,false,false,false,"",129,sms,rob2tel,2
"33401","2026-10-01","12",true,GW_ROBOT_TELCEL_2,1,0,false,false,false,"",130,sms,rob2tel,8
"33401","2026-10-01","12",true,GW_ROBOT_TELCEL_2,1,0,false,false,false,"",131,sms,rob2tel,8
"33401","2026-10-01","12",true,GW_ROBOT_TELCEL_2,1,0,false,false,false,"",132,sms,rob2tel,4
"33401","2026-10-01","12",true,GW_ROBOT_TELCEL_2,1,0,false,false,false,"",133,sms,rob2tel,9
"33401","2026-10-01","12",true,GW_ROBOT_TELCEL_2,1,0,false,false,false,"",134,sms,rob2tel,3
"33401","2026-10-01","12",true,GW_ROBOT_TELCEL_2,1,0,false,false,false,"",136,sms,rob2tel,4
"33401","2026-10-01","12",true,GW_ROBOT_TELCEL_2,1,0,false,false,false,"",138,sms,rob2tel,3
"33401","2026-10-01","12",true,GW_ROBOT_TELCEL_2,1,0,false,false,false,"",140,sms,rob2tel,1
"33401","2026-10-01","12",true,GW_ROBOT_TELCEL_2,1,0,false,false,false,"",141,sms,rob2tel,68
"33401","2026-10-01","12",true,GW_ROBOT_TELCEL_2,1,0,false,false,false,"",142,sms,rob2tel,2
"33401","2026-10-01","12",true,GW_ROBOT_TELCEL_2,1,0,false,false,false,"",144,sms,rob2tel,5
"33401","2026-10-01","12",true,GW_ROBOT_TELCEL_2,1,0,false,false,false,"",145,sms,rob2tel,3
"33401","2026-10-01","12",true,GW_ROBOT_TELCEL_2,1,0,false,false,false,"",146,sms,rob2tel,15
"33401","2026-10-01","12",true,GW_ROBOT_TELCEL_2,1,0,false,false,false,"",147,sms,rob2tel,2
"33401","2026-10-01","12",true,GW_ROBOT_TELCEL_2,1,0,false,false,false,"",148,sms,rob2tel,1
"33401","2026-10-01","12",true,GW_ROBOT_TELCEL_2,1,0,false,false,false,"",149,sms,rob2tel,1
"33401","2026-10-01","12",true,GW_ROBOT_TELCEL_2,1,0,false,false,false,"",150,sms,rob2tel,1
"33401","2026-10-01","12",true,GW_ROBOT_TELCEL_2,1,0,false,false,false,"",151,sms,rob2tel,5
"33401","2026-10-01","12",true,GW_ROBOT_TELCEL_2,1,0,false,false,false,"",152,sms,rob2tel,1
"33401","2026-10-01","12",true,GW_ROBOT_TELCEL_2,1,0,false,false,false,"",153,sms,rob2tel,4
"33401","2026-10-01","12",true,GW_ROBOT_TELCEL_2,1,0,false,false,false,"",154,sms,rob2tel,4
"33401","2026-10-01","12",true,GW_ROBOT_TELCEL_2,1,0,false,false,false,"",155,sms,rob2tel,2
"33401","2026-10-01","12",true,GW_ROBOT_TELCEL_2,1,0,false,false,false,"",156,sms,rob2tel,1
"33401","2026-10-01","12",true,GW_ROBOT_TELCEL_2,1,0,false,false,false,"",158,sms,rob2tel,49
"33401","2026-10-01","12",true,GW_ROBOT_TELCEL_2,2,1,false,false,false,"",134,sms,rob2tel,3
"33401","2026-10-01","12",true,GW_ROBOT_TELCEL_2,2,1,false,false,false,"",151,sms,rob2tel,94
"33401","2026-10-01","12",true,GW_ROBOT_TELCEL_2,2,1,false,false,false,"",153,sms,rob2tel,10
"33401","2026-10-01","12",true,GW_ROBOT_TELCEL_2,2,2,false,false,false,"",10,sms,rob2tel,3
"33401","2026-10-01","12",true,GW_ROBOT_TELCEL_2,2,2,false,false,false,"",15,sms,rob2tel,7
"33401","2026-10-01","12",true,GW_ROBOT_TELCEL_2,2,2,false,false,false,"",21,sms,rob2tel,1
"33401","2026-10-01","12",true,GW_ROBOT_TELCEL_2,2,2,false,false,false,"",28,sms,rob2tel,2
"33401","2026-10-01","12",true,GW_ROBOT_TELCEL_2,2,2,false,false,false,"",32,sms,rob2tel,1
"33401","2026-10-01","12",true,GW_ROBOT_TELCEL_2,2,2,false,false,false,"",34,sms,rob2tel,3
"33401","2026-10-01","12",true,GW_ROBOT_TELCEL_2,2,2,false,false,false,"",35,sms,rob2tel,1
"33401","2026-10-01","12",true,GW_ROBOT_TELCEL_2,2,2,false,false,false,"",45,sms,rob2tel,1
"33401","2026-10-01","12",true,GW_ROBOT_TELCEL_2,2,2,false,false,false,"",49,sms,rob2tel,2
"33401","2026-10-01","12",true,GW_ROBOT_TELCEL_2,2,2,false,false,false,"",69,sms,rob2tel,31
"33401","2026-10-01","12",true,GW_ROBOT_TELCEL_2,2,2,false,false,false,"",70,sms,rob2tel,11
"33401","2026-10-01","12",true,GW_ROBOT_TELCEL_2,2,2,false,false,false,"",71,sms,rob2tel,21
"33401","2026-10-01","12",true,GW_ROBOT_TELCEL_2,2,2,false,false,false,"",72,sms,rob2tel,17
"33401","2026-10-01","12",true,GW_ROBOT_TELCEL_2,2,2,false,false,false,"",73,sms,rob2tel,1
"33401","2026-10-01","12",true,GW_ROBOT_TELCEL_2,2,2,false,false,false,"",88,sms,rob2tel,1
"33401","2026-10-01","12",true,GW_ROBOT_TELCEL_2,2,2,false,false,false,"",95,sms,rob2tel,1
"33401","2026-10-01","12",true,GW_ROBOT_TELCEL_2,3,1,false,false,false,"",151,sms,rob2tel,8
"33401","2026-10-01","12",true,GW_ROBOT_TELCEL_2,3,2,false,false,false,"",153,sms,rob2tel,9
"33401","2026-10-01","12",true,GW_ROBOT_TELCEL_2,3,3,false,false,false,"",7,sms,rob2tel,1
"33401","2026-10-01","12",true,GW_ROBOT_TELCEL_2,3,3,false,false,false,"",25,sms,rob2tel,1
"33401","2026-10-01","12",true,GW_ROBOT_TELCEL_2,3,3,false,false,false,"",77,sms,rob2tel,1
"33401","2026-10-01","12",true,GW_ROBOT_TELCEL_2,3,3,false,false,false,"",80,sms,rob2tel,1
"33401","2026-10-01","12",true,GW_ROBOT_TELCEL_2,3,3,false,false,false,"",83,sms,rob2tel,1
"33401","2026-10-01","12",true,GW_ROBOT_TELCEL_2,3,3,false,false,false,"",84,sms,rob2tel,2
"33401","2026-10-01","12",true,GW_ROBOT_TELCEL_2,3,3,false,false,false,"",85,sms,rob2tel,1
"33401","2026-10-01","12",true,GW_ROBOT_TELCEL_2,3,3,false,false,false,"",87,sms,rob2tel,5
"33401","2026-10-01","12",true,GW_ROBOT_TELCEL_2,3,3,false,false,false,"",126,sms,rob2tel,3
"33401","2026-10-01","12",true,GW_ROBOT_TELCEL_3,1,0,false,false,false,"",10,sms,rob2tel,4
"33401","2026-10-01","12",true,GW_ROBOT_TELCEL_3,1,0,false,false,false,"",12,sms,rob2tel,4
"33401","2026-10-01","12",true,GW_ROBOT_TELCEL_3,1,0,false,false,false,"",14,sms,rob2tel,2
"33401","2026-10-01","12",true,GW_ROBOT_TELCEL_3,1,0,false,false,false,"",15,sms,rob2tel,1
"33401","2026-10-01","12",true,GW_ROBOT_TELCEL_3,1,0,false,false,false,"",24,sms,rob2tel,5
"33401","2026-10-01","12",true,GW_ROBOT_TELCEL_3,1,0,false,false,false,"",30,sms,rob2tel,6
"33401","2026-10-01","12",true,GW_ROBOT_TELCEL_3,1,0,false,false,false,"",33,sms,rob2tel,3
"33401","2026-10-01","12",true,GW_ROBOT_TELCEL_3,1,0,false,false,false,"",36,sms,rob2tel,2
"33401","2026-10-01","12",true,GW_ROBOT_TELCEL_3,1,0,false,false,false,"",38,sms,rob2tel,2
"33401","2026-10-01","12",true,GW_ROBOT_TELCEL_3,1,0,false,false,false,"",39,sms,rob2tel,1
"33401","2026-10-01","12",true,GW_ROBOT_TELCEL_3,1,0,false,false,false,"",40,sms,rob2tel,1
"33401","2026-10-01","12",true,GW_ROBOT_TELCEL_3,1,0,false,false,false,"",41,sms,rob2tel,4
"33401","2026-10-01","12",true,GW_ROBOT_TELCEL_3,1,0,false,false,false,"",42,sms,rob2tel,1
"33401","2026-10-01","12",true,GW_ROBOT_TELCEL_3,1,0,false,false,false,"",44,sms,rob2tel,23
"33401","2026-10-01","12",true,GW_ROBOT_TELCEL_3,1,0,false,false,false,"",45,sms,rob2tel,3
"33401","2026-10-01","12",true,GW_ROBOT_TELCEL_3,1,0,false,false,false,"",48,sms,rob2tel,7
"33401","2026-10-01","12",true,GW_ROBOT_TELCEL_3,1,0,false,false,false,"",51,sms,rob2tel,1
"33401","2026-10-01","12",true,GW_ROBOT_TELCEL_3,1,0,false,false,false,"",52,sms,rob2tel,3
"33401","2026-10-01","12",true,GW_ROBOT_TELCEL_3,1,0,false,false,false,"",55,sms,rob2tel,1
"33401","2026-10-01","12",true,GW_ROBOT_TELCEL_3,1,0,false,false,false,"",56,sms,rob2tel,3
"33401","2026-10-01","12",true,GW_ROBOT_TELCEL_3,1,0,false,false,false,"",57,sms,rob2tel,2
"33401","2026-10-01","12",true,GW_ROBOT_TELCEL_3,1,0,false,false,false,"",58,sms,rob2tel,1
"33401","2026-10-01","12",true,GW_ROBOT_TELCEL_3,1,0,false,false,false,"",59,sms,rob2tel,5
"33401","2026-10-01","12",true,GW_ROBOT_TELCEL_3,1,0,false,false,false,"",62,sms,rob2tel,1
"33401","2026-10-01","12",true,GW_ROBOT_TELCEL_3,1,0,false,false,false,"",63,sms,rob2tel,1
"33401","2026-10-01","12",true,GW_ROBOT_TELCEL_3,1,0,false,false,false,"",65,sms,rob2tel,1
"33401","2026-10-01","12",true,GW_ROBOT_TELCEL_3,1,0,false,false,false,"",66,sms,rob2tel,1
"33401","2026-10-01","12",true,GW_ROBOT_TELCEL_3,1,0,false,false,false,"",67,sms,rob2tel,1
"33401","2026-10-01","12",true,GW_ROBOT_TELCEL_3,1,0,false,false,false,"",68,sms,rob2tel,4
"33401","2026-10-01","12",true,GW_ROBOT_TELCEL_3,1,0,false,false,false,"",69,sms,rob2tel,3
"33401","2026-10-01","12",true,GW_ROBOT_TELCEL_3,1,0,false,false,false,"",71,sms,rob2tel,1
"33401","2026-10-01","12",true,GW_ROBOT_TELCEL_3,1,0,false,false,false,"",72,sms,rob2tel,1
"33401","2026-10-01","12",true,GW_ROBOT_TELCEL_3,1,0,false,false,false,"",73,sms,rob2tel,1
"33401","2026-10-01","12",true,GW_ROBOT_TELCEL_3,1,0,false,false,false,"",74,sms,rob2tel,3
"33401","2026-10-01","12",true,GW_ROBOT_TELCEL_3,1,0,false,false,false,"",76,sms,rob2tel,4
"33401","2026-10-01","12",true,GW_ROBOT_TELCEL_3,1,0,false,false,false,"",77,sms,rob2tel,2
"33401","2026-10-01","12",true,GW_ROBOT_TELCEL_3,1,0,false,false,false,"",81,sms,rob2tel,2
"33401","2026-10-01","12",true,GW_ROBOT_TELCEL_3,1,0,false,false,false,"",86,sms,rob2tel,1
"33401","2026-10-01","12",true,GW_ROBOT_TELCEL_3,1,0,false,false,false,"",90,sms,rob2tel,1
"33401","2026-10-01","12",true,GW_ROBOT_TELCEL_3,1,0,false,false,false,"",94,sms,rob2tel,1
"33401","2026-10-01","12",true,GW_ROBOT_TELCEL_3,1,0,false,false,false,"",95,sms,rob2tel,2
"33401","2026-10-01","12",true,GW_ROBOT_TELCEL_3,1,0,false,false,false,"",96,sms,rob2tel,4
"33401","2026-10-01","12",true,GW_ROBOT_TELCEL_3,1,0,false,false,false,"",97,sms,rob2tel,5
"33401","2026-10-01","12",true,GW_ROBOT_TELCEL_3,1,0,false,false,false,"",98,sms,rob2tel,8
"33401","2026-10-01","12",true,GW_ROBOT_TELCEL_3,1,0,false,false,false,"",99,sms,rob2tel,53
"33401","2026-10-01","12",true,GW_ROBOT_TELCEL_3,1,0,false,false,false,"",100,sms,rob2tel,1
"33401","2026-10-01","12",true,GW_ROBOT_TELCEL_3,1,0,false,false,false,"",101,sms,rob2tel,36
"33401","2026-10-01","12",true,GW_ROBOT_TELCEL_3,1,0,false,false,false,"",102,sms,rob2tel,2
"33401","2026-10-01","12",true,GW_ROBOT_TELCEL_3,1,0,false,false,false,"",104,sms,rob2tel,4
"33401","2026-10-01","12",true,GW_ROBOT_TELCEL_3,1,0,false,false,false,"",106,sms,rob2tel,4
"33401","2026-10-01","12",true,GW_ROBOT_TELCEL_3,1,0,false,false,false,"",107,sms,rob2tel,2
"33401","2026-10-01","12",true,GW_ROBOT_TELCEL_3,1,0,false,false,false,"",108,sms,rob2tel,2
"33401","2026-10-01","12",true,GW_ROBOT_TELCEL_3,1,0,false,false,false,"",109,sms,rob2tel,2
"33401","2026-10-01","12",true,GW_ROBOT_TELCEL_3,1,0,false,false,false,"",110,sms,rob2tel,1
"33401","2026-10-01","12",true,GW_ROBOT_TELCEL_3,1,0,false,false,false,"",112,sms,rob2tel,2
"33401","2026-10-01","12",true,GW_ROBOT_TELCEL_3,1,0,false,false,false,"",113,sms,rob2tel,1
"33401","2026-10-01","12",true,GW_ROBOT_TELCEL_3,1,0,false,false,false,"",115,sms,rob2tel,19
"33401","2026-10-01","12",true,GW_ROBOT_TELCEL_3,1,0,false,false,false,"",116,sms,rob2tel,20
"33401","2026-10-01","12",true,GW_ROBOT_TELCEL_3,1,0,false,false,false,"",118,sms,rob2tel,63
"33401","2026-10-01","12",true,GW_ROBOT_TELCEL_3,1,0,false,false,false,"",119,sms,rob2tel,6
"33401","2026-10-01","12",true,GW_ROBOT_TELCEL_3,1,0,false,false,false,"",121,sms,rob2tel,17
"33401","2026-10-01","12",true,GW_ROBOT_TELCEL_3,1,0,false,false,false,"",122,sms,rob2tel,5
"33401","2026-10-01","12",true,GW_ROBOT_TELCEL_3,1,0,false,false,false,"",123,sms,rob2tel,3
"33401","2026-10-01","12",true,GW_ROBOT_TELCEL_3,1,0,false,false,false,"",125,sms,rob2tel,6
"33401","2026-10-01","12",true,GW_ROBOT_TELCEL_3,1,0,false,false,false,"",126,sms,rob2tel,2
"33401","2026-10-01","12",true,GW_ROBOT_TELCEL_3,1,0,false,false,false,"",127,sms,rob2tel,1
"33401","2026-10-01","12",true,GW_ROBOT_TELCEL_3,1,0,false,false,false,"",128,sms,rob2tel,4
"33401","2026-10-01","12",true,GW_ROBOT_TELCEL_3,1,0,false,false,false,"",130,sms,rob2tel,5
"33401","2026-10-01","12",true,GW_ROBOT_TELCEL_3,1,0,false,false,false,"",131,sms,rob2tel,10
"33401","2026-10-01","12",true,GW_ROBOT_TELCEL_3,1,0,false,false,false,"",132,sms,rob2tel,3
"33401","2026-10-01","12",true,GW_ROBOT_TELCEL_3,1,0,false,false,false,"",133,sms,rob2tel,13
"33401","2026-10-01","12",true,GW_ROBOT_TELCEL_3,1,0,false,false,false,"",134,sms,rob2tel,1
"33401","2026-10-01","12",true,GW_ROBOT_TELCEL_3,1,0,false,false,false,"",135,sms,rob2tel,2
"33401","2026-10-01","12",true,GW_ROBOT_TELCEL_3,1,0,false,false,false,"",136,sms,rob2tel,2
"33401","2026-10-01","12",true,GW_ROBOT_TELCEL_3,1,0,false,false,false,"",137,sms,rob2tel,1
"33401","2026-10-01","12",true,GW_ROBOT_TELCEL_3,1,0,false,false,false,"",139,sms,rob2tel,2
"33401","2026-10-01","12",true,GW_ROBOT_TELCEL_3,1,0,false,false,false,"",140,sms,rob2tel,1
"33401","2026-10-01","12",true,GW_ROBOT_TELCEL_3,1,0,false,false,false,"",141,sms,rob2tel,57
"33401","2026-10-01","12",true,GW_ROBOT_TELCEL_3,1,0,false,false,false,"",142,sms,rob2tel,1
"33401","2026-10-01","12",true,GW_ROBOT_TELCEL_3,1,0,false,false,false,"",143,sms,rob2tel,1
"33401","2026-10-01","12",true,GW_ROBOT_TELCEL_3,1,0,false,false,false,"",144,sms,rob2tel,3
"33401","2026-10-01","12",true,GW_ROBOT_TELCEL_3,1,0,false,false,false,"",145,sms,rob2tel,3
"33401","2026-10-01","12",true,GW_ROBOT_TELCEL_3,1,0,false,false,false,"",146,sms,rob2tel,15
"33401","2026-10-01","12",true,GW_ROBOT_TELCEL_3,1,0,false,false,false,"",147,sms,rob2tel,1
"33401","2026-10-01","12",true,GW_ROBOT_TELCEL_3,1,0,false,false,false,"",148,sms,rob2tel,3
"33401","2026-10-01","12",true,GW_ROBOT_TELCEL_3,1,0,false,false,false,"",150,sms,rob2tel,1
"33401","2026-10-01","12",true,GW_ROBOT_TELCEL_3,1,0,false,false,false,"",151,sms,rob2tel,3
"33401","2026-10-01","12",true,GW_ROBOT_TELCEL_3,1,0,false,false,false,"",152,sms,rob2tel,1
"33401","2026-10-01","12",true,GW_ROBOT_TELCEL_3,1,0,false,false,false,"",153,sms,rob2tel,2
"33401","2026-10-01","12",true,GW_ROBOT_TELCEL_3,1,0,false,false,false,"",154,sms,rob2tel,7
"33401","2026-10-01","12",true,GW_ROBOT_TELCEL_3,1,0,false,false,false,"",156,sms,rob2tel,2
"33401","2026-10-01","12",true,GW_ROBOT_TELCEL_3,1,0,false,false,false,"",158,sms,rob2tel,61
"33401","2026-10-01","12",true,GW_ROBOT_TELCEL_3,1,0,false,false,false,"",159,sms,rob2tel,1
"33401","2026-10-01","12",true,GW_ROBOT_TELCEL_3,2,1,false,false,false,"",134,sms,rob2tel,2
"33401","2026-10-01","12",true,GW_ROBOT_TELCEL_3,2,1,false,false,false,"",151,sms,rob2tel,90
"33401","2026-10-01","12",true,GW_ROBOT_TELCEL_3,2,1,false,false,false,"",153,sms,rob2tel,8
"33401","2026-10-01","12",true,GW_ROBOT_TELCEL_3,2,2,false,false,false,"",10,sms,rob2tel,1
"33401","2026-10-01","12",true,GW_ROBOT_TELCEL_3,2,2,false,false,false,"",11,sms,rob2tel,1
"33401","2026-10-01","12",true,GW_ROBOT_TELCEL_3,2,2,false,false,false,"",12,sms,rob2tel,1
"33401","2026-10-01","12",true,GW_ROBOT_TELCEL_3,2,2,false,false,false,"",13,sms,rob2tel,1
"33401","2026-10-01","12",true,GW_ROBOT_TELCEL_3,2,2,false,false,false,"",15,sms,rob2tel,4
"33401","2026-10-01","12",true,GW_ROBOT_TELCEL_3,2,2,false,false,false,"",18,sms,rob2tel,1
"33401","2026-10-01","12",true,GW_ROBOT_TELCEL_3,2,2,false,false,false,"",21,sms,rob2tel,1
"33401","2026-10-01","12",true,GW_ROBOT_TELCEL_3,2,2,false,false,false,"",32,sms,rob2tel,1
"33401","2026-10-01","12",true,GW_ROBOT_TELCEL_3,2,2,false,false,false,"",33,sms,rob2tel,1
"33401","2026-10-01","12",true,GW_ROBOT_TELCEL_3,2,2,false,false,false,"",40,sms,rob2tel,3
"33401","2026-10-01","12",true,GW_ROBOT_TELCEL_3,2,2,false,false,false,"",43,sms,rob2tel,1
"33401","2026-10-01","12",true,GW_ROBOT_TELCEL_3,2,2,false,false,false,"",45,sms,rob2tel,2
"33401","2026-10-01","12",true,GW_ROBOT_TELCEL_3,2,2,false,false,false,"",49,sms,rob2tel,1
"33401","2026-10-01","12",true,GW_ROBOT_TELCEL_3,2,2,false,false,false,"",69,sms,rob2tel,25
"33401","2026-10-01","12",true,GW_ROBOT_TELCEL_3,2,2,false,false,false,"",70,sms,rob2tel,17
"33401","2026-10-01","12",true,GW_ROBOT_TELCEL_3,2,2,false,false,false,"",71,sms,rob2tel,22
"33401","2026-10-01","12",true,GW_ROBOT_TELCEL_3,2,2,false,false,false,"",72,sms,rob2tel,17
"33401","2026-10-01","12",true,GW_ROBOT_TELCEL_3,2,2,false,false,false,"",73,sms,rob2tel,1
"33401","2026-10-01","12",true,GW_ROBOT_TELCEL_3,2,2,false,false,false,"",79,sms,rob2tel,1
"33401","2026-10-01","12",true,GW_ROBOT_TELCEL_3,2,2,false,false,false,"",92,sms,rob2tel,1
"33401","2026-10-01","12",true,GW_ROBOT_TELCEL_3,3,1,false,false,false,"",151,sms,rob2tel,14
"33401","2026-10-01","12",true,GW_ROBOT_TELCEL_3,3,2,false,false,false,"",153,sms,rob2tel,13
"33401","2026-10-01","12",true,GW_ROBOT_TELCEL_3,3,3,false,false,false,"",78,sms,rob2tel,1
"33401","2026-10-01","12",true,GW_ROBOT_TELCEL_3,3,3,false,false,false,"",80,sms,rob2tel,1
"33401","2026-10-01","12",true,GW_ROBOT_TELCEL_3,3,3,false,false,false,"",82,sms,rob2tel,1
"33401","2026-10-01","12",true,GW_ROBOT_TELCEL_3,3,3,false,false,false,"",84,sms,rob2tel,2
"33401","2026-10-01","12",true,GW_ROBOT_TELCEL_3,3,3,false,false,false,"",126,sms,rob2tel,1
"33401","2026-10-01","12",true,ROBOCOM-MOVISTAR,1,0,false,false,false,"",24,sms,ROBOCOM_SMS,6
"33401","2026-10-01","13",false,GW_ROBOT_TELCEL_2,1,0,false,false,false,"",30,sms,rob2tel,1
"33401","2026-10-01","13",false,GW_ROBOT_TELCEL_2,1,0,false,false,false,"",33,sms,rob2tel,1
"33401","2026-10-01","13",false,GW_ROBOT_TELCEL_2,1,0,false,false,false,"",40,sms,rob2tel,1
"33401","2026-10-01","13",false,GW_ROBOT_TELCEL_2,1,0,false,false,false,"",43,sms,rob2tel,1
"33401","2026-10-01","13",false,GW_ROBOT_TELCEL_2,1,0,false,false,false,"",44,sms,rob2tel,1
"33401","2026-10-01","13",false,GW_ROBOT_TELCEL_2,1,0,false,false,false,"",48,sms,rob2tel,1
"33401","2026-10-01","13",false,GW_ROBOT_TELCEL_2,1,0,false,false,false,"",49,sms,rob2tel,1
"33401","2026-10-01","13",false,GW_ROBOT_TELCEL_2,1,0,false,false,false,"",50,sms,rob2tel,1
"33401","2026-10-01","13",false,GW_ROBOT_TELCEL_2,1,0,false,false,false,"",51,sms,rob2tel,1
"33401","2026-10-01","13",false,GW_ROBOT_TELCEL_2,1,0,false,false,false,"",52,sms,rob2tel,3
"33401","2026-10-01","13",false,GW_ROBOT_TELCEL_2,1,0,false,false,false,"",54,sms,rob2tel,2
"33401","2026-10-01","13",false,GW_ROBOT_TELCEL_2,1,0,false,false,false,"",55,sms,rob2tel,1
"33401","2026-10-01","13",false,GW_ROBOT_TELCEL_2,1,0,false,false,false,"",56,sms,rob2tel,2
"33401","2026-10-01","13",false,GW_ROBOT_TELCEL_2,1,0,false,false,false,"",57,sms,rob2tel,3
"33401","2026-10-01","13",false,GW_ROBOT_TELCEL_2,1,0,false,false,false,"",58,sms,rob2tel,2
"33401","2026-10-01","13",false,GW_ROBOT_TELCEL_2,1,0,false,false,false,"",59,sms,rob2tel,3
"33401","2026-10-01","13",false,GW_ROBOT_TELCEL_2,1,0,false,false,false,"",62,sms,rob2tel,2
"33401","2026-10-01","13",false,GW_ROBOT_TELCEL_2,1,0,false,false,false,"",63,sms,rob2tel,1
"33401","2026-10-01","13",false,GW_ROBOT_TELCEL_2,1,0,false,false,false,"",65,sms,rob2tel,3
"33401","2026-10-01","13",false,GW_ROBOT_TELCEL_2,1,0,false,false,false,"",66,sms,rob2tel,1
"33401","2026-10-01","13",false,GW_ROBOT_TELCEL_2,1,0,false,false,false,"",68,sms,rob2tel,1
"33401","2026-10-01","13",false,GW_ROBOT_TELCEL_2,1,0,false,false,false,"",69,sms,rob2tel,1
"33401","2026-10-01","13",false,GW_ROBOT_TELCEL_2,1,0,false,false,false,"",74,sms,rob2tel,1
"33401","2026-10-01","13",false,GW_ROBOT_TELCEL_2,1,0,false,false,false,"",81,sms,rob2tel,1
"33401","2026-10-01","13",false,GW_ROBOT_TELCEL_2,1,0,false,false,false,"",95,sms,rob2tel,1
"33401","2026-10-01","13",false,GW_ROBOT_TELCEL_2,1,0,false,false,false,"",99,sms,rob2tel,1
"33401","2026-10-01","13",false,GW_ROBOT_TELCEL_2,1,0,false,false,false,"",101,sms,rob2tel,3
"33401","2026-10-01","13",false,GW_ROBOT_TELCEL_2,1,0,false,false,false,"",115,sms,rob2tel,2
"33401","2026-10-01","13",false,GW_ROBOT_TELCEL_2,1,0,false,false,false,"",118,sms,rob2tel,2
"33401","2026-10-01","13",false,GW_ROBOT_TELCEL_2,1,0,false,false,false,"",120,sms,rob2tel,1
"33401","2026-10-01","13",false,GW_ROBOT_TELCEL_2,1,0,false,false,false,"",130,sms,rob2tel,1
"33401","2026-10-01","13",false,GW_ROBOT_TELCEL_2,1,0,false,false,false,"",131,sms,rob2tel,1
"33401","2026-10-01","13",false,GW_ROBOT_TELCEL_2,1,0,false,false,false,"",134,sms,rob2tel,1
"33401","2026-10-01","13",false,GW_ROBOT_TELCEL_2,1,0,false,false,false,"",136,sms,rob2tel,1
"33401","2026-10-01","13",false,GW_ROBOT_TELCEL_2,1,0,false,false,false,"",138,sms,rob2tel,1
"33401","2026-10-01","13",false,GW_ROBOT_TELCEL_2,1,0,false,false,false,"",141,sms,rob2tel,4
"33401","2026-10-01","13",false,GW_ROBOT_TELCEL_2,1,0,false,false,false,"",153,sms,rob2tel,1
"33401","2026-10-01","13",false,GW_ROBOT_TELCEL_2,1,0,false,false,false,"",155,sms,rob2tel,1
"33401","2026-10-01","13",false,GW_ROBOT_TELCEL_2,2,1,false,false,false,"",151,sms,rob2tel,4
"33401","2026-10-01","13",false,GW_ROBOT_TELCEL_2,2,1,false,false,false,"",153,sms,rob2tel,5
"33401","2026-10-01","13",false,GW_ROBOT_TELCEL_2,2,2,false,false,false,"",14,sms,rob2tel,1
"33401","2026-10-01","13",false,GW_ROBOT_TELCEL_2,2,2,false,false,false,"",20,sms,rob2tel,4
"33401","2026-10-01","13",false,GW_ROBOT_TELCEL_2,2,2,false,false,false,"",70,sms,rob2tel,1
"33401","2026-10-01","13",false,GW_ROBOT_TELCEL_2,2,2,false,false,false,"",71,sms,rob2tel,1
"33401","2026-10-01","13",false,GW_ROBOT_TELCEL_2,2,2,false,false,false,"",72,sms,rob2tel,1
"33401","2026-10-01","13",false,GW_ROBOT_TELCEL_2,2,2,false,false,false,"",91,sms,rob2tel,1
"33401","2026-10-01","13",false,GW_ROBOT_TELCEL_2,3,1,false,false,false,"",151,sms,rob2tel,1
"33401","2026-10-01","13",false,GW_ROBOT_TELCEL_2,3,2,false,false,false,"",153,sms,rob2tel,2
"33401","2026-10-01","13",false,GW_ROBOT_TELCEL_2,3,3,false,false,false,"",81,sms,rob2tel,1
"33401","2026-10-01","13",false,GW_ROBOT_TELCEL_3,1,0,false,false,false,"",14,sms,rob2tel,1
"33401","2026-10-01","13",false,GW_ROBOT_TELCEL_3,1,0,false,false,false,"",42,sms,rob2tel,1
"33401","2026-10-01","13",false,GW_ROBOT_TELCEL_3,1,0,false,false,false,"",44,sms,rob2tel,1
"33401","2026-10-01","13",false,GW_ROBOT_TELCEL_3,1,0,false,false,false,"",48,sms,rob2tel,1
"33401","2026-10-01","13",false,GW_ROBOT_TELCEL_3,1,0,false,false,false,"",49,sms,rob2tel,1
"33401","2026-10-01","13",false,GW_ROBOT_TELCEL_3,1,0,false,false,false,"",50,sms,rob2tel,1
"33401","2026-10-01","13",false,GW_ROBOT_TELCEL_3,1,0,false,false,false,"",52,sms,rob2tel,3
"33401","2026-10-01","13",false,GW_ROBOT_TELCEL_3,1,0,false,false,false,"",53,sms,rob2tel,2
"33401","2026-10-01","13",false,GW_ROBOT_TELCEL_3,1,0,false,false,false,"",54,sms,rob2tel,3
"33401","2026-10-01","13",false,GW_ROBOT_TELCEL_3,1,0,false,false,false,"",56,sms,rob2tel,1
"33401","2026-10-01","13",false,GW_ROBOT_TELCEL_3,1,0,false,false,false,"",57,sms,rob2tel,1
"33401","2026-10-01","13",false,GW_ROBOT_TELCEL_3,1,0,false,false,false,"",59,sms,rob2tel,3
"33401","2026-10-01","13",false,GW_ROBOT_TELCEL_3,1,0,false,false,false,"",60,sms,rob2tel,2
"33401","2026-10-01","13",false,GW_ROBOT_TELCEL_3,1,0,false,false,false,"",61,sms,rob2tel,4
"33401","2026-10-01","13",false,GW_ROBOT_TELCEL_3,1,0,false,false,false,"",62,sms,rob2tel,2
"33401","2026-10-01","13",false,GW_ROBOT_TELCEL_3,1,0,false,false,false,"",63,sms,rob2tel,2
"33401","2026-10-01","13",false,GW_ROBOT_TELCEL_3,1,0,false,false,false,"",64,sms,rob2tel,1
"33401","2026-10-01","13",false,GW_ROBOT_TELCEL_3,1,0,false,false,false,"",68,sms,rob2tel,1
"33401","2026-10-01","13",false,GW_ROBOT_TELCEL_3,1,0,false,false,false,"",69,sms,rob2tel,1
"33401","2026-10-01","13",false,GW_ROBOT_TELCEL_3,1,0,false,false,false,"",72,sms,rob2tel,2
"33401","2026-10-01","13",false,GW_ROBOT_TELCEL_3,1,0,false,false,false,"",74,sms,rob2tel,1
"33401","2026-10-01","13",false,GW_ROBOT_TELCEL_3,1,0,false,false,false,"",77,sms,rob2tel,1
"33401","2026-10-01","13",false,GW_ROBOT_TELCEL_3,1,0,false,false,false,"",101,sms,rob2tel,4
"33401","2026-10-01","13",false,GW_ROBOT_TELCEL_3,1,0,false,false,false,"",115,sms,rob2tel,5
"33401","2026-10-01","13",false,GW_ROBOT_TELCEL_3,1,0,false,false,false,"",118,sms,rob2tel,6
"33401","2026-10-01","13",false,GW_ROBOT_TELCEL_3,1,0,false,false,false,"",130,sms,rob2tel,1
"33401","2026-10-01","13",false,GW_ROBOT_TELCEL_3,1,0,false,false,false,"",131,sms,rob2tel,1
"33401","2026-10-01","13",false,GW_ROBOT_TELCEL_3,1,0,false,false,false,"",133,sms,rob2tel,1
"33401","2026-10-01","13",false,GW_ROBOT_TELCEL_3,1,0,false,false,false,"",136,sms,rob2tel,3
"33401","2026-10-01","13",false,GW_ROBOT_TELCEL_3,1,0,false,false,false,"",138,sms,rob2tel,1
"33401","2026-10-01","13",false,GW_ROBOT_TELCEL_3,1,0,false,false,false,"",141,sms,rob2tel,5
"33401","2026-10-01","13",false,GW_ROBOT_TELCEL_3,1,0,false,false,false,"",151,sms,rob2tel,1
"33401","2026-10-01","13",false,GW_ROBOT_TELCEL_3,2,1,false,false,false,"",151,sms,rob2tel,2
"33401","2026-10-01","13",false,GW_ROBOT_TELCEL_3,2,1,false,false,false,"",153,sms,rob2tel,3
"33401","2026-10-01","13",false,GW_ROBOT_TELCEL_3,2,2,false,false,false,"",20,sms,rob2tel,3
"33401","2026-10-01","13",false,GW_ROBOT_TELCEL_3,2,2,false,false,false,"",29,sms,rob2tel,1
"33401","2026-10-01","13",false,GW_ROBOT_TELCEL_3,2,2,false,false,false,"",69,sms,rob2tel,1
"33401","2026-10-01","13",false,GW_ROBOT_TELCEL_3,3,1,false,false,false,"",151,sms,rob2tel,2
"33401","2026-10-01","13",false,GW_ROBOT_TELCEL_3,3,2,false,false,false,"",153,sms,rob2tel,1
"33401","2026-10-01","13",false,GW_ROBOT_TELCEL_3,3,3,false,false,false,"",81,sms,rob2tel,1
"33401","2026-10-01","13",false,GW_ROBOT_TELCEL_3,3,3,false,false,false,"",87,sms,rob2tel,1
"33401","2026-10-01","13",true,GW_ROBOT_TELCEL_2,1,0,false,false,false,"",41,sms,rob2tel,1
"33401","2026-10-01","13",true,GW_ROBOT_TELCEL_2,1,0,false,false,false,"",45,sms,rob2tel,1
"33401","2026-10-01","13",true,GW_ROBOT_TELCEL_2,1,0,false,false,false,"",47,sms,rob2tel,1
"33401","2026-10-01","13",true,GW_ROBOT_TELCEL_2,1,0,false,false,false,"",48,sms,rob2tel,1
"33401","2026-10-01","13",true,GW_ROBOT_TELCEL_2,1,0,false,false,false,"",59,sms,rob2tel,1
"33401","2026-10-01","13",true,GW_ROBOT_TELCEL_2,1,0,false,false,false,"",69,sms,rob2tel,1
"33401","2026-10-01","13",true,GW_ROBOT_TELCEL_2,1,0,false,false,false,"",99,sms,rob2tel,5
"33401","2026-10-01","13",true,GW_ROBOT_TELCEL_2,1,0,false,false,false,"",100,sms,rob2tel,1
"33401","2026-10-01","13",true,GW_ROBOT_TELCEL_2,1,0,false,false,false,"",102,sms,rob2tel,1
"33401","2026-10-01","13",true,GW_ROBOT_TELCEL_2,1,0,false,false,false,"",104,sms,rob2tel,2
"33401","2026-10-01","13",true,GW_ROBOT_TELCEL_2,1,0,false,false,false,"",113,sms,rob2tel,1
"33401","2026-10-01","13",true,GW_ROBOT_TELCEL_2,1,0,false,false,false,"",115,sms,rob2tel,2
"33401","2026-10-01","13",true,GW_ROBOT_TELCEL_2,1,0,false,false,false,"",118,sms,rob2tel,2
"33401","2026-10-01","13",true,GW_ROBOT_TELCEL_2,1,0,false,false,false,"",139,sms,rob2tel,1
"33401","2026-10-01","13",true,GW_ROBOT_TELCEL_2,1,0,false,false,false,"",141,sms,rob2tel,4
"33401","2026-10-01","13",true,GW_ROBOT_TELCEL_2,1,0,false,false,false,"",142,sms,rob2tel,1
"33401","2026-10-01","13",true,GW_ROBOT_TELCEL_2,1,0,false,false,false,"",154,sms,rob2tel,1
"33401","2026-10-01","13",true,GW_ROBOT_TELCEL_2,2,1,false,false,false,"",151,sms,rob2tel,11
"33401","2026-10-01","13",true,GW_ROBOT_TELCEL_2,2,2,false,false,false,"",34,sms,rob2tel,1
"33401","2026-10-01","13",true,GW_ROBOT_TELCEL_2,2,2,false,false,false,"",69,sms,rob2tel,5
"33401","2026-10-01","13",true,GW_ROBOT_TELCEL_2,2,2,false,false,false,"",70,sms,rob2tel,3
"33401","2026-10-01","13",true,GW_ROBOT_TELCEL_2,2,2,false,false,false,"",71,sms,rob2tel,2
"33401","2026-10-01","13",true,GW_ROBOT_TELCEL_2,2,2,false,false,false,"",72,sms,rob2tel,1
"33401","2026-10-01","13",true,GW_ROBOT_TELCEL_2,3,1,false,false,false,"",151,sms,rob2tel,1
"33401","2026-10-01","13",true,GW_ROBOT_TELCEL_3,1,0,false,false,false,"",44,sms,rob2tel,1
"33401","2026-10-01","13",true,GW_ROBOT_TELCEL_3,1,0,false,false,false,"",47,sms,rob2tel,1
"33401","2026-10-01","13",true,GW_ROBOT_TELCEL_3,1,0,false,false,false,"",48,sms,rob2tel,2
"33401","2026-10-01","13",true,GW_ROBOT_TELCEL_3,1,0,false,false,false,"",50,sms,rob2tel,1
"33401","2026-10-01","13",true,GW_ROBOT_TELCEL_3,1,0,false,false,false,"",54,sms,rob2tel,1
"33401","2026-10-01","13",true,GW_ROBOT_TELCEL_3,1,0,false,false,false,"",62,sms,rob2tel,1
"33401","2026-10-01","13",true,GW_ROBOT_TELCEL_3,1,0,false,false,false,"",65,sms,rob2tel,1
"33401","2026-10-01","13",true,GW_ROBOT_TELCEL_3,1,0,false,false,false,"",67,sms,rob2tel,1
"33401","2026-10-01","13",true,GW_ROBOT_TELCEL_3,1,0,false,false,false,"",81,sms,rob2tel,1
"33401","2026-10-01","13",true,GW_ROBOT_TELCEL_3,1,0,false,false,false,"",91,sms,rob2tel,1
"33401","2026-10-01","13",true,GW_ROBOT_TELCEL_3,1,0,false,false,false,"",99,sms,rob2tel,3
"33401","2026-10-01","13",true,GW_ROBOT_TELCEL_3,1,0,false,false,false,"",101,sms,rob2tel,2
"33401","2026-10-01","13",true,GW_ROBOT_TELCEL_3,1,0,false,false,false,"",118,sms,rob2tel,4
"33401","2026-10-01","13",true,GW_ROBOT_TELCEL_3,1,0,false,false,false,"",122,sms,rob2tel,1
"33401","2026-10-01","13",true,GW_ROBOT_TELCEL_3,1,0,false,false,false,"",128,sms,rob2tel,1
"33401","2026-10-01","13",true,GW_ROBOT_TELCEL_3,1,0,false,false,false,"",132,sms,rob2tel,1
"33401","2026-10-01","13",true,GW_ROBOT_TELCEL_3,1,0,false,false,false,"",139,sms,rob2tel,1
"33401","2026-10-01","13",true,GW_ROBOT_TELCEL_3,1,0,false,false,false,"",141,sms,rob2tel,5
"33401","2026-10-01","13",true,GW_ROBOT_TELCEL_3,1,0,false,false,false,"",142,sms,rob2tel,1
"33401","2026-10-01","13",true,GW_ROBOT_TELCEL_3,2,1,false,false,false,"",134,sms,rob2tel,1
"33401","2026-10-01","13",true,GW_ROBOT_TELCEL_3,2,1,false,false,false,"",151,sms,rob2tel,10
"33401","2026-10-01","13",true,GW_ROBOT_TELCEL_3,2,1,false,false,false,"",153,sms,rob2tel,2
"33401","2026-10-01","13",true,GW_ROBOT_TELCEL_3,2,2,false,false,false,"",10,sms,rob2tel,1
"33401","2026-10-01","13",true,GW_ROBOT_TELCEL_3,2,2,false,false,false,"",21,sms,rob2tel,1
"33401","2026-10-01","13",true,GW_ROBOT_TELCEL_3,2,2,false,false,false,"",49,sms,rob2tel,1
"33401","2026-10-01","13",true,GW_ROBOT_TELCEL_3,2,2,false,false,false,"",69,sms,rob2tel,1
"33401","2026-10-01","13",true,GW_ROBOT_TELCEL_3,2,2,false,false,false,"",70,sms,rob2tel,2
"33401","2026-10-01","13",true,GW_ROBOT_TELCEL_3,2,2,false,false,false,"",71,sms,rob2tel,2
"33401","2026-10-01","13",true,GW_ROBOT_TELCEL_3,2,2,false,false,false,"",72,sms,rob2tel,3
"33401","2026-10-01","13",true,GW_ROBOT_TELCEL_3,2,2,false,false,false,"",129,sms,rob2tel,1
"33401","2026-10-01","13",true,GW_ROBOT_TELCEL_3,3,2,false,false,false,"",153,sms,rob2tel,1
"33401","2026-10-01","13",true,GW_ROBOT_TELCEL_3,3,3,false,false,false,"",86,sms,rob2tel,1
"33402","2026-10-01","00",false,alestra,1,0,false,true,false,ESME_RINVSRCADR,58,sms,"",1
"33402","2026-10-01","00",false,alestra,1,0,false,true,false,ESME_RINVSRCADR,149,sms,"",2
"33402","2026-10-01","00",false,alestra,1,0,false,true,false,ESME_RINVSRCADR,152,sms,"",1
"33402","2026-10-01","00",false,alestra,1,0,false,true,false,ESME_RINVSRCADR,158,sms,"",1
"33402","2026-10-01","00",false,alestra,1,0,false,true,false,ESME_RINVSRCADR,159,sms,"",1
"33402","2026-10-01","00",false,altanrobot,1,0,false,true,false,ESME_RINVSRCADR,148,flash,"",1
"33402","2026-10-01","00",false,movisen,1,0,false,true,false,ESME_RINVSRCADR,30,sms,"",1
"33402","2026-10-01","00",false,movisen,1,0,false,true,false,ESME_RINVSRCADR,38,sms,"",1
"33402","2026-10-01","00",false,movisen,1,0,false,true,false,ESME_RINVSRCADR,41,sms,"",1
"33402","2026-10-01","00",false,movisen,1,0,false,true,false,ESME_RINVSRCADR,115,sms,"",1
"33402","2026-10-01","00",false,movisen,1,0,false,true,false,ESME_RINVSRCADR,133,sms,"",1
"33402","2026-10-01","00",false,movisen,1,0,false,true,false,ESME_RINVSRCADR,137,sms,"",1
"33402","2026-10-01","00",false,movisen,1,0,false,true,false,ESME_RINVSRCADR,141,sms,"",1
"33402","2026-10-01","00",false,movisen,1,0,false,true,false,ESME_RINVSRCADR,150,sms,"",2
"33402","2026-10-01","00",false,movisen,1,0,false,true,false,ESME_RINVSRCADR,152,sms,"",1
"33402","2026-10-01","00",false,movisen,1,0,false,true,false,ESME_RINVSRCADR,154,sms,"",1
"33402","2026-10-01","00",false,movisen,1,0,false,true,false,ESME_RINVSRCADR,156,flash,"",1
"33402","2026-10-01","00",false,movisen,1,0,false,true,false,ESME_RINVSRCADR,156,sms,"",1
"33402","2026-10-01","00",false,movisen,1,0,false,true,false,ESME_RINVSRCADR,158,flash,"",1
"33402","2026-10-01","00",false,movisen,2,1,false,true,false,ESME_RINVSRCADR,153,sms,"",2
"33402","2026-10-01","00",false,movisen,2,2,false,true,false,ESME_RINVSRCADR,10,sms,"",2
"33402","2026-10-01","01",false,alestra,1,0,false,true,false,ESME_RINVSRCADR,151,sms,"",1
"33402","2026-10-01","01",false,alestra,1,0,false,true,false,ESME_RINVSRCADR,154,sms,"",1
"33402","2026-10-01","01",false,altanrobot,1,0,false,true,false,ESME_RINVSRCADR,148,flash,"",2
"33402","2026-10-01","01",false,movisen,1,0,false,true,false,ESME_RINVSRCADR,30,sms,"",6
"33402","2026-10-01","01",false,movisen,1,0,false,true,false,ESME_RINVSRCADR,63,sms,"",1
"33402","2026-10-01","01",false,movisen,1,0,false,true,false,ESME_RINVSRCADR,115,sms,"",2
"33402","2026-10-01","01",false,movisen,1,0,false,true,false,ESME_RINVSRCADR,119,sms,"",2
"33402","2026-10-01","01",false,movisen,1,0,false,true,false,ESME_RINVSRCADR,122,sms,"",3
"33402","2026-10-01","01",false,movisen,1,0,false,true,false,ESME_RINVSRCADR,124,sms,"",1
"33402","2026-10-01","01",false,movisen,1,0,false,true,false,ESME_RINVSRCADR,131,sms,"",1
"33402","2026-10-01","01",false,movisen,1,0,false,true,false,ESME_RINVSRCADR,137,sms,"",2
"33402","2026-10-01","01",false,movisen,1,0,false,true,false,ESME_RINVSRCADR,150,sms,"",2
"33402","2026-10-01","01",false,movisen,1,0,false,true,false,ESME_RINVSRCADR,151,sms,"",1
"33402","2026-10-01","01",false,movisen,1,0,false,true,false,ESME_RINVSRCADR,152,sms,"",1
"33402","2026-10-01","01",false,movisen,1,0,false,true,false,ESME_RINVSRCADR,153,sms,"",1
"33402","2026-10-01","01",false,movisen,1,0,false,true,false,ESME_RINVSRCADR,154,sms,"",1
"33402","2026-10-01","01",false,movisen,1,0,false,true,false,ESME_RINVSRCADR,156,flash,"",1
"33402","2026-10-01","01",false,movisen,1,0,false,true,false,ESME_RINVSRCADR,159,sms,"",1
"33402","2026-10-01","02",false,movisen,1,0,false,true,false,ESME_RINVSRCADR,68,sms,"",2
"33402","2026-10-01","02",false,movisen,1,0,false,true,false,ESME_RINVSRCADR,115,sms,"",2
"33402","2026-10-01","02",false,movisen,1,0,false,true,false,ESME_RINVSRCADR,120,sms,"",1
"33402","2026-10-01","02",false,movisen,1,0,false,true,false,ESME_RINVSRCADR,130,sms,"",1
"33402","2026-10-01","02",false,movisen,1,0,false,true,false,ESME_RINVSRCADR,131,sms,"",3
"33402","2026-10-01","02",false,movisen,1,0,false,true,false,ESME_RINVSRCADR,135,sms,"",1
"33402","2026-10-01","02",false,movisen,1,0,false,true,false,ESME_RINVSRCADR,136,sms,"",1
"33402","2026-10-01","02",false,movisen,1,0,false,true,false,ESME_RINVSRCADR,141,sms,"",1
"33402","2026-10-01","02",false,movisen,2,1,false,true,false,ESME_RINVSRCADR,153,sms,"",3
"33402","2026-10-01","02",false,movisen,2,2,false,true,false,ESME_RINVSRCADR,10,sms,"",3
"33402","2026-10-01","03",false,alestra,1,0,false,true,false,ESME_RINVSRCADR,159,sms,"",1
"33402","2026-10-01","03",false,alestra,1,0,true,true,false,ESME_RINVSRCADR,47,sms,"",1
"33402","2026-10-01","03",false,movisen,1,0,false,true,false,ESME_RINVSRCADR,115,sms,"",1
"33402","2026-10-01","03",false,movisen,1,0,false,true,false,ESME_RINVSRCADR,125,flash,"",1
"33402","2026-10-01","03",false,movisen,1,0,false,true,false,ESME_RINVSRCADR,133,sms,"",1
"33402","2026-10-01","03",false,movisen,1,0,false,true,false,ESME_RINVSRCADR,137,sms,"",2
"33402","2026-10-01","03",false,movisen,1,0,false,true,false,ESME_RINVSRCADR,141,sms,"",1
"33402","2026-10-01","03",false,movisen,2,1,false,true,false,ESME_RINVSRCADR,153,sms,"",8
"33402","2026-10-01","03",false,movisen,2,2,false,true,false,ESME_RINVSRCADR,10,sms,"",8
"33402","2026-10-01","04",false,movisen,1,0,false,true,false,ESME_RINVSRCADR,63,sms,"",1
"33402","2026-10-01","04",false,movisen,1,0,false,true,false,ESME_RINVSRCADR,131,sms,"",1
"33402","2026-10-01","04",false,movisen,1,0,false,true,false,ESME_RINVSRCADR,133,sms,"",1
"33402","2026-10-01","04",false,movisen,2,1,false,true,false,ESME_RINVSRCADR,151,sms,"",2
"33402","2026-10-01","04",false,movisen,2,1,false,true,false,ESME_RINVSRCADR,153,sms,"",2
"33402","2026-10-01","04",false,movisen,2,2,false,true,false,ESME_RINVSRCADR,10,sms,"",2
"33402","2026-10-01","04",false,movisen,2,2,false,true,false,ESME_RINVSRCADR,90,sms,"",1
"33402","2026-10-01","04",false,movisen,2,2,false,true,false,ESME_RINVSRCADR,91,sms,"",1
"33402","2026-10-01","05",false,movisen,1,0,false,true,false,ESME_RINVSRCADR,30,sms,"",2
"33402","2026-10-01","05",false,movisen,1,0,false,true,false,ESME_RINVSRCADR,41,sms,"",1
"33402","2026-10-01","06",false,alestra,1,0,false,true,false,ESME_RINVSRCADR,158,sms,"",1
"33402","2026-10-01","06",false,movisen,1,0,false,true,false,ESME_RINVSRCADR,115,sms,"",1
"33402","2026-10-01","06",false,movisen,1,0,false,true,false,ESME_RINVSRCADR,122,sms,"",1
"33402","2026-10-01","06",false,movisen,1,0,false,true,false,ESME_RINVSRCADR,129,sms,"",1
"33402","2026-10-01","06",false,movisen,1,0,false,true,false,ESME_RINVSRCADR,141,sms,"",1
"33402","2026-10-01","06",false,movisen,2,1,false,true,false,ESME_RINVSRCADR,151,sms,"",1
"33402","2026-10-01","06",false,movisen,2,1,false,true,false,ESME_RINVSRCADR,153,sms,"",1
"33402","2026-10-01","06",false,movisen,2,2,false,true,false,ESME_RINVSRCADR,10,sms,"",1
"33402","2026-10-01","06",false,movisen,2,2,false,true,false,ESME_RINVSRCADR,89,sms,"",1
"33402","2026-10-01","07",false,movisen,1,0,false,true,false,ESME_RINVSRCADR,30,sms,"",1
"33402","2026-10-01","07",false,movisen,1,0,false,true,false,ESME_RINVSRCADR,115,sms,"",1
"33402","2026-10-01","07",false,movisen,1,0,false,true,false,ESME_RINVSRCADR,119,sms,"",2
"33402","2026-10-01","07",false,movisen,1,0,false,true,false,ESME_RINVSRCADR,141,sms,"",2
"33402","2026-10-01","08",false,alestra,1,0,false,true,false,ESME_RINVSRCADR,137,sms,"",1
"33402","2026-10-01","08",false,alestra,1,0,false,true,false,ESME_RINVSRCADR,155,sms,"",1
"33402","2026-10-01","08",false,movisen,1,0,false,true,false,ESME_RINVSRCADR,115,sms,"",3
"33402","2026-10-01","09",false,movisen,1,0,false,true,false,ESME_RINVSRCADR,115,sms,"",1
"33402","2026-10-01","10",false,movisen,1,0,false,true,false,ESME_RINVSRCADR,115,sms,"",1
"33402","2026-10-01","10",false,movisen,1,0,false,true,false,ESME_RINVSRCADR,117,sms,"",1
"33402","2026-10-01","10",false,movisen,1,0,false,true,false,ESME_RINVSRCADR,158,sms,"",1
"33402","2026-10-01","10",false,movisen,2,1,false,true,false,ESME_RINVSRCADR,153,sms,"",1
"33402","2026-10-01","10",false,movisen,2,2,false,true,false,ESME_RINVSRCADR,10,sms,"",1
"33402","2026-10-01","11",false,movisen,1,0,false,true,false,ESME_RINVSRCADR,30,sms,"",3
"33402","2026-10-01","11",false,movisen,1,0,false,true,false,ESME_RINVSRCADR,115,sms,"",1
"33402","2026-10-01","11",false,movisen,1,0,false,true,false,ESME_RINVSRCADR,127,sms,"",1
"33402","2026-10-01","11",false,movisen,1,0,false,true,false,ESME_RINVSRCADR,158,sms,"",10
"33402","2026-10-01","12",false,movisen,1,0,false,true,false,ESME_RINVSRCADR,115,sms,"",1
"33402","2026-10-01","12",false,movisen,1,0,false,true,false,ESME_RINVSRCADR,158,sms,"",6
"334020","2026-10-01","01",true,GW_ROBOT_TELCEL_SENDER,2,1,false,false,false,"",153,sms,rob2tel,41
"334020","2026-10-01","01",true,GW_ROBOT_TELCEL_SENDER,2,2,false,false,false,"",135,sms,rob2tel,10
"334020","2026-10-01","01",true,GW_ROBOT_TELCEL_SENDER,2,2,false,false,false,"",136,sms,rob2tel,25
"334020","2026-10-01","01",true,GW_ROBOT_TELCEL_SENDER,2,2,false,false,false,"",137,sms,rob2tel,5
"334020","2026-10-01","01",true,GW_ROBOT_TELCEL_SENDER,2,2,false,false,false,"",151,sms,rob2tel,1
"334020","2026-10-01","01",true,MENSAJERIA_MEXICO_OPENIP,2,1,false,false,false,"",153,sms,openipsms,9
"334020","2026-10-01","01",true,MENSAJERIA_MEXICO_OPENIP,2,2,false,false,false,"",135,sms,openipsms,3
"334020","2026-10-01","01",true,MENSAJERIA_MEXICO_OPENIP,2,2,false,false,false,"",136,sms,openipsms,2
"334020","2026-10-01","01",true,MENSAJERIA_MEXICO_OPENIP,2,2,false,false,false,"",137,sms,openipsms,2
"334020","2026-10-01","01",true,MENSAJERIA_MEXICO_OPENIP,2,2,false,false,false,"",148,sms,openipsms,1
"334020","2026-10-01","01",true,MENSAJERIA_MEXICO_OPENIP,2,2,false,false,false,"",150,sms,openipsms,1
"334020","2026-10-01","02",true,GW_ROBOT_TELCEL_SENDER,2,1,false,false,false,"",153,sms,rob2tel,5
"334020","2026-10-01","02",true,GW_ROBOT_TELCEL_SENDER,2,2,false,false,false,"",136,sms,rob2tel,1
"334020","2026-10-01","02",true,GW_ROBOT_TELCEL_SENDER,2,2,false,false,false,"",150,sms,rob2tel,1
"334020","2026-10-01","02",true,GW_ROBOT_TELCEL_SENDER,2,2,false,false,false,"",151,sms,rob2tel,3
"334020","2026-10-01","02",true,MENSAJERIA_MEXICO_OPENIP,2,1,false,false,false,"",153,sms,openipsms,1
"334020","2026-10-01","02",true,MENSAJERIA_MEXICO_OPENIP,2,2,false,false,false,"",150,sms,openipsms,1
"33403","2026-10-01","00",false,alestra,1,0,false,true,false,ESME_RINVSRCADR,119,sms,"",1
"33403","2026-10-01","00",false,movisen,1,0,false,true,false,ESME_RINVSRCADR,30,sms,"",7
"33403","2026-10-01","00",false,movisen,1,0,false,true,false,ESME_RINVSRCADR,41,sms,"",1
"33403","2026-10-01","00",false,movisen,1,0,false,true,false,ESME_RINVSRCADR,68,sms,"",10
"33403","2026-10-01","00",false,movisen,1,0,false,true,false,ESME_RINVSRCADR,69,sms,"",1
"33403","2026-10-01","00",false,movisen,1,0,false,true,false,ESME_RINVSRCADR,109,sms,"",1
"33403","2026-10-01","00",false,movisen,1,0,false,true,false,ESME_RINVSRCADR,115,sms,"",11
"33403","2026-10-01","00",false,movisen,1,0,false,true,false,ESME_RINVSRCADR,131,sms,"",1
"33403","2026-10-01","00",false,movisen,1,0,false,true,false,ESME_RINVSRCADR,133,sms,"",2
"33403","2026-10-01","00",false,movisen,1,0,false,true,false,ESME_RINVSRCADR,156,sms,"",1
"33403","2026-10-01","00",false,movisen,1,0,false,true,false,ESME_RINVSRCADR,159,sms,"",1
"33403","2026-10-01","00",false,movisen,2,1,false,true,false,ESME_RINVSRCADR,153,sms,"",7
"33403","2026-10-01","00",false,movisen,2,2,false,true,false,ESME_RINVSRCADR,10,sms,"",7
"33403","2026-10-01","01",false,movisen,1,0,false,true,false,ESME_RINVSRCADR,30,sms,"",1
"33403","2026-10-01","01",false,movisen,1,0,false,true,false,ESME_RINVSRCADR,38,sms,"",1
"33403","2026-10-01","01",false,movisen,1,0,false,true,false,ESME_RINVSRCADR,68,sms,"",4
"33403","2026-10-01","01",false,movisen,1,0,false,true,false,ESME_RINVSRCADR,69,sms,"",1
"33403","2026-10-01","01",false,movisen,1,0,false,true,false,ESME_RINVSRCADR,115,sms,"",4
"33403","2026-10-01","01",false,movisen,1,0,false,true,false,ESME_RINVSRCADR,118,sms,"",1
"33403","2026-10-01","01",false,movisen,1,0,false,true,false,ESME_RINVSRCADR,122,sms,"",1
"33403","2026-10-01","01",false,movisen,1,0,false,true,false,ESME_RINVSRCADR,127,sms,"",2
"33403","2026-10-01","01",false,movisen,1,0,false,true,false,ESME_RINVSRCADR,131,sms,"",2
"33403","2026-10-01","01",false,movisen,1,0,false,true,false,ESME_RINVSRCADR,133,sms,"",3
"33403","2026-10-01","01",false,movisen,1,0,false,true,false,ESME_RINVSRCADR,141,sms,"",2
"33403","2026-10-01","01",false,movisen,1,0,false,true,false,ESME_RINVSRCADR,148,flash,"",1
"33403","2026-10-01","01",false,movisen,1,0,false,true,false,ESME_RINVSRCADR,150,sms,"",2
"33403","2026-10-01","01",false,movisen,1,0,false,true,false,ESME_RINVSRCADR,152,sms,"",2
"33403","2026-10-01","01",false,movisen,1,0,false,true,false,ESME_RINVSRCADR,153,sms,"",1
"33403","2026-10-01","01",false,movisen,1,0,false,true,false,ESME_RINVSRCADR,155,sms,"",1
"33403","2026-10-01","01",false,movisen,1,0,false,true,false,ESME_RINVSRCADR,156,sms,"",1
"33403","2026-10-01","01",false,movisen,1,0,false,true,false,ESME_RINVSRCADR,157,sms,"",1
"33403","2026-10-01","01",false,movisen,2,1,false,true,false,ESME_RINVSRCADR,153,sms,"",4
"33403","2026-10-01","01",false,movisen,2,2,false,true,false,ESME_RINVSRCADR,10,sms,"",4
"33403","2026-10-01","01",false,movistarrob,1,0,false,true,false,ESME_RINVDSTADR,149,sms,"",1
"33403","2026-10-01","01",false,movistarrob,1,0,false,true,false,ESME_RINVDSTADR,155,sms,"",2
"33403","2026-10-01","02",false,movisen,1,0,false,true,false,ESME_RINVSRCADR,30,sms,"",1
"33403","2026-10-01","02",false,movisen,1,0,false,true,false,ESME_RINVSRCADR,68,sms,"",8
"33403","2026-10-01","02",false,movisen,1,0,false,true,false,ESME_RINVSRCADR,69,sms,"",1
"33403","2026-10-01","02",false,movisen,1,0,false,true,false,ESME_RINVSRCADR,115,sms,"",2
"33403","2026-10-01","02",false,movisen,1,0,false,true,false,ESME_RINVSRCADR,119,sms,"",2
"33403","2026-10-01","02",false,movisen,1,0,false,true,false,ESME_RINVSRCADR,122,sms,"",2
"33403","2026-10-01","02",false,movisen,1,0,false,true,false,ESME_RINVSRCADR,123,flash,"",1
"33403","2026-10-01","02",false,movisen,1,0,false,true,false,ESME_RINVSRCADR,131,sms,"",2
"33403","2026-10-01","02",false,movisen,1,0,false,true,false,ESME_RINVSRCADR,133,sms,"",1
"33403","2026-10-01","02",false,movisen,1,0,false,true,false,ESME_RINVSRCADR,141,sms,"",2
"33403","2026-10-01","02",false,movisen,1,0,false,true,false,ESME_RINVSRCADR,151,flash,"",1
"33403","2026-10-01","02",false,movisen,2,1,false,true,false,ESME_RINVSRCADR,153,sms,"",9
"33403","2026-10-01","02",false,movisen,2,2,false,true,false,ESME_RINVSRCADR,10,sms,"",9
"33403","2026-10-01","03",false,movisen,1,0,false,true,false,ESME_RINVSRCADR,30,sms,"",7
"33403","2026-10-01","03",false,movisen,1,0,false,true,false,ESME_RINVSRCADR,68,sms,"",4
"33403","2026-10-01","03",false,movisen,1,0,false,true,false,ESME_RINVSRCADR,69,sms,"",2
"33403","2026-10-01","03",false,movisen,1,0,false,true,false,ESME_RINVSRCADR,114,sms,"",1
"33403","2026-10-01","03",false,movisen,1,0,false,true,false,ESME_RINVSRCADR,115,sms,"",2
"33403","2026-10-01","03",false,movisen,1,0,false,true,false,ESME_RINVSRCADR,119,sms,"",1
"33403","2026-10-01","03",false,movisen,1,0,false,true,false,ESME_RINVSRCADR,124,sms,"",1
"33403","2026-10-01","03",false,movisen,1,0,false,true,false,ESME_RINVSRCADR,133,sms,"",2
"33403","2026-10-01","03",false,movisen,1,0,false,true,false,ESME_RINVSRCADR,137,sms,"",2
"33403","2026-10-01","03",false,movisen,1,0,false,true,false,ESME_RINVSRCADR,157,flash,"",1
"33403","2026-10-01","03",false,movisen,2,1,false,true,false,ESME_RINVSRCADR,153,sms,"",6
"33403","2026-10-01","03",false,movisen,2,2,false,true,false,ESME_RINVSRCADR,10,sms,"",6
"33403","2026-10-01","04",false,alestra,1,0,false,true,false,ESME_RINVSRCADR,159,sms,"",1
"33403","2026-10-01","04",false,movisen,1,0,false,true,false,ESME_RINVSRCADR,30,sms,"",2
"33403","2026-10-01","04",false,movisen,1,0,false,true,false,ESME_RINVSRCADR,88,sms,"",1
"33403","2026-10-01","04",false,movisen,1,0,false,true,false,ESME_RINVSRCADR,115,sms,"",1
"33403","2026-10-01","04",false,movisen,1,0,false,true,false,ESME_RINVSRCADR,124,sms,"",1
"33403","2026-10-01","04",false,movisen,1,0,false,true,false,ESME_RINVSRCADR,127,sms,"",1
"33403","2026-10-01","04",false,movisen,2,1,false,true,false,ESME_RINVSRCADR,151,sms,"",1
"33403","2026-10-01","04",false,movisen,2,1,false,true,false,ESME_RINVSRCADR,153,sms,"",3
"33403","2026-10-01","04",false,movisen,2,2,false,true,false,ESME_RINVSRCADR,10,sms,"",3
"33403","2026-10-01","04",false,movisen,2,2,false,true,false,ESME_RINVSRCADR,93,sms,"",1
"33403","2026-10-01","05",false,movisen,1,0,false,true,false,ESME_RINVSRCADR,38,sms,"",2
"33403","2026-10-01","05",false,movisen,1,0,false,true,false,ESME_RINVSRCADR,41,sms,"",1
"33403","2026-10-01","05",false,movisen,1,0,false,true,false,ESME_RINVSRCADR,107,sms,"",1
"33403","2026-10-01","05",false,movisen,1,0,false,true,false,ESME_RINVSRCADR,115,sms,"",2
"33403","2026-10-01","05",false,movisen,1,0,false,true,false,ESME_RINVSRCADR,127,sms,"",2
"33403","2026-10-01","05",false,movisen,1,0,false,true,false,ESME_RINVSRCADR,142,sms,"",1
"33403","2026-10-01","05",false,movisen,2,1,false,true,false,ESME_RINVSRCADR,153,sms,"",2
"33403","2026-10-01","05",false,movisen,2,2,false,true,false,ESME_RINVSRCADR,10,sms,"",2
"33403","2026-10-01","06",false,movisen,1,0,false,true,false,ESME_RINVSRCADR,38,sms,"",2
"33403","2026-10-01","06",false,movisen,1,0,false,true,false,ESME_RINVSRCADR,41,sms,"",1
"33403","2026-10-01","06",false,movisen,1,0,false,true,false,ESME_RINVSRCADR,115,sms,"",4
"33403","2026-10-01","06",false,movisen,1,0,false,true,false,ESME_RINVSRCADR,122,sms,"",1
"33403","2026-10-01","06",false,movisen,2,1,false,true,false,ESME_RINVSRCADR,153,sms,"",1
"33403","2026-10-01","06",false,movisen,2,2,false,true,false,ESME_RINVSRCADR,10,sms,"",1
"33403","2026-10-01","07",false,movisen,1,0,false,true,false,ESME_RINVSRCADR,38,sms,"",2
"33403","2026-10-01","07",false,movisen,1,0,false,true,false,ESME_RINVSRCADR,106,sms,"",1
"33403","2026-10-01","07",false,movisen,1,0,false,true,false,ESME_RINVSRCADR,107,sms,"",1
"33403","2026-10-01","07",false,movisen,1,0,false,true,false,ESME_RINVSRCADR,115,sms,"",4
"33403","2026-10-01","07",false,movisen,2,1,false,true,false,ESME_RINVSRCADR,153,sms,"",1
"33403","2026-10-01","07",false,movisen,2,2,false,true,false,ESME_RINVSRCADR,10,sms,"",1
"33403","2026-10-01","08",false,movisen,1,0,false,true,false,ESME_RINVSRCADR,30,sms,"",1
"33403","2026-10-01","08",false,movisen,1,0,false,true,false,ESME_RINVSRCADR,115,sms,"",3
"33403","2026-10-01","09",false,movisen,1,0,false,true,false,ESME_RINVSRCADR,115,sms,"",1
"33403","2026-10-01","10",false,movisen,1,0,false,true,false,ESME_RINVSRCADR,115,sms,"",2
"33403","2026-10-01","10",false,movisen,1,0,false,true,false,ESME_RINVSRCADR,119,sms,"",1
"33403","2026-10-01","10",false,movisen,1,0,false,true,false,ESME_RINVSRCADR,129,sms,"",1
"33403","2026-10-01","10",false,movisen,1,0,false,true,false,ESME_RINVSRCADR,158,sms,"",1
"33403","2026-10-01","11",false,movisen,1,0,false,true,false,ESME_RINVSRCADR,115,sms,"",2
"33403","2026-10-01","11",false,movisen,1,0,false,true,false,ESME_RINVSRCADR,133,sms,"",1
"33403","2026-10-01","11",false,movisen,1,0,false,true,false,ESME_RINVSRCADR,141,sms,"",2
"33403","2026-10-01","11",false,movisen,1,0,false,true,false,ESME_RINVSRCADR,158,sms,"",9
"33403","2026-10-01","11",false,movisen,2,1,false,true,false,ESME_RINVSRCADR,153,sms,"",1
"33403","2026-10-01","11",false,movisen,2,2,false,true,false,ESME_RINVSRCADR,10,sms,"",1
"33403","2026-10-01","12",false,movisen,1,0,false,true,false,ESME_RINVSRCADR,41,sms,"",1
"33403","2026-10-01","12",false,movisen,1,0,false,true,false,ESME_RINVSRCADR,115,sms,"",6
"33403","2026-10-01","12",false,movisen,1,0,false,true,false,ESME_RINVSRCADR,127,sms,"",1
"33403","2026-10-01","12",false,movisen,1,0,false,true,false,ESME_RINVSRCADR,129,sms,"",1
"33403","2026-10-01","12",false,movisen,1,0,false,true,false,ESME_RINVSRCADR,133,sms,"",1
"33403","2026-10-01","12",false,movisen,1,0,false,true,false,ESME_RINVSRCADR,158,sms,"",8
"33403","2026-10-01","12",false,movisen,2,1,false,true,false,ESME_RINVSRCADR,153,sms,"",2
"33403","2026-10-01","12",false,movisen,2,2,false,true,false,ESME_RINVSRCADR,10,sms,"",2
"334030","2026-10-01","01",true,GW_ROBOT_TELCEL_SENDER,2,1,false,false,false,"",153,sms,rob2tel,4
"334030","2026-10-01","01",true,GW_ROBOT_TELCEL_SENDER,2,2,false,false,false,"",135,sms,rob2tel,1
"334030","2026-10-01","01",true,GW_ROBOT_TELCEL_SENDER,2,2,false,false,false,"",136,sms,rob2tel,3
"334030","2026-10-01","01",true,MENSAJERIA_MEXICO_OPENIP,2,1,false,false,false,"",153,sms,openipsms,6
"334030","2026-10-01","01",true,MENSAJERIA_MEXICO_OPENIP,2,2,false,false,false,"",135,sms,openipsms,2
"334030","2026-10-01","01",true,MENSAJERIA_MEXICO_OPENIP,2,2,false,false,false,"",136,sms,openipsms,3
"334030","2026-10-01","01",true,MENSAJERIA_MEXICO_OPENIP,2,2,false,false,false,"",138,sms,openipsms,1
"334030","2026-10-01","01",true,MENSAJERIA_MEXICO_OPENIP,4,1,true,false,false,"",67,sms,openipsms,3
"334030","2026-10-01","01",true,MENSAJERIA_MEXICO_OPENIP,4,2,true,false,false,"",67,sms,openipsms,3
"334030","2026-10-01","01",true,MENSAJERIA_MEXICO_OPENIP,4,3,true,false,false,"",67,sms,openipsms,3
"334030","2026-10-01","01",true,MENSAJERIA_MEXICO_OPENIP,4,4,true,false,false,"",12,sms,openipsms,3
"334030","2026-10-01","02",true,GW_ROBOT_TELCEL_SENDER,2,1,false,false,false,"",153,sms,rob2tel,2
"334030","2026-10-01","02",true,GW_ROBOT_TELCEL_SENDER,2,2,false,false,false,"",151,sms,rob2tel,1
"334030","2026-10-01","02",true,GW_ROBOT_TELCEL_SENDER,2,2,false,false,false,"",153,sms,rob2tel,1
"33404","2026-10-01","00",false,alestra,1,0,false,true,false,ESME_RINVSRCADR,142,sms,"",1
"33404","2026-10-01","00",false,alestra,1,0,false,true,false,ESME_RINVSRCADR,156,sms,"",1
"33404","2026-10-01","00",false,movisen,1,0,false,true,false,ESME_RINVSRCADR,46,sms,"",1
"33404","2026-10-01","00",false,movisen,1,0,false,true,false,ESME_RINVSRCADR,144,sms,"",1
"33404","2026-10-01","00",false,movisen,1,0,false,true,false,ESME_RINVSRCADR,156,flash,"",1
"33404","2026-10-01","00",false,movisen,1,0,false,true,false,ESME_RINVSRCADR,156,sms,"",1
"33404","2026-10-01","00",false,movisen,2,1,false,true,false,ESME_RINVSRCADR,153,sms,"",2
"33404","2026-10-01","00",false,movisen,2,2,false,true,false,ESME_RINVSRCADR,10,sms,"",2
"33404","2026-10-01","01",false,alestra,1,0,false,true,false,ESME_RINVSRCADR,137,sms,"",1
"33404","2026-10-01","01",false,alestra,1,0,false,true,false,ESME_RINVSRCADR,142,sms,"",2
"33404","2026-10-01","01",false,alestra,1,0,false,true,false,ESME_RINVSRCADR,151,sms,"",1
"33404","2026-10-01","01",false,movisen,1,0,false,true,false,ESME_RINVSRCADR,68,sms,"",2
"33404","2026-10-01","01",false,movisen,1,0,false,true,false,ESME_RINVSRCADR,115,sms,"",1
"33404","2026-10-01","01",false,movisen,1,0,false,true,false,ESME_RINVSRCADR,137,sms,"",1
"33404","2026-10-01","01",false,movisen,1,0,false,true,false,ESME_RINVSRCADR,141,sms,"",1
"33404","2026-10-01","01",false,movisen,1,0,false,true,false,ESME_RINVSRCADR,153,sms,"",1
"33404","2026-10-01","01",false,movisen,2,1,false,true,false,ESME_RINVSRCADR,153,sms,"",1
"33404","2026-10-01","01",false,movisen,2,2,false,true,false,ESME_RINVSRCADR,10,sms,"",1
"33404","2026-10-01","02",false,alestra,1,0,false,true,false,ESME_RINVSRCADR,158,sms,"",1
"33404","2026-10-01","02",false,movisen,1,0,false,true,false,ESME_RINVSRCADR,69,sms,"",1
"33404","2026-10-01","02",false,movisen,1,0,false,true,false,ESME_RINVSRCADR,133,sms,"",1
"33404","2026-10-01","03",false,alestra,1,0,false,true,false,ESME_RINVSRCADR,138,sms,"",1
"33404","2026-10-01","03",false,alestra,1,0,false,true,false,ESME_RINVSRCADR,142,sms,"",2
"33404","2026-10-01","03",false,alestra,1,0,false,true,false,ESME_RINVSRCADR,152,sms,"",1
"33404","2026-10-01","03",false,movisen,1,0,false,true,false,ESME_RINVSRCADR,96,sms,"",1
"33404","2026-10-01","03",false,movisen,1,0,false,true,false,ESME_RINVSRCADR,119,sms,"",1
"33404","2026-10-01","03",false,movisen,1,0,false,true,false,ESME_RINVSRCADR,136,sms,"",1
"33404","2026-10-01","03",false,movisen,1,0,false,true,false,ESME_RINVSRCADR,137,sms,"",1
"33404","2026-10-01","03",false,movisen,1,0,false,true,false,ESME_RINVSRCADR,141,sms,"",1
"33404","2026-10-01","03",false,movisen,2,1,false,true,false,ESME_RINVSRCADR,153,sms,"",2
"33404","2026-10-01","03",false,movisen,2,2,false,true,false,ESME_RINVSRCADR,10,sms,"",2
"33404","2026-10-01","04",false,alestra,1,0,false,true,false,ESME_RINVSRCADR,142,sms,"",1
"33404","2026-10-01","04",false,movisen,1,0,false,true,false,ESME_RINVSRCADR,30,sms,"",3
"33404","2026-10-01","04",false,movisen,1,0,false,true,false,ESME_RINVSRCADR,115,sms,"",2
"33404","2026-10-01","05",false,alestra,1,0,false,true,false,ESME_RINVSRCADR,14,sms,"",2
"33404","2026-10-01","05",false,movisen,2,1,false,true,false,ESME_RINVSRCADR,153,sms,"",1
"33404","2026-10-01","05",false,movisen,2,2,false,true,false,ESME_RINVSRCADR,10,sms,"",1
"33404","2026-10-01","06",false,alestra,1,0,false,true,false,ESME_RINVSRCADR,129,sms,"",2
"33404","2026-10-01","06",false,alestra,1,0,false,true,false,ESME_RINVSRCADR,158,sms,"",3
"33404","2026-10-01","07",false,alestra,1,0,false,true,false,ESME_RINVSRCADR,151,sms,"",1
"33404","2026-10-01","07",false,alestra,1,0,false,true,false,ESME_RINVSRCADR,155,sms,"",2
"33404","2026-10-01","07",false,movisen,1,0,false,true,false,ESME_RINVSRCADR,115,sms,"",1
"33404","2026-10-01","08",false,alestra,1,0,false,true,false,ESME_RINVSRCADR,137,sms,"",1
"33404","2026-10-01","08",false,alestra,1,0,false,true,false,ESME_RINVSRCADR,155,sms,"",1
"33404","2026-10-01","10",false,movisen,1,0,false,true,false,ESME_RINVSRCADR,115,sms,"",1
"33404","2026-10-01","11",false,alestra,1,0,false,true,false,ESME_RINVSRCADR,10,sms,"",1
"33404","2026-10-01","11",false,alestra,1,0,false,true,false,ESME_RINVSRCADR,50,sms,"",1
"33404","2026-10-01","11",false,alestra,1,0,false,true,false,ESME_RINVSRCADR,137,sms,"",1
"33404","2026-10-01","11",false,movisen,1,0,false,true,false,ESME_RINVSRCADR,158,sms,"",2
"33404","2026-10-01","12",false,movisen,1,0,false,true,false,ESME_RINVSRCADR,115,sms,"",1
"33404","2026-10-01","12",false,movisen,1,0,false,true,false,ESME_RINVSRCADR,158,sms,"",1
"334050","2026-10-01","01",true,GW_ROBOT_TELCEL_SENDER,2,1,false,false,false,"",153,sms,rob2tel,5
"334050","2026-10-01","01",true,GW_ROBOT_TELCEL_SENDER,2,2,false,false,false,"",135,sms,rob2tel,2
"334050","2026-10-01","01",true,GW_ROBOT_TELCEL_SENDER,2,2,false,false,false,"",136,sms,rob2tel,3
"334050","2026-10-01","01",true,MENSAJERIA_MEXICO_OPENIP,2,1,false,false,false,"",153,sms,openipsms,14
"334050","2026-10-01","01",true,MENSAJERIA_MEXICO_OPENIP,2,2,false,false,false,"",135,sms,openipsms,5
"334050","2026-10-01","01",true,MENSAJERIA_MEXICO_OPENIP,2,2,false,false,false,"",136,sms,openipsms,8
"334050","2026-10-01","01",true,MENSAJERIA_MEXICO_OPENIP,2,2,false,false,false,"",150,sms,openipsms,1
"334050","2026-10-01","02",true,MENSAJERIA_MEXICO_OPENIP,2,1,false,false,false,"",153,sms,openipsms,5
"334050","2026-10-01","02",true,MENSAJERIA_MEXICO_OPENIP,2,2,false,false,false,"",136,sms,openipsms,2
"334050","2026-10-01","02",true,MENSAJERIA_MEXICO_OPENIP,2,2,false,false,false,"",150,sms,openipsms,2
"334050","2026-10-01","02",true,MENSAJERIA_MEXICO_OPENIP,2,2,false,false,false,"",151,sms,openipsms,1
"334070","2026-10-01","00",false,alestra,1,0,false,true,false,ESME_RINVSRCADR,142,sms,"",2
"334070","2026-10-01","00",false,alestra,1,0,false,true,false,ESME_RINVSRCADR,152,sms,"",1
"334070","2026-10-01","00",false,alestra,1,0,false,true,false,ESME_RINVSRCADR,159,sms,"",1
"334070","2026-10-01","00",false,altanrobot,1,0,false,true,false,ESME_RINVSRCADR,136,sms,"",1
"334070","2026-10-01","00",false,altanrobot,1,0,false,true,false,ESME_RINVSRCADR,149,flash,"",1
"334070","2026-10-01","00",false,movisen,1,0,false,true,false,ESME_RINVSRCADR,69,sms,"",1
"334070","2026-10-01","00",false,movisen,1,0,false,true,false,ESME_RINVSRCADR,95,sms,"",1
"334070","2026-10-01","00",false,movisen,1,0,false,true,false,ESME_RINVSRCADR,115,sms,"",1
"334070","2026-10-01","00",false,movisen,2,1,false,true,false,ESME_RINVSRCADR,153,sms,"",1
"334070","2026-10-01","00",false,movisen,2,2,false,true,false,ESME_RINVSRCADR,10,sms,"",1
"334070","2026-10-01","00",false,movistarrob,1,0,false,true,false,ESME_RINVDSTADR,140,sms,"",61
"334070","2026-10-01","00",false,movistarrob,1,0,false,true,false,ESME_RINVDSTADR,144,sms,"",1
"334070","2026-10-01","00",false,movistarrob,1,0,false,true,false,ESME_RINVDSTADR,147,sms,"",3
"334070","2026-10-01","00",false,movistarrob,1,0,false,true,false,ESME_RINVDSTADR,148,sms,"",4
"334070","2026-10-01","00",false,movistarrob,1,0,false,true,false,ESME_RINVDSTADR,150,sms,"",3
"334070","2026-10-01","00",false,movistarrob,1,0,false,true,false,ESME_RINVDSTADR,151,sms,"",17
"334070","2026-10-01","01",false,altanrobot,1,0,false,true,false,ESME_RINVSRCADR,136,flash,"",1
"334070","2026-10-01","01",false,altanrobot,1,0,false,true,false,ESME_RINVSRCADR,136,sms,"",1
"334070","2026-10-01","01",false,altanrobot,1,0,false,true,false,ESME_RINVSRCADR,149,flash,"",2
"334070","2026-10-01","01",false,movisen,1,0,false,true,false,ESME_RINVSRCADR,68,sms,"",4
"334070","2026-10-01","01",false,movisen,1,0,false,true,false,ESME_RINVSRCADR,69,sms,"",1
"334070","2026-10-01","01",false,movisen,1,0,false,true,false,ESME_RINVSRCADR,115,sms,"",4
"334070","2026-10-01","01",false,movisen,1,0,false,true,false,ESME_RINVSRCADR,130,sms,"",1
"334070","2026-10-01","01",false,movisen,1,0,false,true,false,ESME_RINVSRCADR,133,sms,"",1
"334070","2026-10-01","01",false,movisen,1,0,false,true,false,ESME_RINVSRCADR,151,sms,"",2
"334070","2026-10-01","01",false,movisen,1,0,false,true,false,ESME_RINVSRCADR,155,sms,"",1
"334070","2026-10-01","01",false,movisen,1,0,false,true,false,ESME_RINVSRCADR,156,sms,"",1
"334070","2026-10-01","01",false,movisen,2,1,false,true,false,ESME_RINVSRCADR,153,sms,"",3
"334070","2026-10-01","01",false,movisen,2,2,false,true,false,ESME_RINVSRCADR,10,sms,"",3
"334070","2026-10-01","01",false,movistarrob,1,0,false,true,false,ESME_RINVDSTADR,140,sms,"",18
"334070","2026-10-01","01",false,movistarrob,1,0,false,true,false,ESME_RINVDSTADR,147,sms,"",1
"334070","2026-10-01","01",false,movistarrob,1,0,false,true,false,ESME_RINVDSTADR,148,sms,"",1
"334070","2026-10-01","01",false,movistarrob,1,0,false,true,false,ESME_RINVDSTADR,149,sms,"",3
"334070","2026-10-01","01",false,movistarrob,1,0,false,true,false,ESME_RINVDSTADR,150,sms,"",7
"334070","2026-10-01","01",false,movistarrob,1,0,false,true,false,ESME_RINVDSTADR,151,sms,"",17
"334070","2026-10-01","01",false,movistarrob,1,0,false,true,false,ESME_RINVDSTADR,152,sms,"",9
"334070","2026-10-01","01",false,movistarrob,1,0,false,true,false,ESME_RINVDSTADR,153,sms,"",9
"334070","2026-10-01","01",false,movistarrob,1,0,false,true,false,ESME_RINVDSTADR,154,sms,"",6
"334070","2026-10-01","01",false,movistarrob,1,0,false,true,false,ESME_RINVDSTADR,155,sms,"",3
"334070","2026-10-01","01",false,movistarrob,1,0,false,true,false,ESME_RINVDSTADR,156,sms,"",3
"334070","2026-10-01","01",false,movistarrob,1,0,false,true,false,ESME_RINVDSTADR,157,sms,"",1
"334070","2026-10-01","02",false,altanrobot,1,0,false,true,false,ESME_RINVSRCADR,136,flash,"",1
"334070","2026-10-01","02",false,altanrobot,1,0,false,true,false,ESME_RINVSRCADR,136,sms,"",1
"334070","2026-10-01","02",false,movisen,1,0,false,true,false,ESME_RINVSRCADR,41,sms,"",1
"334070","2026-10-01","02",false,movisen,1,0,false,true,false,ESME_RINVSRCADR,68,sms,"",2
"334070","2026-10-01","02",false,movisen,1,0,false,true,false,ESME_RINVSRCADR,115,sms,"",1
"334070","2026-10-01","02",false,movisen,2,1,false,true,false,ESME_RINVSRCADR,153,sms,"",1
"334070","2026-10-01","02",false,movisen,2,1,true,true,false,ESME_RINVSRCADR,67,sms,"",1
"334070","2026-10-01","02",false,movisen,2,2,false,true,false,ESME_RINVSRCADR,10,sms,"",1
"334070","2026-10-01","02",false,movisen,2,2,true,true,false,ESME_RINVSRCADR,11,sms,"",1
"334070","2026-10-01","03",false,alestra,1,0,false,true,false,ESME_RINVSRCADR,138,sms,"",1
"334070","2026-10-01","03",false,movisen,1,0,false,true,false,ESME_RINVSRCADR,30,sms,"",1
"334070","2026-10-01","03",false,movisen,1,0,false,true,false,ESME_RINVSRCADR,41,sms,"",1
"334070","2026-10-01","03",false,movisen,1,0,false,true,false,ESME_RINVSRCADR,69,sms,"",2
"334070","2026-10-01","03",false,movisen,2,1,false,true,false,ESME_RINVSRCADR,151,sms,"",1
"334070","2026-10-01","03",false,movisen,2,2,false,true,false,ESME_RINVSRCADR,91,sms,"",1
"334070","2026-10-01","04",false,alestra,1,0,false,true,false,ESME_RINVSRCADR,14,sms,"",1
"334070","2026-10-01","04",false,alestra,1,0,false,true,false,ESME_RINVSRCADR,137,sms,"",1
"334070","2026-10-01","04",false,alestra,1,0,false,true,false,ESME_RINVSRCADR,142,sms,"",1
"334070","2026-10-01","04",false,movisen,1,0,false,true,false,ESME_RINVSRCADR,115,sms,"",1
"334070","2026-10-01","04",false,movisen,1,0,false,true,false,ESME_RINVSRCADR,131,sms,"",1
"334070","2026-10-01","04",false,movisen,1,0,false,true,false,ESME_RINVSRCADR,141,sms,"",1
"334070","2026-10-01","04",false,movisen,2,1,false,true,false,ESME_RINVSRCADR,153,sms,"",2
"334070","2026-10-01","04",false,movisen,2,2,false,true,false,ESME_RINVSRCADR,10,sms,"",2
"334070","2026-10-01","05",false,movisen,1,0,false,true,false,ESME_RINVSRCADR,115,sms,"",2
"334070","2026-10-01","05",false,movisen,1,0,false,true,false,ESME_RINVSRCADR,133,sms,"",1
"334070","2026-10-01","06",false,alestra,1,0,false,true,false,ESME_RINVSRCADR,129,sms,"",1
"334070","2026-10-01","06",false,alestra,1,0,false,true,false,ESME_RINVSRCADR,158,sms,"",1
"334070","2026-10-01","06",false,movisen,1,0,false,true,false,ESME_RINVSRCADR,115,sms,"",2
"334070","2026-10-01","07",false,alestra,1,0,false,true,false,ESME_RINVSRCADR,155,sms,"",1
"334070","2026-10-01","07",false,movisen,1,0,false,true,false,ESME_RINVSRCADR,115,sms,"",2
"334070","2026-10-01","07",false,movisen,1,0,false,true,false,ESME_RINVSRCADR,119,sms,"",1
"334070","2026-10-01","08",false,movisen,1,0,false,true,false,ESME_RINVSRCADR,115,sms,"",1
"334070","2026-10-01","10",false,movisen,1,0,false,true,false,ESME_RINVSRCADR,115,sms,"",1
"334070","2026-10-01","10",false,movisen,1,0,false,true,false,ESME_RINVSRCADR,131,sms,"",1
"334070","2026-10-01","10",false,movisen,1,0,false,true,false,ESME_RINVSRCADR,158,sms,"",1
"334070","2026-10-01","10",false,movisen,1,0,false,true,false,ESME_RINVSRCADR,159,sms,"",1
"334070","2026-10-01","11",false,alestra,1,0,false,true,false,ESME_RINVSRCADR,10,sms,"",1
"334070","2026-10-01","11",false,alestra,1,0,false,true,false,ESME_RINVSRCADR,14,sms,"",1
"334070","2026-10-01","11",false,movisen,1,0,false,true,false,ESME_RINVSRCADR,158,sms,"",1
"334070","2026-10-01","12",false,movisen,1,0,false,true,false,ESME_RINVSRCADR,30,sms,"",2
"334070","2026-10-01","12",false,movisen,1,0,false,true,false,ESME_RINVSRCADR,97,sms,"",1
"334070","2026-10-01","12",false,movisen,1,0,false,true,false,ESME_RINVSRCADR,127,sms,"",1
"334070","2026-10-01","12",false,movisen,1,0,false,true,false,ESME_RINVSRCADR,141,sms,"",1
"334070","2026-10-01","12",false,movisen,1,0,false,true,false,ESME_RINVSRCADR,158,sms,"",2
"334140","2026-10-01","01",true,GW_ROBOT_TELCEL_SENDER,2,1,false,false,false,"",153,sms,rob2tel,1
"334140","2026-10-01","01",true,GW_ROBOT_TELCEL_SENDER,2,2,false,false,false,"",135,sms,rob2tel,1
"334140","2026-10-01","01",true,MENSAJERIA_MEXICO_OPENIP,2,1,false,false,false,"",153,sms,openipsms,1
"334140","2026-10-01","01",true,MENSAJERIA_MEXICO_OPENIP,2,2,false,false,false,"",135,sms,openipsms,1
"334140","2026-10-01","02",true,GW_ROBOT_TELCEL_SENDER,2,1,false,false,false,"",153,sms,rob2tel,1
"334140","2026-10-01","02",true,GW_ROBOT_TELCEL_SENDER,2,2,false,false,false,"",151,sms,rob2tel,1
"732101","2026-10-01","00",true,WOM-COLOMBIA,1,0,false,false,false,"",117,sms,wom_sms,1
"732101","2026-10-01","00",true,WOM-COLOMBIA,1,0,false,false,false,"",118,sms,wom_sms,3
"732101","2026-10-01","00",true,WOM-COLOMBIA,1,0,false,false,false,"",119,sms,wom_sms,10
"732101","2026-10-01","00",true,WOM-COLOMBIA,1,0,false,false,false,"",122,sms,wom_sms,1
"732101","2026-10-01","00",true,WOM-COLOMBIA,1,0,false,false,false,"",123,sms,wom_sms,6
"732101","2026-10-01","00",true,WOM-COLOMBIA,1,0,false,false,false,"",132,sms,wom_sms,2
"732101","2026-10-01","00",true,WOM-COLOMBIA,2,1,false,false,false,"",153,sms,wom_sms,10
"732101","2026-10-01","00",true,WOM-COLOMBIA,2,1,true,false,false,"",67,sms,wom_sms,1
"732101","2026-10-01","00",true,WOM-COLOMBIA,2,2,false,false,false,"",65,sms,wom_sms,1
"732101","2026-10-01","00",true,WOM-COLOMBIA,2,2,false,false,false,"",67,sms,wom_sms,1
"732101","2026-10-01","00",true,WOM-COLOMBIA,2,2,false,false,false,"",73,sms,wom_sms,1
"732101","2026-10-01","00",true,WOM-COLOMBIA,2,2,false,false,false,"",74,sms,wom_sms,1
"732101","2026-10-01","00",true,WOM-COLOMBIA,2,2,false,false,false,"",75,sms,wom_sms,1
"732101","2026-10-01","00",true,WOM-COLOMBIA,2,2,false,false,false,"",76,sms,wom_sms,1
"732101","2026-10-01","00",true,WOM-COLOMBIA,2,2,false,false,false,"",77,sms,wom_sms,3
"732101","2026-10-01","00",true,WOM-COLOMBIA,2,2,false,false,false,"",78,sms,wom_sms,1
"732101","2026-10-01","00",true,WOM-COLOMBIA,2,2,true,false,false,"",62,sms,wom_sms,1
"732101","2026-10-01","00",true,WOM-OTP-COLOMBIA-MED,1,0,false,false,false,"",33,sms,wom_sms,29
"732101","2026-10-01","00",true,WOM-OTP-COLOMBIA-MED,1,0,false,false,false,"",48,sms,wom_sms,2
"732101","2026-10-01","00",true,WOM-OTP-COLOMBIA-MED,1,0,false,false,false,"",49,sms,wom_sms,2
"732101","2026-10-01","00",true,WOM-OTP-COLOMBIA-MED,1,0,false,false,false,"",51,sms,wom_sms,14
"732101","2026-10-01","00",true,WOM-OTP-COLOMBIA-MED,1,0,false,false,false,"",58,sms,wom_sms,1
"732101","2026-10-01","00",true,WOM-OTP-COLOMBIA-MED,1,0,false,false,false,"",59,sms,wom_sms,2
"732101","2026-10-01","00",true,WOM-OTP-COLOMBIA-MED,1,0,false,false,false,"",74,sms,wom_sms,3
"732101","2026-10-01","00",true,WOM-OTP-COLOMBIA-MED,1,0,false,false,false,"",75,sms,wom_sms,8
"732101","2026-10-01","00",true,WOM-OTP-COLOMBIA-MED,1,0,false,false,false,"",76,sms,wom_sms,3
"732101","2026-10-01","00",true,WOM-OTP-COLOMBIA-MED,1,0,false,false,false,"",77,sms,wom_sms,5
"732101","2026-10-01","00",true,WOM-OTP-COLOMBIA-MED,1,0,false,false,false,"",78,sms,wom_sms,8
"732101","2026-10-01","00",true,WOM-OTP-COLOMBIA-MED,1,0,false,false,false,"",79,sms,wom_sms,4
"732101","2026-10-01","00",true,WOM-OTP-COLOMBIA-MED,1,0,false,false,false,"",80,sms,wom_sms,4
"732101","2026-10-01","00",true,WOM-OTP-COLOMBIA-MED,1,0,false,false,false,"",81,sms,wom_sms,5
"732101","2026-10-01","00",true,WOM-OTP-COLOMBIA-MED,1,0,false,false,false,"",82,sms,wom_sms,1
"732101","2026-10-01","00",true,WOM-OTP-COLOMBIA-MED,1,0,false,false,false,"",83,sms,wom_sms,8
"732101","2026-10-01","00",true,WOM-OTP-COLOMBIA-MED,1,0,false,false,false,"",85,sms,wom_sms,6
"732101","2026-10-01","00",true,WOM-OTP-COLOMBIA-MED,1,0,false,false,false,"",86,sms,wom_sms,2
"732101","2026-10-01","00",true,WOM-OTP-COLOMBIA-MED,1,0,false,false,false,"",94,sms,wom_sms,6
"732101","2026-10-01","00",true,WOM-OTP-COLOMBIA-MED,1,0,false,false,false,"",100,sms,wom_sms,27
"732101","2026-10-01","00",true,WOM-OTP-COLOMBIA-MED,1,0,false,false,false,"",102,sms,wom_sms,10
"732101","2026-10-01","00",true,WOM-OTP-COLOMBIA-MED,1,0,false,false,false,"",104,sms,wom_sms,12
"732101","2026-10-01","00",true,WOM-OTP-COLOMBIA-MED,1,0,false,false,false,"",109,sms,wom_sms,1
"732101","2026-10-01","00",true,WOM-OTP-COLOMBIA-MED,1,0,false,false,false,"",113,sms,wom_sms,2
"732101","2026-10-01","00",true,WOM-OTP-COLOMBIA-MED,1,0,false,false,false,"",115,sms,wom_sms,7
"732101","2026-10-01","00",true,WOM-OTP-COLOMBIA-MED,1,0,false,false,false,"",119,sms,wom_sms,1
"732101","2026-10-01","00",true,WOM-OTP-COLOMBIA-MED,1,0,false,false,false,"",124,sms,wom_sms,2
"732101","2026-10-01","00",true,WOM-OTP-COLOMBIA-MED,1,0,false,false,false,"",126,sms,wom_sms,1
"732101","2026-10-01","00",true,WOM-OTP-COLOMBIA-MED,1,0,false,false,false,"",128,sms,wom_sms,15
"732101","2026-10-01","00",true,WOM-OTP-COLOMBIA-MED,1,0,false,false,false,"",134,sms,wom_sms,9
"732101","2026-10-01","00",true,WOM-OTP-COLOMBIA-MED,1,0,false,false,false,"",135,sms,wom_sms,4
"732101","2026-10-01","00",true,WOM-OTP-COLOMBIA-MED,1,0,false,false,false,"",137,sms,wom_sms,2
"732101","2026-10-01","00",true,WOM-OTP-COLOMBIA-MED,1,0,false,false,false,"",138,sms,wom_sms,6
"732101","2026-10-01","00",true,WOM-OTP-COLOMBIA-MED,1,0,false,false,false,"",139,sms,wom_sms,6
"732101","2026-10-01","00",true,WOM-OTP-COLOMBIA-MED,1,0,false,false,false,"",140,sms,wom_sms,15
"732101","2026-10-01","00",true,WOM-OTP-COLOMBIA-MED,1,0,false,false,false,"",141,sms,wom_sms,7
"732101","2026-10-01","00",true,WOM-OTP-COLOMBIA-MED,1,0,false,false,false,"",144,sms,wom_sms,1
"732101","2026-10-01","00",true,WOM-OTP-COLOMBIA-MED,1,0,false,false,false,"",146,sms,wom_sms,3
"732101","2026-10-01","00",true,WOM-OTP-COLOMBIA-MED,1,0,false,false,false,"",147,sms,wom_sms,2
"732101","2026-10-01","00",true,WOM-OTP-COLOMBIA-MED,1,0,false,false,false,"",148,sms,wom_sms,2
"732101","2026-10-01","00",true,WOM-OTP-COLOMBIA-MED,1,0,false,false,false,"",149,sms,wom_sms,1
"732101","2026-10-01","00",true,WOM-OTP-COLOMBIA-MED,1,0,false,false,false,"",153,sms,wom_sms,1
"732101","2026-10-01","01",true,WOM-COLOMBIA,1,0,false,false,false,"",88,sms,wom_sms,1
"732101","2026-10-01","01",true,WOM-COLOMBIA,1,0,false,false,false,"",118,sms,wom_sms,1
"732101","2026-10-01","01",true,WOM-COLOMBIA,1,0,false,false,false,"",123,sms,wom_sms,1
"732101","2026-10-01","01",true,WOM-COLOMBIA,1,0,false,false,false,"",125,sms,wom_sms,1
"732101","2026-10-01","01",true,WOM-COLOMBIA,2,1,false,false,false,"",153,sms,wom_sms,3
"732101","2026-10-01","01",true,WOM-COLOMBIA,2,2,false,false,false,"",77,sms,wom_sms,1
"732101","2026-10-01","01",true,WOM-COLOMBIA,2,2,false,false,false,"",78,sms,wom_sms,1
"732101","2026-10-01","01",true,WOM-COLOMBIA,2,2,false,false,false,"",88,sms,wom_sms,1
"732101","2026-10-01","01",true,WOM-OTP-COLOMBIA-MED,1,0,false,false,false,"",33,sms,wom_sms,12
"732101","2026-10-01","01",true,WOM-OTP-COLOMBIA-MED,1,0,false,false,false,"",49,sms,wom_sms,4
"732101","2026-10-01","01",true,WOM-OTP-COLOMBIA-MED,1,0,false,false,false,"",51,sms,wom_sms,6
"732101","2026-10-01","01",true,WOM-OTP-COLOMBIA-MED,1,0,false,false,false,"",55,sms,wom_sms,1
"732101","2026-10-01","01",true,WOM-OTP-COLOMBIA-MED,1,0,false,false,false,"",70,sms,wom_sms,2
"732101","2026-10-01","01",true,WOM-OTP-COLOMBIA-MED,1,0,false,false,false,"",74,sms,wom_sms,2
"732101","2026-10-01","01",true,WOM-OTP-COLOMBIA-MED,1,0,false,false,false,"",75,sms,wom_sms,8
"732101","2026-10-01","01",true,WOM-OTP-COLOMBIA-MED,1,0,false,false,false,"",76,sms,wom_sms,6
"732101","2026-10-01","01",true,WOM-OTP-COLOMBIA-MED,1,0,false,false,false,"",77,sms,wom_sms,4
"732101","2026-10-01","01",true,WOM-OTP-COLOMBIA-MED,1,0,false,false,false,"",78,sms,wom_sms,6
"732101","2026-10-01","01",true,WOM-OTP-COLOMBIA-MED,1,0,false,false,false,"",79,sms,wom_sms,3
"732101","2026-10-01","01",true,WOM-OTP-COLOMBIA-MED,1,0,false,false,false,"",80,sms,wom_sms,4
"732101","2026-10-01","01",true,WOM-OTP-COLOMBIA-MED,1,0,false,false,false,"",81,sms,wom_sms,2
"732101","2026-10-01","01",true,WOM-OTP-COLOMBIA-MED,1,0,false,false,false,"",82,sms,wom_sms,3
"732101","2026-10-01","01",true,WOM-OTP-COLOMBIA-MED,1,0,false,false,false,"",83,sms,wom_sms,5
"732101","2026-10-01","01",true,WOM-OTP-COLOMBIA-MED,1,0,false,false,false,"",85,sms,wom_sms,5
"732101","2026-10-01","01",true,WOM-OTP-COLOMBIA-MED,1,0,false,false,false,"",86,sms,wom_sms,2
"732101","2026-10-01","01",true,WOM-OTP-COLOMBIA-MED,1,0,false,false,false,"",100,sms,wom_sms,16
"732101","2026-10-01","01",true,WOM-OTP-COLOMBIA-MED,1,0,false,false,false,"",102,sms,wom_sms,5
"732101","2026-10-01","01",true,WOM-OTP-COLOMBIA-MED,1,0,false,false,false,"",104,sms,wom_sms,22
"732101","2026-10-01","01",true,WOM-OTP-COLOMBIA-MED,1,0,false,false,false,"",113,sms,wom_sms,3
"732101","2026-10-01","01",true,WOM-OTP-COLOMBIA-MED,1,0,false,false,false,"",115,sms,wom_sms,6
"732101","2026-10-01","01",true,WOM-OTP-COLOMBIA-MED,1,0,false,false,false,"",116,sms,wom_sms,5
"732101","2026-10-01","01",true,WOM-OTP-COLOMBIA-MED,1,0,false,false,false,"",124,sms,wom_sms,8
"732101","2026-10-01","01",true,WOM-OTP-COLOMBIA-MED,1,0,false,false,false,"",126,sms,wom_sms,1
"732101","2026-10-01","01",true,WOM-OTP-COLOMBIA-MED,1,0,false,false,false,"",128,sms,wom_sms,11
"732101","2026-10-01","01",true,WOM-OTP-COLOMBIA-MED,1,0,false,false,false,"",134,sms,wom_sms,12
"732101","2026-10-01","01",true,WOM-OTP-COLOMBIA-MED,1,0,false,false,false,"",135,sms,wom_sms,7
"732101","2026-10-01","01",true,WOM-OTP-COLOMBIA-MED,1,0,false,false,false,"",137,sms,wom_sms,1
"732101","2026-10-01","01",true,WOM-OTP-COLOMBIA-MED,1,0,false,false,false,"",138,sms,wom_sms,17
"732101","2026-10-01","01",true,WOM-OTP-COLOMBIA-MED,1,0,false,false,false,"",139,sms,wom_sms,5
"732101","2026-10-01","01",true,WOM-OTP-COLOMBIA-MED,1,0,false,false,false,"",140,sms,wom_sms,9
"732101","2026-10-01","01",true,WOM-OTP-COLOMBIA-MED,1,0,false,false,false,"",141,sms,wom_sms,13
"732101","2026-10-01","01",true,WOM-OTP-COLOMBIA-MED,1,0,false,false,false,"",143,sms,wom_sms,1
"732101","2026-10-01","01",true,WOM-OTP-COLOMBIA-MED,1,0,false,false,false,"",144,sms,wom_sms,1
"732101","2026-10-01","01",true,WOM-OTP-COLOMBIA-MED,1,0,false,false,false,"",146,sms,wom_sms,3
"732101","2026-10-01","01",true,WOM-OTP-COLOMBIA-MED,1,0,false,false,false,"",147,sms,wom_sms,4
"732101","2026-10-01","01",true,WOM-OTP-COLOMBIA-MED,1,0,false,false,false,"",148,sms,wom_sms,2
"732101","2026-10-01","01",true,WOM-OTP-COLOMBIA-MED,1,0,false,false,false,"",153,sms,wom_sms,2
"732101","2026-10-01","02",true,WOM-OTP-COLOMBIA-MED,1,0,false,false,false,"",33,sms,wom_sms,7
"732101","2026-10-01","02",true,WOM-OTP-COLOMBIA-MED,1,0,false,false,false,"",49,sms,wom_sms,7
"732101","2026-10-01","02",true,WOM-OTP-COLOMBIA-MED,1,0,false,false,false,"",51,sms,wom_sms,7
"732101","2026-10-01","02",true,WOM-OTP-COLOMBIA-MED,1,0,false,false,false,"",55,sms,wom_sms,1
"732101","2026-10-01","02",true,WOM-OTP-COLOMBIA-MED,1,0,false,false,false,"",73,sms,wom_sms,1
"732101","2026-10-01","02",true,WOM-OTP-COLOMBIA-MED,1,0,false,false,false,"",74,sms,wom_sms,7
"732101","2026-10-01","02",true,WOM-OTP-COLOMBIA-MED,1,0,false,false,false,"",75,sms,wom_sms,6
"732101","2026-10-01","02",true,WOM-OTP-COLOMBIA-MED,1,0,false,false,false,"",76,sms,wom_sms,8
"732101","2026-10-01","02",true,WOM-OTP-COLOMBIA-MED,1,0,false,false,false,"",77,sms,wom_sms,8
"732101","2026-10-01","02",true,WOM-OTP-COLOMBIA-MED,1,0,false,false,false,"",78,sms,wom_sms,1
"732101","2026-10-01","02",true,WOM-OTP-COLOMBIA-MED,1,0,false,false,false,"",79,sms,wom_sms,4
"732101","2026-10-01","02",true,WOM-OTP-COLOMBIA-MED,1,0,false,false,false,"",80,sms,wom_sms,3
"732101","2026-10-01","02",true,WOM-OTP-COLOMBIA-MED,1,0,false,false,false,"",81,sms,wom_sms,5
"732101","2026-10-01","02",true,WOM-OTP-COLOMBIA-MED,1,0,false,false,false,"",82,sms,wom_sms,4
"732101","2026-10-01","02",true,WOM-OTP-COLOMBIA-MED,1,0,false,false,false,"",83,sms,wom_sms,5
"732101","2026-10-01","02",true,WOM-OTP-COLOMBIA-MED,1,0,false,false,false,"",84,sms,wom_sms,1
"732101","2026-10-01","02",true,WOM-OTP-COLOMBIA-MED,1,0,false,false,false,"",85,sms,wom_sms,5
"732101","2026-10-01","02",true,WOM-OTP-COLOMBIA-MED,1,0,false,false,false,"",100,sms,wom_sms,13
"732101","2026-10-01","02",true,WOM-OTP-COLOMBIA-MED,1,0,false,false,false,"",101,sms,wom_sms,1
"732101","2026-10-01","02",true,WOM-OTP-COLOMBIA-MED,1,0,false,false,false,"",102,sms,wom_sms,8
"732101","2026-10-01","02",true,WOM-OTP-COLOMBIA-MED,1,0,false,false,false,"",104,sms,wom_sms,15
"732101","2026-10-01","02",true,WOM-OTP-COLOMBIA-MED,1,0,false,false,false,"",113,sms,wom_sms,5
"732101","2026-10-01","02",true,WOM-OTP-COLOMBIA-MED,1,0,false,false,false,"",115,sms,wom_sms,7
"732101","2026-10-01","02",true,WOM-OTP-COLOMBIA-MED,1,0,false,false,false,"",116,sms,wom_sms,1
"732101","2026-10-01","02",true,WOM-OTP-COLOMBIA-MED,1,0,false,false,false,"",128,sms,wom_sms,9
"732101","2026-10-01","02",true,WOM-OTP-COLOMBIA-MED,1,0,false,false,false,"",134,sms,wom_sms,4
"732101","2026-10-01","02",true,WOM-OTP-COLOMBIA-MED,1,0,false,false,false,"",135,sms,wom_sms,1
"732101","2026-10-01","02",true,WOM-OTP-COLOMBIA-MED,1,0,false,false,false,"",137,sms,wom_sms,4
"732101","2026-10-01","02",true,WOM-OTP-COLOMBIA-MED,1,0,false,false,false,"",138,sms,wom_sms,6
"732101","2026-10-01","02",true,WOM-OTP-COLOMBIA-MED,1,0,false,false,false,"",139,sms,wom_sms,1
"732101","2026-10-01","02",true,WOM-OTP-COLOMBIA-MED,1,0,false,false,false,"",140,sms,wom_sms,3
"732101","2026-10-01","02",true,WOM-OTP-COLOMBIA-MED,1,0,false,false,false,"",141,sms,wom_sms,2
"732101","2026-10-01","02",true,WOM-OTP-COLOMBIA-MED,1,0,false,false,false,"",147,sms,wom_sms,1
"732101","2026-10-01","02",true,WOM-OTP-COLOMBIA-MED,1,0,false,false,false,"",148,sms,wom_sms,1
"732101","2026-10-01","02",true,WOM-OTP-COLOMBIA-MED,1,0,false,false,false,"",153,sms,wom_sms,2
"732101","2026-10-01","03",true,WOM-OTP-COLOMBIA-MED,1,0,false,false,false,"",33,sms,wom_sms,2
"732101","2026-10-01","03",true,WOM-OTP-COLOMBIA-MED,1,0,false,false,false,"",49,sms,wom_sms,4
"732101","2026-10-01","03",true,WOM-OTP-COLOMBIA-MED,1,0,false,false,false,"",51,sms,wom_sms,4
"732101","2026-10-01","03",true,WOM-OTP-COLOMBIA-MED,1,0,false,false,false,"",54,sms,wom_sms,1
"732101","2026-10-01","03",true,WOM-OTP-COLOMBIA-MED,1,0,false,false,false,"",73,sms,wom_sms,2
"732101","2026-10-01","03",true,WOM-OTP-COLOMBIA-MED,1,0,false,false,false,"",74,sms,wom_sms,1
"732101","2026-10-01","03",true,WOM-OTP-COLOMBIA-MED,1,0,false,false,false,"",75,sms,wom_sms,3
"732101","2026-10-01","03",true,WOM-OTP-COLOMBIA-MED,1,0,false,false,false,"",76,sms,wom_sms,4
"732101","2026-10-01","03",true,WOM-OTP-COLOMBIA-MED,1,0,false,false,false,"",77,sms,wom_sms,4
"732101","2026-10-01","03",true,WOM-OTP-COLOMBIA-MED,1,0,false,false,false,"",78,sms,wom_sms,7
"732101","2026-10-01","03",true,WOM-OTP-COLOMBIA-MED,1,0,false,false,false,"",79,sms,wom_sms,2
"732101","2026-10-01","03",true,WOM-OTP-COLOMBIA-MED,1,0,false,false,false,"",80,sms,wom_sms,3
"732101","2026-10-01","03",true,WOM-OTP-COLOMBIA-MED,1,0,false,false,false,"",81,sms,wom_sms,3
"732101","2026-10-01","03",true,WOM-OTP-COLOMBIA-MED,1,0,false,false,false,"",82,sms,wom_sms,3
"732101","2026-10-01","03",true,WOM-OTP-COLOMBIA-MED,1,0,false,false,false,"",84,sms,wom_sms,1
"732101","2026-10-01","03",true,WOM-OTP-COLOMBIA-MED,1,0,false,false,false,"",85,sms,wom_sms,2
"732101","2026-10-01","03",true,WOM-OTP-COLOMBIA-MED,1,0,false,false,false,"",86,sms,wom_sms,1
"732101","2026-10-01","03",true,WOM-OTP-COLOMBIA-MED,1,0,false,false,false,"",87,sms,wom_sms,1
"732101","2026-10-01","03",true,WOM-OTP-COLOMBIA-MED,1,0,false,false,false,"",88,sms,wom_sms,1
"732101","2026-10-01","03",true,WOM-OTP-COLOMBIA-MED,1,0,false,false,false,"",100,sms,wom_sms,7
"732101","2026-10-01","03",true,WOM-OTP-COLOMBIA-MED,1,0,false,false,false,"",102,sms,wom_sms,8
"732101","2026-10-01","03",true,WOM-OTP-COLOMBIA-MED,1,0,false,false,false,"",104,sms,wom_sms,17
"732101","2026-10-01","03",true,WOM-OTP-COLOMBIA-MED,1,0,false,false,false,"",113,sms,wom_sms,2
"732101","2026-10-01","03",true,WOM-OTP-COLOMBIA-MED,1,0,false,false,false,"",115,sms,wom_sms,7
"732101","2026-10-01","03",true,WOM-OTP-COLOMBIA-MED,1,0,false,false,false,"",116,sms,wom_sms,1
"732101","2026-10-01","03",true,WOM-OTP-COLOMBIA-MED,1,0,false,false,false,"",128,sms,wom_sms,5
"732101","2026-10-01","03",true,WOM-OTP-COLOMBIA-MED,1,0,false,false,false,"",134,sms,wom_sms,2
"732101","2026-10-01","03",true,WOM-OTP-COLOMBIA-MED,1,0,false,false,false,"",135,sms,wom_sms,1
"732101","2026-10-01","03",true,WOM-OTP-COLOMBIA-MED,1,0,false,false,false,"",137,sms,wom_sms,4
"732101","2026-10-01","03",true,WOM-OTP-COLOMBIA-MED,1,0,false,false,false,"",138,sms,wom_sms,11
"732101","2026-10-01","03",true,WOM-OTP-COLOMBIA-MED,1,0,false,false,false,"",139,sms,wom_sms,3
"732101","2026-10-01","03",true,WOM-OTP-COLOMBIA-MED,1,0,false,false,false,"",141,sms,wom_sms,12
"732101","2026-10-01","03",true,WOM-OTP-COLOMBIA-MED,1,0,false,false,false,"",147,sms,wom_sms,3
"732101","2026-10-01","03",true,WOM-OTP-COLOMBIA-MED,1,0,false,false,false,"",148,sms,wom_sms,1
"732101","2026-10-01","03",true,WOM-OTP-COLOMBIA-MED,1,0,false,false,false,"",149,sms,wom_sms,1
"732101","2026-10-01","04",true,WOM-OTP-COLOMBIA-MED,1,0,false,false,false,"",33,sms,wom_sms,1
"732101","2026-10-01","04",true,WOM-OTP-COLOMBIA-MED,1,0,false,false,false,"",49,sms,wom_sms,3
"732101","2026-10-01","04",true,WOM-OTP-COLOMBIA-MED,1,0,false,false,false,"",51,sms,wom_sms,1
"732101","2026-10-01","04",true,WOM-OTP-COLOMBIA-MED,1,0,false,false,false,"",55,sms,wom_sms,1
"732101","2026-10-01","04",true,WOM-OTP-COLOMBIA-MED,1,0,false,false,false,"",73,sms,wom_sms,2
"732101","2026-10-01","04",true,WOM-OTP-COLOMBIA-MED,1,0,false,false,false,"",75,sms,wom_sms,1
"732101","2026-10-01","04",true,WOM-OTP-COLOMBIA-MED,1,0,false,false,false,"",76,sms,wom_sms,2
"732101","2026-10-01","04",true,WOM-OTP-COLOMBIA-MED,1,0,false,false,false,"",77,sms,wom_sms,3
"732101","2026-10-01","04",true,WOM-OTP-COLOMBIA-MED,1,0,false,false,false,"",78,sms,wom_sms,1
"732101","2026-10-01","04",true,WOM-OTP-COLOMBIA-MED,1,0,false,false,false,"",80,sms,wom_sms,3
"732101","2026-10-01","04",true,WOM-OTP-COLOMBIA-MED,1,0,false,false,false,"",81,sms,wom_sms,2
"732101","2026-10-01","04",true,WOM-OTP-COLOMBIA-MED,1,0,false,false,false,"",82,sms,wom_sms,1
"732101","2026-10-01","04",true,WOM-OTP-COLOMBIA-MED,1,0,false,false,false,"",83,sms,wom_sms,1
"732101","2026-10-01","04",true,WOM-OTP-COLOMBIA-MED,1,0,false,false,false,"",85,sms,wom_sms,1
"732101","2026-10-01","04",true,WOM-OTP-COLOMBIA-MED,1,0,false,false,false,"",100,sms,wom_sms,8
"732101","2026-10-01","04",true,WOM-OTP-COLOMBIA-MED,1,0,false,false,false,"",102,sms,wom_sms,6
"732101","2026-10-01","04",true,WOM-OTP-COLOMBIA-MED,1,0,false,false,false,"",104,sms,wom_sms,12
"732101","2026-10-01","04",true,WOM-OTP-COLOMBIA-MED,1,0,false,false,false,"",113,sms,wom_sms,4
"732101","2026-10-01","04",true,WOM-OTP-COLOMBIA-MED,1,0,false,false,false,"",115,sms,wom_sms,10
"732101","2026-10-01","04",true,WOM-OTP-COLOMBIA-MED,1,0,false,false,false,"",124,sms,wom_sms,1
"732101","2026-10-01","04",true,WOM-OTP-COLOMBIA-MED,1,0,false,false,false,"",128,sms,wom_sms,2
"732101","2026-10-01","04",true,WOM-OTP-COLOMBIA-MED,1,0,false,false,false,"",134,sms,wom_sms,4
"732101","2026-10-01","04",true,WOM-OTP-COLOMBIA-MED,1,0,false,false,false,"",135,sms,wom_sms,1
"732101","2026-10-01","04",true,WOM-OTP-COLOMBIA-MED,1,0,false,false,false,"",137,sms,wom_sms,1
"732101","2026-10-01","04",true,WOM-OTP-COLOMBIA-MED,1,0,false,false,false,"",138,sms,wom_sms,3
"732101","2026-10-01","04",true,WOM-OTP-COLOMBIA-MED,1,0,false,false,false,"",139,sms,wom_sms,1
"732101","2026-10-01","04",true,WOM-OTP-COLOMBIA-MED,1,0,false,false,false,"",141,sms,wom_sms,4
"732101","2026-10-01","04",true,WOM-OTP-COLOMBIA-MED,1,0,false,false,false,"",147,sms,wom_sms,1
"732101","2026-10-01","04",true,WOM-OTP-COLOMBIA-MED,1,0,false,false,false,"",148,sms,wom_sms,2
"732101","2026-10-01","04",true,WOM-OTP-COLOMBIA-MED,1,0,false,false,false,"",153,sms,wom_sms,2
"732101","2026-10-01","05",true,WOM-OTP-COLOMBIA-MED,1,0,false,false,false,"",33,sms,wom_sms,1
"732101","2026-10-01","05",true,WOM-OTP-COLOMBIA-MED,1,0,false,false,false,"",49,sms,wom_sms,7
"732101","2026-10-01","05",true,WOM-OTP-COLOMBIA-MED,1,0,false,false,false,"",55,sms,wom_sms,1
"732101","2026-10-01","05",true,WOM-OTP-COLOMBIA-MED,1,0,false,false,false,"",76,sms,wom_sms,1
"732101","2026-10-01","05",true,WOM-OTP-COLOMBIA-MED,1,0,false,false,false,"",77,sms,wom_sms,1
"732101","2026-10-01","05",true,WOM-OTP-COLOMBIA-MED,1,0,false,false,false,"",78,sms,wom_sms,1
"732101","2026-10-01","05",true,WOM-OTP-COLOMBIA-MED,1,0,false,false,false,"",80,sms,wom_sms,1
"732101","2026-10-01","05",true,WOM-OTP-COLOMBIA-MED,1,0,false,false,false,"",81,sms,wom_sms,1
"732101","2026-10-01","05",true,WOM-OTP-COLOMBIA-MED,1,0,false,false,false,"",100,sms,wom_sms,31
"732101","2026-10-01","05",true,WOM-OTP-COLOMBIA-MED,1,0,false,false,false,"",101,sms,wom_sms,7
"732101","2026-10-01","05",true,WOM-OTP-COLOMBIA-MED,1,0,false,false,false,"",102,sms,wom_sms,2
"732101","2026-10-01","05",true,WOM-OTP-COLOMBIA-MED,1,0,false,false,false,"",104,sms,wom_sms,17
"732101","2026-10-01","05",true,WOM-OTP-COLOMBIA-MED,1,0,false,false,false,"",113,sms,wom_sms,3
"732101","2026-10-01","05",true,WOM-OTP-COLOMBIA-MED,1,0,false,false,false,"",115,sms,wom_sms,122
"732101","2026-10-01","05",true,WOM-OTP-COLOMBIA-MED,1,0,false,false,false,"",128,sms,wom_sms,1
"732101","2026-10-01","05",true,WOM-OTP-COLOMBIA-MED,1,0,false,false,false,"",134,sms,wom_sms,2
"732101","2026-10-01","05",true,WOM-OTP-COLOMBIA-MED,1,0,false,false,false,"",135,sms,wom_sms,1
"732101","2026-10-01","05",true,WOM-OTP-COLOMBIA-MED,1,0,false,false,false,"",144,sms,wom_sms,6
"732101","2026-10-01","06",true,WOM-OTP-COLOMBIA-MED,1,0,false,false,false,"",33,sms,wom_sms,2
"732101","2026-10-01","06",true,WOM-OTP-COLOMBIA-MED,1,0,false,false,false,"",49,sms,wom_sms,2
"732101","2026-10-01","06",true,WOM-OTP-COLOMBIA-MED,1,0,false,false,false,"",83,sms,wom_sms,1
"732101","2026-10-01","06",true,WOM-OTP-COLOMBIA-MED,1,0,false,false,false,"",100,sms,wom_sms,9
"732101","2026-10-01","06",true,WOM-OTP-COLOMBIA-MED,1,0,false,false,false,"",101,sms,wom_sms,2
"732101","2026-10-01","06",true,WOM-OTP-COLOMBIA-MED,1,0,false,false,false,"",102,sms,wom_sms,4
"732101","2026-10-01","06",true,WOM-OTP-COLOMBIA-MED,1,0,false,false,false,"",104,sms,wom_sms,4
"732101","2026-10-01","06",true,WOM-OTP-COLOMBIA-MED,1,0,false,false,false,"",113,sms,wom_sms,3
"732101","2026-10-01","06",true,WOM-OTP-COLOMBIA-MED,1,0,false,false,false,"",115,sms,wom_sms,30
"732101","2026-10-01","06",true,WOM-OTP-COLOMBIA-MED,1,0,false,false,false,"",128,sms,wom_sms,1
"732101","2026-10-01","07",true,WOM-OTP-COLOMBIA-MED,1,0,false,false,false,"",74,sms,wom_sms,1
"732101","2026-10-01","07",true,WOM-OTP-COLOMBIA-MED,1,0,false,false,false,"",78,sms,wom_sms,1
"732101","2026-10-01","07",true,WOM-OTP-COLOMBIA-MED,1,0,false,false,false,"",81,sms,wom_sms,1
"732101","2026-10-01","07",true,WOM-OTP-COLOMBIA-MED,1,0,false,false,false,"",100,sms,wom_sms,8
"732101","2026-10-01","07",true,WOM-OTP-COLOMBIA-MED,1,0,false,false,false,"",101,sms,wom_sms,1
"732101","2026-10-01","07",true,WOM-OTP-COLOMBIA-MED,1,0,false,false,false,"",104,sms,wom_sms,6
"732101","2026-10-01","07",true,WOM-OTP-COLOMBIA-MED,1,0,false,false,false,"",113,sms,wom_sms,2
"732101","2026-10-01","07",true,WOM-OTP-COLOMBIA-MED,1,0,false,false,false,"",115,sms,wom_sms,30
"732101","2026-10-01","07",true,WOM-OTP-COLOMBIA-MED,1,0,false,false,false,"",138,sms,wom_sms,1
"732101","2026-10-01","07",true,WOM-OTP-COLOMBIA-MED,1,0,false,false,false,"",141,sms,wom_sms,1
"732101","2026-10-01","08",true,WOM-OTP-COLOMBIA-MED,1,0,false,false,false,"",33,sms,wom_sms,2
"732101","2026-10-01","08",true,WOM-OTP-COLOMBIA-MED,1,0,false,false,false,"",79,sms,wom_sms,1
"732101","2026-10-01","08",true,WOM-OTP-COLOMBIA-MED,1,0,false,false,false,"",80,sms,wom_sms,1
"732101","2026-10-01","08",true,WOM-OTP-COLOMBIA-MED,1,0,false,false,false,"",82,sms,wom_sms,1
"732101","2026-10-01","08",true,WOM-OTP-COLOMBIA-MED,1,0,false,false,false,"",100,sms,wom_sms,4
"732101","2026-10-01","08",true,WOM-OTP-COLOMBIA-MED,1,0,false,false,false,"",101,sms,wom_sms,3
"732101","2026-10-01","08",true,WOM-OTP-COLOMBIA-MED,1,0,false,false,false,"",102,sms,wom_sms,3
"732101","2026-10-01","08",true,WOM-OTP-COLOMBIA-MED,1,0,false,false,false,"",104,sms,wom_sms,2
"732101","2026-10-01","08",true,WOM-OTP-COLOMBIA-MED,1,0,false,false,false,"",115,sms,wom_sms,25
"732101","2026-10-01","09",true,WOM-OTP-COLOMBIA-MED,1,0,false,false,false,"",33,sms,wom_sms,3
"732101","2026-10-01","09",true,WOM-OTP-COLOMBIA-MED,1,0,false,false,false,"",49,sms,wom_sms,2
"732101","2026-10-01","09",true,WOM-OTP-COLOMBIA-MED,1,0,false,false,false,"",76,sms,wom_sms,2
"732101","2026-10-01","09",true,WOM-OTP-COLOMBIA-MED,1,0,false,false,false,"",80,sms,wom_sms,3
"732101","2026-10-01","09",true,WOM-OTP-COLOMBIA-MED,1,0,false,false,false,"",100,sms,wom_sms,18
"732101","2026-10-01","09",true,WOM-OTP-COLOMBIA-MED,1,0,false,false,false,"",102,sms,wom_sms,2
"732101","2026-10-01","09",true,WOM-OTP-COLOMBIA-MED,1,0,false,false,false,"",104,sms,wom_sms,6
"732101","2026-10-01","09",true,WOM-OTP-COLOMBIA-MED,1,0,false,false,false,"",113,sms,wom_sms,1
"732101","2026-10-01","09",true,WOM-OTP-COLOMBIA-MED,1,0,false,false,false,"",115,sms,wom_sms,57
"732101","2026-10-01","09",true,WOM-OTP-COLOMBIA-MED,1,0,false,false,false,"",136,sms,wom_sms,2
"732101","2026-10-01","09",true,WOM-OTP-COLOMBIA-MED,1,0,false,false,false,"",141,sms,wom_sms,10
"732101","2026-10-01","10",true,WOM-OTP-COLOMBIA-MED,1,0,false,false,false,"",33,sms,wom_sms,1
"732101","2026-10-01","10",true,WOM-OTP-COLOMBIA-MED,1,0,false,false,false,"",49,sms,wom_sms,5
"732101","2026-10-01","10",true,WOM-OTP-COLOMBIA-MED,1,0,false,false,false,"",51,sms,wom_sms,1
"732101","2026-10-01","10",true,WOM-OTP-COLOMBIA-MED,1,0,false,false,false,"",73,sms,wom_sms,1
"732101","2026-10-01","10",true,WOM-OTP-COLOMBIA-MED,1,0,false,false,false,"",76,sms,wom_sms,1
"732101","2026-10-01","10",true,WOM-OTP-COLOMBIA-MED,1,0,false,false,false,"",79,sms,wom_sms,2
"732101","2026-10-01","10",true,WOM-OTP-COLOMBIA-MED,1,0,false,false,false,"",82,sms,wom_sms,5
"732101","2026-10-01","10",true,WOM-OTP-COLOMBIA-MED,1,0,false,false,false,"",83,sms,wom_sms,1
"732101","2026-10-01","10",true,WOM-OTP-COLOMBIA-MED,1,0,false,false,false,"",85,sms,wom_sms,1
"732101","2026-10-01","10",true,WOM-OTP-COLOMBIA-MED,1,0,false,false,false,"",100,sms,wom_sms,20
"732101","2026-10-01","10",true,WOM-OTP-COLOMBIA-MED,1,0,false,false,false,"",101,sms,wom_sms,1
"732101","2026-10-01","10",true,WOM-OTP-COLOMBIA-MED,1,0,false,false,false,"",102,sms,wom_sms,5
"732101","2026-10-01","10",true,WOM-OTP-COLOMBIA-MED,1,0,false,false,false,"",104,sms,wom_sms,7
"732101","2026-10-01","10",true,WOM-OTP-COLOMBIA-MED,1,0,false,false,false,"",113,sms,wom_sms,1
"732101","2026-10-01","10",true,WOM-OTP-COLOMBIA-MED,1,0,false,false,false,"",115,sms,wom_sms,76
"732101","2026-10-01","10",true,WOM-OTP-COLOMBIA-MED,1,0,false,false,false,"",135,sms,wom_sms,2
"732101","2026-10-01","10",true,WOM-OTP-COLOMBIA-MED,1,0,false,false,false,"",136,sms,wom_sms,1
"732101","2026-10-01","10",true,WOM-OTP-COLOMBIA-MED,1,0,false,false,false,"",137,sms,wom_sms,2
"732101","2026-10-01","10",true,WOM-OTP-COLOMBIA-MED,1,0,false,false,false,"",138,sms,wom_sms,2
"732101","2026-10-01","10",true,WOM-OTP-COLOMBIA-MED,1,0,false,false,false,"",141,sms,wom_sms,1
"732101","2026-10-01","10",true,WOM-OTP-COLOMBIA-MED,1,0,false,false,false,"",144,sms,wom_sms,21
"732101","2026-10-01","11",true,WOM-OTP-COLOMBIA-MED,1,0,false,false,false,"",33,sms,wom_sms,5
"732101","2026-10-01","11",true,WOM-OTP-COLOMBIA-MED,1,0,false,false,false,"",49,sms,wom_sms,7
"732101","2026-10-01","11",true,WOM-OTP-COLOMBIA-MED,1,0,false,false,false,"",55,sms,wom_sms,1
"732101","2026-10-01","11",true,WOM-OTP-COLOMBIA-MED,1,0,false,false,false,"",73,sms,wom_sms,2
"732101","2026-10-01","11",true,WOM-OTP-COLOMBIA-MED,1,0,false,false,false,"",74,sms,wom_sms,2
"732101","2026-10-01","11",true,WOM-OTP-COLOMBIA-MED,1,0,false,false,false,"",75,sms,wom_sms,2
"732101","2026-10-01","11",true,WOM-OTP-COLOMBIA-MED,1,0,false,false,false,"",76,sms,wom_sms,2
"732101","2026-10-01","11",true,WOM-OTP-COLOMBIA-MED,1,0,false,false,false,"",77,sms,wom_sms,3
"732101","2026-10-01","11",true,WOM-OTP-COLOMBIA-MED,1,0,false,false,false,"",78,sms,wom_sms,1
"732101","2026-10-01","11",true,WOM-OTP-COLOMBIA-MED,1,0,false,false,false,"",81,sms,wom_sms,3
"732101","2026-10-01","11",true,WOM-OTP-COLOMBIA-MED,1,0,false,false,false,"",83,sms,wom_sms,1
"732101","2026-10-01","11",true,WOM-OTP-COLOMBIA-MED,1,0,false,false,false,"",84,sms,wom_sms,2
"732101","2026-10-01","11",true,WOM-OTP-COLOMBIA-MED,1,0,false,false,false,"",85,sms,wom_sms,3
"732101","2026-10-01","11",true,WOM-OTP-COLOMBIA-MED,1,0,false,false,false,"",100,sms,wom_sms,27
"732101","2026-10-01","11",true,WOM-OTP-COLOMBIA-MED,1,0,false,false,false,"",101,sms,wom_sms,6
"732101","2026-10-01","11",true,WOM-OTP-COLOMBIA-MED,1,0,false,false,false,"",102,sms,wom_sms,4
"732101","2026-10-01","11",true,WOM-OTP-COLOMBIA-MED,1,0,false,false,false,"",104,sms,wom_sms,16
"732101","2026-10-01","11",true,WOM-OTP-COLOMBIA-MED,1,0,false,false,false,"",113,sms,wom_sms,6
"732101","2026-10-01","11",true,WOM-OTP-COLOMBIA-MED,1,0,false,false,false,"",115,sms,wom_sms,151
"732101","2026-10-01","11",true,WOM-OTP-COLOMBIA-MED,1,0,false,false,false,"",128,sms,wom_sms,1
"732101","2026-10-01","11",true,WOM-OTP-COLOMBIA-MED,1,0,false,false,false,"",134,sms,wom_sms,4
"732101","2026-10-01","11",true,WOM-OTP-COLOMBIA-MED,1,0,false,false,false,"",136,sms,wom_sms,1
"732101","2026-10-01","11",true,WOM-OTP-COLOMBIA-MED,1,0,false,false,false,"",139,sms,wom_sms,5
"732101","2026-10-01","11",true,WOM-OTP-COLOMBIA-MED,1,0,false,false,false,"",140,sms,wom_sms,1
"732101","2026-10-01","11",true,WOM-OTP-COLOMBIA-MED,1,0,false,false,false,"",141,sms,wom_sms,1
"732101","2026-10-01","11",true,WOM-OTP-COLOMBIA-MED,1,0,false,false,false,"",144,sms,wom_sms,4
"732101","2026-10-01","11",true,WOM-OTP-COLOMBIA-MED,1,0,false,false,false,"",145,sms,wom_sms,2
"732101","2026-10-01","11",true,WOM-OTP-COLOMBIA-MED,1,0,false,false,false,"",146,sms,wom_sms,2
"732101","2026-10-01","12",false,WOM-OTP-COLOMBIA-MED,1,0,false,true,false,ESME_RTHROTTLED,53,sms,wom_sms,1
"732101","2026-10-01","12",false,WOM-OTP-COLOMBIA-MED,1,0,false,true,false,ESME_RTHROTTLED,56,sms,wom_sms,1
"732101","2026-10-01","12",false,WOM-OTP-COLOMBIA-MED,1,0,false,true,false,ESME_RTHROTTLED,59,sms,wom_sms,1
"732101","2026-10-01","12",false,WOM-OTP-COLOMBIA-MED,1,0,false,true,false,ESME_RTHROTTLED,61,sms,wom_sms,1
"732101","2026-10-01","12",false,WOM-OTP-COLOMBIA-MED,1,0,false,true,false,ESME_RTHROTTLED,77,sms,wom_sms,1
"732101","2026-10-01","12",false,WOM-OTP-COLOMBIA-MED,1,0,false,true,false,ESME_RTHROTTLED,93,sms,wom_sms,6
"732101","2026-10-01","12",false,WOM-OTP-COLOMBIA-MED,1,0,false,true,false,ESME_RTHROTTLED,94,sms,wom_sms,11
"732101","2026-10-01","12",false,WOM-OTP-COLOMBIA-MED,1,0,false,true,false,ESME_RTHROTTLED,96,sms,wom_sms,2
"732101","2026-10-01","12",false,WOM-OTP-COLOMBIA-MED,1,0,false,true,false,ESME_RTHROTTLED,97,sms,wom_sms,23
"732101","2026-10-01","12",false,WOM-OTP-COLOMBIA-MED,1,0,false,true,false,ESME_RTHROTTLED,100,sms,wom_sms,1
"732101","2026-10-01","12",false,WOM-OTP-COLOMBIA-MED,1,0,false,true,false,ESME_RTHROTTLED,108,sms,wom_sms,1
"732101","2026-10-01","12",false,WOM-OTP-COLOMBIA-MED,1,0,false,true,false,ESME_RTHROTTLED,113,sms,wom_sms,1
"732101","2026-10-01","12",false,WOM-OTP-COLOMBIA-MED,1,0,false,true,false,ESME_RTHROTTLED,115,sms,wom_sms,3
"732101","2026-10-01","12",false,WOM-OTP-COLOMBIA-MED,1,0,false,true,false,ESME_RTHROTTLED,117,sms,wom_sms,2
"732101","2026-10-01","12",false,WOM-OTP-COLOMBIA-MED,1,0,false,true,false,ESME_RTHROTTLED,118,sms,wom_sms,1
"732101","2026-10-01","12",false,WOM-OTP-COLOMBIA-MED,1,0,false,true,false,ESME_RTHROTTLED,119,sms,wom_sms,4
"732101","2026-10-01","12",false,WOM-OTP-COLOMBIA-MED,1,0,false,true,false,ESME_RTHROTTLED,120,sms,wom_sms,1
"732101","2026-10-01","12",false,WOM-OTP-COLOMBIA-MED,1,0,false,true,false,ESME_RTHROTTLED,121,sms,wom_sms,5
"732101","2026-10-01","12",false,WOM-OTP-COLOMBIA-MED,1,0,false,true,false,ESME_RTHROTTLED,122,sms,wom_sms,7
"732101","2026-10-01","12",false,WOM-OTP-COLOMBIA-MED,1,0,false,true,false,ESME_RTHROTTLED,123,sms,wom_sms,2
"732101","2026-10-01","12",false,WOM-OTP-COLOMBIA-MED,1,0,false,true,false,ESME_RTHROTTLED,126,sms,wom_sms,2
"732101","2026-10-01","12",false,WOM-OTP-COLOMBIA-MED,1,0,false,true,false,ESME_RTHROTTLED,127,sms,wom_sms,1
"732101","2026-10-01","12",false,WOM-OTP-COLOMBIA-MED,1,0,false,true,false,ESME_RTHROTTLED,136,sms,wom_sms,2
"732101","2026-10-01","12",false,WOM-OTP-COLOMBIA-MED,1,0,false,true,false,ESME_RTHROTTLED,148,sms,wom_sms,2
"732101","2026-10-01","12",false,WOM-OTP-COLOMBIA-MED,1,0,false,true,false,ESME_RTHROTTLED,152,sms,wom_sms,3
"732101","2026-10-01","12",false,WOM-OTP-COLOMBIA-MED,1,0,false,true,false,ESME_RTHROTTLED,153,sms,wom_sms,3
"732101","2026-10-01","12",false,WOM-OTP-COLOMBIA-MED,1,0,false,true,false,ESME_RTHROTTLED,154,sms,wom_sms,12
"732101","2026-10-01","12",false,WOM-OTP-COLOMBIA-MED,1,0,false,true,false,ESME_RTHROTTLED,155,sms,wom_sms,11
"732101","2026-10-01","12",false,WOM-OTP-COLOMBIA-MED,1,0,false,true,false,ESME_RTHROTTLED,156,sms,wom_sms,6
"732101","2026-10-01","12",false,WOM-OTP-COLOMBIA-MED,1,0,false,true,false,ESME_RTHROTTLED,157,sms,wom_sms,6
"732101","2026-10-01","12",false,WOM-OTP-COLOMBIA-MED,1,0,false,true,false,ESME_RTHROTTLED,158,sms,wom_sms,2
"732101","2026-10-01","12",false,WOM-OTP-COLOMBIA-MED,1,0,false,true,false,ESME_RTHROTTLED,159,sms,wom_sms,1
"732101","2026-10-01","12",false,WOM-OTP-COLOMBIA-MED,2,1,false,true,false,ESME_RTHROTTLED,153,sms,wom_sms,4
"732101","2026-10-01","12",false,WOM-OTP-COLOMBIA-MED,2,2,false,true,false,ESME_RTHROTTLED,12,sms,wom_sms,2
"732101","2026-10-01","12",true,WOM-OTP-COLOMBIA-MED,1,0,false,false,false,"",33,sms,wom_sms,6
"732101","2026-10-01","12",true,WOM-OTP-COLOMBIA-MED,1,0,false,false,false,"",35,sms,wom_sms,1
"732101","2026-10-01","12",true,WOM-OTP-COLOMBIA-MED,1,0,false,false,false,"",49,sms,wom_sms,9
"732101","2026-10-01","12",true,WOM-OTP-COLOMBIA-MED,1,0,false,false,false,"",51,sms,wom_sms,2
"732101","2026-10-01","12",true,WOM-OTP-COLOMBIA-MED,1,0,false,false,false,"",53,sms,wom_sms,3
"732101","2026-10-01","12",true,WOM-OTP-COLOMBIA-MED,1,0,false,false,false,"",54,sms,wom_sms,5
"732101","2026-10-01","12",true,WOM-OTP-COLOMBIA-MED,1,0,false,false,false,"",55,sms,wom_sms,2
"732101","2026-10-01","12",true,WOM-OTP-COLOMBIA-MED,1,0,false,false,false,"",56,sms,wom_sms,4
"732101","2026-10-01","12",true,WOM-OTP-COLOMBIA-MED,1,0,false,false,false,"",57,sms,wom_sms,8
"732101","2026-10-01","12",true,WOM-OTP-COLOMBIA-MED,1,0,false,false,false,"",58,sms,wom_sms,3
"732101","2026-10-01","12",true,WOM-OTP-COLOMBIA-MED,1,0,false,false,false,"",59,sms,wom_sms,3
"732101","2026-10-01","12",true,WOM-OTP-COLOMBIA-MED,1,0,false,false,false,"",60,sms,wom_sms,1
"732101","2026-10-01","12",true,WOM-OTP-COLOMBIA-MED,1,0,false,false,false,"",61,sms,wom_sms,6
"732101","2026-10-01","12",true,WOM-OTP-COLOMBIA-MED,1,0,false,false,false,"",62,sms,wom_sms,7
"732101","2026-10-01","12",true,WOM-OTP-COLOMBIA-MED,1,0,false,false,false,"",63,sms,wom_sms,1
"732101","2026-10-01","12",true,WOM-OTP-COLOMBIA-MED,1,0,false,false,false,"",72,sms,wom_sms,5
"732101","2026-10-01","12",true,WOM-OTP-COLOMBIA-MED,1,0,false,false,false,"",73,sms,wom_sms,6
"732101","2026-10-01","12",true,WOM-OTP-COLOMBIA-MED,1,0,false,false,false,"",74,sms,wom_sms,3
"732101","2026-10-01","12",true,WOM-OTP-COLOMBIA-MED,1,0,false,false,false,"",75,sms,wom_sms,10
"732101","2026-10-01","12",true,WOM-OTP-COLOMBIA-MED,1,0,false,false,false,"",76,sms,wom_sms,2
"732101","2026-10-01","12",true,WOM-OTP-COLOMBIA-MED,1,0,false,false,false,"",77,sms,wom_sms,6
"732101","2026-10-01","12",true,WOM-OTP-COLOMBIA-MED,1,0,false,false,false,"",79,sms,wom_sms,3
"732101","2026-10-01","12",true,WOM-OTP-COLOMBIA-MED,1,0,false,false,false,"",80,sms,wom_sms,4
"732101","2026-10-01","12",true,WOM-OTP-COLOMBIA-MED,1,0,false,false,false,"",81,sms,wom_sms,6
"732101","2026-10-01","12",true,WOM-OTP-COLOMBIA-MED,1,0,false,false,false,"",82,sms,wom_sms,2
"732101","2026-10-01","12",true,WOM-OTP-COLOMBIA-MED,1,0,false,false,false,"",83,sms,wom_sms,1
"732101","2026-10-01","12",true,WOM-OTP-COLOMBIA-MED,1,0,false,false,false,"",84,sms,wom_sms,4
"732101","2026-10-01","12",true,WOM-OTP-COLOMBIA-MED,1,0,false,false,false,"",85,sms,wom_sms,4
"732101","2026-10-01","12",true,WOM-OTP-COLOMBIA-MED,1,0,false,false,false,"",88,sms,wom_sms,1
"732101","2026-10-01","12",true,WOM-OTP-COLOMBIA-MED,1,0,false,false,false,"",90,sms,wom_sms,1
"732101","2026-10-01","12",true,WOM-OTP-COLOMBIA-MED,1,0,false,false,false,"",92,sms,wom_sms,3
"732101","2026-10-01","12",true,WOM-OTP-COLOMBIA-MED,1,0,false,false,false,"",93,sms,wom_sms,27
"732101","2026-10-01","12",true,WOM-OTP-COLOMBIA-MED,1,0,false,false,false,"",94,sms,wom_sms,69
"732101","2026-10-01","12",true,WOM-OTP-COLOMBIA-MED,1,0,false,false,false,"",95,sms,wom_sms,4
"732101","2026-10-01","12",true,WOM-OTP-COLOMBIA-MED,1,0,false,false,false,"",96,sms,wom_sms,22
"732101","2026-10-01","12",true,WOM-OTP-COLOMBIA-MED,1,0,false,false,false,"",97,sms,wom_sms,866
"732101","2026-10-01","12",true,WOM-OTP-COLOMBIA-MED,1,0,false,false,false,"",99,sms,wom_sms,1
"732101","2026-10-01","12",true,WOM-OTP-COLOMBIA-MED,1,0,false,false,false,"",100,sms,wom_sms,50
"732101","2026-10-01","12",true,WOM-OTP-COLOMBIA-MED,1,0,false,false,false,"",101,sms,wom_sms,13
"732101","2026-10-01","12",true,WOM-OTP-COLOMBIA-MED,1,0,false,false,false,"",102,sms,wom_sms,13
"732101","2026-10-01","12",true,WOM-OTP-COLOMBIA-MED,1,0,false,false,false,"",104,sms,wom_sms,29
"732101","2026-10-01","12",true,WOM-OTP-COLOMBIA-MED,1,0,false,false,false,"",109,sms,wom_sms,5
"732101","2026-10-01","12",true,WOM-OTP-COLOMBIA-MED,1,0,false,false,false,"",111,sms,wom_sms,2
"732101","2026-10-01","12",true,WOM-OTP-COLOMBIA-MED,1,0,false,false,false,"",112,sms,wom_sms,4
"732101","2026-10-01","12",true,WOM-OTP-COLOMBIA-MED,1,0,false,false,false,"",113,sms,wom_sms,22
"732101","2026-10-01","12",true,WOM-OTP-COLOMBIA-MED,1,0,false,false,false,"",114,sms,wom_sms,4
"732101","2026-10-01","12",true,WOM-OTP-COLOMBIA-MED,1,0,false,false,false,"",115,sms,wom_sms,236
"732101","2026-10-01","12",true,WOM-OTP-COLOMBIA-MED,1,0,false,false,false,"",116,sms,wom_sms,6
"732101","2026-10-01","12",true,WOM-OTP-COLOMBIA-MED,1,0,false,false,false,"",117,sms,wom_sms,3
"732101","2026-10-01","12",true,WOM-OTP-COLOMBIA-MED,1,0,false,false,false,"",118,sms,wom_sms,9
"732101","2026-10-01","12",true,WOM-OTP-COLOMBIA-MED,1,0,false,false,false,"",119,sms,wom_sms,53
"732101","2026-10-01","12",true,WOM-OTP-COLOMBIA-MED,1,0,false,false,false,"",120,sms,wom_sms,120
"732101","2026-10-01","12",true,WOM-OTP-COLOMBIA-MED,1,0,false,false,false,"",121,sms,wom_sms,96
"732101","2026-10-01","12",true,WOM-OTP-COLOMBIA-MED,1,0,false,false,false,"",122,sms,wom_sms,86
"732101","2026-10-01","12",true,WOM-OTP-COLOMBIA-MED,1,0,false,false,false,"",123,sms,wom_sms,28
"732101","2026-10-01","12",true,WOM-OTP-COLOMBIA-MED,1,0,false,false,false,"",124,sms,wom_sms,24
"732101","2026-10-01","12",true,WOM-OTP-COLOMBIA-MED,1,0,false,false,false,"",125,sms,wom_sms,2
"732101","2026-10-01","12",true,WOM-OTP-COLOMBIA-MED,1,0,false,false,false,"",126,sms,wom_sms,14
"732101","2026-10-01","12",true,WOM-OTP-COLOMBIA-MED,1,0,false,false,false,"",128,sms,wom_sms,7
"732101","2026-10-01","12",true,WOM-OTP-COLOMBIA-MED,1,0,false,false,false,"",130,sms,wom_sms,14
"732101","2026-10-01","12",true,WOM-OTP-COLOMBIA-MED,1,0,false,false,false,"",132,sms,wom_sms,3
"732101","2026-10-01","12",true,WOM-OTP-COLOMBIA-MED,1,0,false,false,false,"",133,sms,wom_sms,4
"732101","2026-10-01","12",true,WOM-OTP-COLOMBIA-MED,1,0,false,false,false,"",134,sms,wom_sms,9
"732101","2026-10-01","12",true,WOM-OTP-COLOMBIA-MED,1,0,false,false,false,"",135,sms,wom_sms,1
"732101","2026-10-01","12",true,WOM-OTP-COLOMBIA-MED,1,0,false,false,false,"",136,sms,wom_sms,19
"732101","2026-10-01","12",true,WOM-OTP-COLOMBIA-MED,1,0,false,false,false,"",137,sms,wom_sms,17
"732101","2026-10-01","12",true,WOM-OTP-COLOMBIA-MED,1,0,false,false,false,"",138,sms,wom_sms,21
"732101","2026-10-01","12",true,WOM-OTP-COLOMBIA-MED,1,0,false,false,false,"",139,sms,wom_sms,4
"732101","2026-10-01","12",true,WOM-OTP-COLOMBIA-MED,1,0,false,false,false,"",140,sms,wom_sms,15
"732101","2026-10-01","12",true,WOM-OTP-COLOMBIA-MED,1,0,false,false,false,"",141,sms,wom_sms,6
"732101","2026-10-01","12",true,WOM-OTP-COLOMBIA-MED,1,0,false,false,false,"",143,sms,wom_sms,1
"732101","2026-10-01","12",true,WOM-OTP-COLOMBIA-MED,1,0,false,false,false,"",144,sms,wom_sms,1
"732101","2026-10-01","12",true,WOM-OTP-COLOMBIA-MED,1,0,false,false,false,"",145,sms,wom_sms,1
"732101","2026-10-01","12",true,WOM-OTP-COLOMBIA-MED,1,0,false,false,false,"",146,sms,wom_sms,2
"732101","2026-10-01","12",true,WOM-OTP-COLOMBIA-MED,1,0,false,false,false,"",147,sms,wom_sms,2
"732101","2026-10-01","12",true,WOM-OTP-COLOMBIA-MED,1,0,false,false,false,"",148,sms,wom_sms,6
"732101","2026-10-01","12",true,WOM-OTP-COLOMBIA-MED,1,0,false,false,false,"",149,sms,wom_sms,5
"732101","2026-10-01","12",true,WOM-OTP-COLOMBIA-MED,1,0,false,false,false,"",150,sms,wom_sms,4
"732101","2026-10-01","12",true,WOM-OTP-COLOMBIA-MED,1,0,false,false,false,"",151,sms,wom_sms,5
"732101","2026-10-01","12",true,WOM-OTP-COLOMBIA-MED,1,0,false,false,false,"",152,sms,wom_sms,33
"732101","2026-10-01","12",true,WOM-OTP-COLOMBIA-MED,1,0,false,false,false,"",153,sms,wom_sms,337
"732101","2026-10-01","12",true,WOM-OTP-COLOMBIA-MED,1,0,false,false,false,"",154,sms,wom_sms,453
"732101","2026-10-01","12",true,WOM-OTP-COLOMBIA-MED,1,0,false,false,false,"",155,sms,wom_sms,371
"732101","2026-10-01","12",true,WOM-OTP-COLOMBIA-MED,1,0,false,false,false,"",156,sms,wom_sms,215
"732101","2026-10-01","12",true,WOM-OTP-COLOMBIA-MED,1,0,false,false,false,"",157,sms,wom_sms,91
"732101","2026-10-01","12",true,WOM-OTP-COLOMBIA-MED,1,0,false,false,false,"",158,sms,wom_sms,67
"732101","2026-10-01","12",true,WOM-OTP-COLOMBIA-MED,1,0,false,false,false,"",159,sms,wom_sms,4
"732101","2026-10-01","12",true,WOM-OTP-COLOMBIA-MED,2,1,false,false,false,"",153,sms,wom_sms,625
"732101","2026-10-01","12",true,WOM-OTP-COLOMBIA-MED,2,2,false,false,false,"",12,sms,wom_sms,1
"732101","2026-10-01","12",true,WOM-OTP-COLOMBIA-MED,2,2,false,false,false,"",82,sms,wom_sms,3
"732101","2026-10-01","12",true,WOM-OTP-COLOMBIA-MED,2,2,false,false,false,"",83,sms,wom_sms,18
"732101","2026-10-01","12",true,WOM-OTP-COLOMBIA-MED,2,2,false,false,false,"",84,sms,wom_sms,55
"732101","2026-10-01","12",true,WOM-OTP-COLOMBIA-MED,2,2,false,false,false,"",85,sms,wom_sms,79
"732101","2026-10-01","12",true,WOM-OTP-COLOMBIA-MED,2,2,false,false,false,"",86,sms,wom_sms,105
"732101","2026-10-01","12",true,WOM-OTP-COLOMBIA-MED,2,2,false,false,false,"",87,sms,wom_sms,87
"732101","2026-10-01","12",true,WOM-OTP-COLOMBIA-MED,2,2,false,false,false,"",88,sms,wom_sms,59
"732101","2026-10-01","12",true,WOM-OTP-COLOMBIA-MED,2,2,false,false,false,"",89,sms,wom_sms,26
"732101","2026-10-01","12",true,WOM-OTP-COLOMBIA-MED,2,2,false,false,false,"",90,sms,wom_sms,12
"732101","2026-10-01","12",true,WOM-OTP-COLOMBIA-MED,2,2,false,false,false,"",91,sms,wom_sms,5
"732101","2026-10-01","12",true,WOM-OTP-COLOMBIA-MED,2,2,false,false,false,"",92,sms,wom_sms,3
"732101","2026-10-01","12",true,WOM-OTP-COLOMBIA-MED,2,2,false,false,false,"",94,sms,wom_sms,1
"732101","2026-10-01","12",true,WOM-OTP-COLOMBIA-MED,2,2,false,false,false,"",96,sms,wom_sms,1
"732101","2026-10-01","12",true,WOM-OTP-COLOMBIA-MED,2,2,false,false,false,"",97,sms,wom_sms,2
"732101","2026-10-01","12",true,WOM-OTP-COLOMBIA-MED,2,2,false,false,false,"",99,sms,wom_sms,1
"732101","2026-10-01","12",true,WOM-OTP-COLOMBIA-MED,2,2,false,false,false,"",116,sms,wom_sms,1
"732101","2026-10-01","12",true,WOM-OTP-COLOMBIA-MED,2,2,false,false,false,"",121,sms,wom_sms,1
"732101","2026-10-01","12",true,WOM-OTP-COLOMBIA-MED,2,2,false,false,false,"",137,sms,wom_sms,6
"732101","2026-10-01","12",true,WOM-OTP-COLOMBIA-MED,2,2,false,false,false,"",138,sms,wom_sms,20
"732101","2026-10-01","12",true,WOM-OTP-COLOMBIA-MED,2,2,false,false,false,"",139,sms,wom_sms,42
"732101","2026-10-01","12",true,WOM-OTP-COLOMBIA-MED,2,2,false,false,false,"",140,sms,wom_sms,41
"732101","2026-10-01","12",true,WOM-OTP-COLOMBIA-MED,2,2,false,false,false,"",141,sms,wom_sms,26
"732101","2026-10-01","12",true,WOM-OTP-COLOMBIA-MED,2,2,false,false,false,"",142,sms,wom_sms,16
"732101","2026-10-01","12",true,WOM-OTP-COLOMBIA-MED,2,2,false,false,false,"",143,sms,wom_sms,8
"732101","2026-10-01","12",true,WOM-OTP-COLOMBIA-MED,2,2,false,false,false,"",144,sms,wom_sms,5
"732101","2026-10-01","12",true,WOM-OTP-COLOMBIA-MED,2,2,false,false,false,"",145,sms,wom_sms,2
"732101","2026-10-01","12",true,WOM-OTP-COLOMBIA-MED,2,2,false,false,false,"",150,sms,wom_sms,1
"732101","2026-10-01","12",true,WOM-OTP-COLOMBIA-MED,3,1,false,false,false,"",153,sms,wom_sms,1
"732101","2026-10-01","12",true,WOM-OTP-COLOMBIA-MED,3,2,false,false,false,"",153,sms,wom_sms,1
"732101","2026-10-01","12",true,WOM-OTP-COLOMBIA-MED,3,3,false,false,false,"",9,sms,wom_sms,1
"732101","2026-10-01","13",false,WOM-OTP-COLOMBIA-MED,1,0,false,false,false,"",66,sms,wom_sms,1
"732101","2026-10-01","13",false,WOM-OTP-COLOMBIA-MED,1,0,false,false,false,"",68,sms,wom_sms,1
"732101","2026-10-01","13",false,WOM-OTP-COLOMBIA-MED,1,0,false,false,false,"",69,sms,wom_sms,1
"732101","2026-10-01","13",false,WOM-OTP-COLOMBIA-MED,1,0,false,false,false,"",88,sms,wom_sms,4
"732101","2026-10-01","13",false,WOM-OTP-COLOMBIA-MED,1,0,false,false,false,"",91,sms,wom_sms,14
"732101","2026-10-01","13",false,WOM-OTP-COLOMBIA-MED,1,0,false,false,false,"",98,sms,wom_sms,5
"732101","2026-10-01","13",false,WOM-OTP-COLOMBIA-MED,1,0,false,false,false,"",100,sms,wom_sms,2
"732101","2026-10-01","13",false,WOM-OTP-COLOMBIA-MED,1,0,false,false,false,"",114,sms,wom_sms,5
"732101","2026-10-01","13",false,WOM-OTP-COLOMBIA-MED,1,0,false,false,false,"",115,sms,wom_sms,7
"732101","2026-10-01","13",false,WOM-OTP-COLOMBIA-MED,1,0,false,false,false,"",117,sms,wom_sms,1
"732101","2026-10-01","13",false,WOM-OTP-COLOMBIA-MED,1,0,false,false,false,"",120,sms,wom_sms,10
"732101","2026-10-01","13",false,WOM-OTP-COLOMBIA-MED,1,0,false,false,false,"",122,sms,wom_sms,1
"732101","2026-10-01","13",false,WOM-OTP-COLOMBIA-MED,1,0,false,false,false,"",131,sms,wom_sms,6
"732101","2026-10-01","13",false,WOM-OTP-COLOMBIA-MED,1,0,false,false,false,"",132,sms,wom_sms,1
"732101","2026-10-01","13",false,WOM-OTP-COLOMBIA-MED,1,0,false,false,false,"",139,sms,wom_sms,11
"732101","2026-10-01","13",false,WOM-OTP-COLOMBIA-MED,1,0,false,false,false,"",141,sms,wom_sms,2
"732101","2026-10-01","13",false,WOM-OTP-COLOMBIA-MED,1,0,false,false,false,"",148,sms,wom_sms,1
"732101","2026-10-01","13",false,WOM-OTP-COLOMBIA-MED,1,0,false,false,false,"",157,sms,wom_sms,5
"732101","2026-10-01","13",false,WOM-OTP-COLOMBIA-MED,1,0,false,false,false,"",160,sms,wom_sms,24
"732101","2026-10-01","13",false,WOM-OTP-COLOMBIA-MED,1,0,false,true,false,ESME_RTHROTTLED,114,sms,wom_sms,1
"732101","2026-10-01","13",false,WOM-OTP-COLOMBIA-MED,9,1,true,false,false,"",67,sms,wom_sms,505
"732101","2026-10-01","13",false,WOM-OTP-COLOMBIA-MED,9,1,true,true,false,ESME_RTHROTTLED,67,sms,wom_sms,49
"732101","2026-10-01","13",false,WOM-OTP-COLOMBIA-MED,9,2,true,false,false,"",67,sms,wom_sms,505
"732101","2026-10-01","13",false,WOM-OTP-COLOMBIA-MED,9,2,true,true,false,ESME_RTHROTTLED,67,sms,wom_sms,58
"732101","2026-10-01","13",false,WOM-OTP-COLOMBIA-MED,9,3,true,false,false,"",67,sms,wom_sms,520
"732101","2026-10-01","13",false,WOM-OTP-COLOMBIA-MED,9,3,true,true,false,ESME_RTHROTTLED,67,sms,wom_sms,60
"732101","2026-10-01","13",false,WOM-OTP-COLOMBIA-MED,9,4,true,false,false,"",67,sms,wom_sms,508
"732101","2026-10-01","13",false,WOM-OTP-COLOMBIA-MED,9,4,true,true,false,ESME_RTHROTTLED,67,sms,wom_sms,54
"732101","2026-10-01","13",false,WOM-OTP-COLOMBIA-MED,9,5,true,false,false,"",67,sms,wom_sms,525
"732101","2026-10-01","13",false,WOM-OTP-COLOMBIA-MED,9,5,true,true,false,ESME_RTHROTTLED,67,sms,wom_sms,44
"732101","2026-10-01","13",false,WOM-OTP-COLOMBIA-MED,9,6,true,false,false,"",67,sms,wom_sms,537
"732101","2026-10-01","13",false,WOM-OTP-COLOMBIA-MED,9,6,true,true,false,ESME_RTHROTTLED,67,sms,wom_sms,51
"732101","2026-10-01","13",false,WOM-OTP-COLOMBIA-MED,9,7,true,false,false,"",67,sms,wom_sms,507
"732101","2026-10-01","13",false,WOM-OTP-COLOMBIA-MED,9,7,true,true,false,ESME_RTHROTTLED,67,sms,wom_sms,43
"732101","2026-10-01","13",false,WOM-OTP-COLOMBIA-MED,9,8,true,false,false,"",67,sms,wom_sms,506
"732101","2026-10-01","13",false,WOM-OTP-COLOMBIA-MED,9,8,true,true,false,ESME_RTHROTTLED,67,sms,wom_sms,46
"732101","2026-10-01","13",false,WOM-OTP-COLOMBIA-MED,9,9,true,false,false,"",40,sms,wom_sms,1
"732101","2026-10-01","13",false,WOM-OTP-COLOMBIA-MED,9,9,true,false,false,"",42,sms,wom_sms,1
"732101","2026-10-01","13",false,WOM-OTP-COLOMBIA-MED,9,9,true,false,false,"",43,sms,wom_sms,1
"732101","2026-10-01","13",false,WOM-OTP-COLOMBIA-MED,9,9,true,false,false,"",44,sms,wom_sms,1
"732101","2026-10-01","13",false,WOM-OTP-COLOMBIA-MED,9,9,true,false,false,"",45,sms,wom_sms,5
"732101","2026-10-01","13",false,WOM-OTP-COLOMBIA-MED,9,9,true,false,false,"",46,sms,wom_sms,5
"732101","2026-10-01","13",false,WOM-OTP-COLOMBIA-MED,9,9,true,false,false,"",47,sms,wom_sms,6
"732101","2026-10-01","13",false,WOM-OTP-COLOMBIA-MED,9,9,true,false,false,"",48,sms,wom_sms,12
"732101","2026-10-01","13",false,WOM-OTP-COLOMBIA-MED,9,9,true,false,false,"",49,sms,wom_sms,13
"732101","2026-10-01","13",false,WOM-OTP-COLOMBIA-MED,9,9,true,false,false,"",50,sms,wom_sms,18
"732101","2026-10-01","13",false,WOM-OTP-COLOMBIA-MED,9,9,true,false,false,"",51,sms,wom_sms,24
"732101","2026-10-01","13",false,WOM-OTP-COLOMBIA-MED,9,9,true,false,false,"",52,sms,wom_sms,30
"732101","2026-10-01","13",false,WOM-OTP-COLOMBIA-MED,9,9,true,false,false,"",53,sms,wom_sms,39
"732101","2026-10-01","13",false,WOM-OTP-COLOMBIA-MED,9,9,true,false,false,"",54,sms,wom_sms,40
"732101","2026-10-01","13",false,WOM-OTP-COLOMBIA-MED,9,9,true,false,false,"",55,sms,wom_sms,65
"732101","2026-10-01","13",false,WOM-OTP-COLOMBIA-MED,9,9,true,false,false,"",56,sms,wom_sms,64
"732101","2026-10-01","13",false,WOM-OTP-COLOMBIA-MED,9,9,true,false,false,"",57,sms,wom_sms,52
"732101","2026-10-01","13",false,WOM-OTP-COLOMBIA-MED,9,9,true,false,false,"",58,sms,wom_sms,54
"732101","2026-10-01","13",false,WOM-OTP-COLOMBIA-MED,9,9,true,false,false,"",59,sms,wom_sms,37
"732101","2026-10-01","13",false,WOM-OTP-COLOMBIA-MED,9,9,true,false,false,"",60,sms,wom_sms,28
"732101","2026-10-01","13",false,WOM-OTP-COLOMBIA-MED,9,9,true,false,false,"",61,sms,wom_sms,24
"732101","2026-10-01","13",false,WOM-OTP-COLOMBIA-MED,9,9,true,false,false,"",62,sms,wom_sms,11
"732101","2026-10-01","13",false,WOM-OTP-COLOMBIA-MED,9,9,true,false,false,"",63,sms,wom_sms,4
"732101","2026-10-01","13",false,WOM-OTP-COLOMBIA-MED,9,9,true,false,false,"",64,sms,wom_sms,4
"732101","2026-10-01","13",false,WOM-OTP-COLOMBIA-MED,9,9,true,false,false,"",65,sms,wom_sms,2
"732101","2026-10-01","13",false,WOM-OTP-COLOMBIA-MED,9,9,true,false,false,"",66,sms,wom_sms,1
"732101","2026-10-01","13",false,WOM-OTP-COLOMBIA-MED,9,9,true,true,false,ESME_RTHROTTLED,44,sms,wom_sms,1
"732101","2026-10-01","13",false,WOM-OTP-COLOMBIA-MED,9,9,true,true,false,ESME_RTHROTTLED,47,sms,wom_sms,1
"732101","2026-10-01","13",false,WOM-OTP-COLOMBIA-MED,9,9,true,true,false,ESME_RTHROTTLED,49,sms,wom_sms,1
"732101","2026-10-01","13",false,WOM-OTP-COLOMBIA-MED,9,9,true,true,false,ESME_RTHROTTLED,50,sms,wom_sms,1
"732101","2026-10-01","13",false,WOM-OTP-COLOMBIA-MED,9,9,true,true,false,ESME_RTHROTTLED,51,sms,wom_sms,1
"732101","2026-10-01","13",false,WOM-OTP-COLOMBIA-MED,9,9,true,true,false,ESME_RTHROTTLED,52,sms,wom_sms,2
"732101","2026-10-01","13",false,WOM-OTP-COLOMBIA-MED,9,9,true,true,false,ESME_RTHROTTLED,53,sms,wom_sms,4
"732101","2026-10-01","13",false,WOM-OTP-COLOMBIA-MED,9,9,true,true,false,ESME_RTHROTTLED,54,sms,wom_sms,3
"732101","2026-10-01","13",false,WOM-OTP-COLOMBIA-MED,9,9,true,true,false,ESME_RTHROTTLED,55,sms,wom_sms,1
"732101","2026-10-01","13",false,WOM-OTP-COLOMBIA-MED,9,9,true,true,false,ESME_RTHROTTLED,56,sms,wom_sms,4
"732101","2026-10-01","13",false,WOM-OTP-COLOMBIA-MED,9,9,true,true,false,ESME_RTHROTTLED,57,sms,wom_sms,5
"732101","2026-10-01","13",false,WOM-OTP-COLOMBIA-MED,9,9,true,true,false,ESME_RTHROTTLED,58,sms,wom_sms,8
"732101","2026-10-01","13",false,WOM-OTP-COLOMBIA-MED,9,9,true,true,false,ESME_RTHROTTLED,59,sms,wom_sms,2
"732101","2026-10-01","13",false,WOM-OTP-COLOMBIA-MED,9,9,true,true,false,ESME_RTHROTTLED,60,sms,wom_sms,4
"732101","2026-10-01","13",false,WOM-OTP-COLOMBIA-MED,9,9,true,true,false,ESME_RTHROTTLED,61,sms,wom_sms,3
"732101","2026-10-01","13",false,WOM-OTP-COLOMBIA-MED,9,9,true,true,false,ESME_RTHROTTLED,62,sms,wom_sms,3
"732101","2026-10-01","13",false,WOM-OTP-COLOMBIA-MED,10,1,true,false,false,"",67,sms,wom_sms,1
"732101","2026-10-01","13",false,WOM-OTP-COLOMBIA-MED,10,2,true,false,false,"",67,sms,wom_sms,1
"732101","2026-10-01","13",false,WOM-OTP-COLOMBIA-MED,10,3,true,false,false,"",67,sms,wom_sms,1
"732101","2026-10-01","13",false,WOM-OTP-COLOMBIA-MED,10,5,true,false,false,"",67,sms,wom_sms,1
"732101","2026-10-01","13",false,WOM-OTP-COLOMBIA-MED,10,7,true,false,false,"",67,sms,wom_sms,2
"732101","2026-10-01","13",false,WOM-OTP-COLOMBIA-MED,10,8,true,false,false,"",67,sms,wom_sms,1
"732101","2026-10-01","13",false,WOM-OTP-COLOMBIA-MED,10,9,true,false,false,"",67,sms,wom_sms,1
"732101","2026-10-01","13",false,WOM-OTP-COLOMBIA-MED,10,10,true,false,false,"",2,sms,wom_sms,1
"732101","2026-10-01","13",true,WOM-OTP-COLOMBIA-MED,1,0,false,false,false,"",33,sms,wom_sms,1
"732101","2026-10-01","13",true,WOM-OTP-COLOMBIA-MED,1,0,false,false,false,"",67,sms,wom_sms,1
"732101","2026-10-01","13",true,WOM-OTP-COLOMBIA-MED,1,0,false,false,false,"",68,sms,wom_sms,1
"732101","2026-10-01","13",true,WOM-OTP-COLOMBIA-MED,1,0,false,false,false,"",76,sms,wom_sms,2
"732101","2026-10-01","13",true,WOM-OTP-COLOMBIA-MED,1,0,false,false,false,"",88,sms,wom_sms,6
"732101","2026-10-01","13",true,WOM-OTP-COLOMBIA-MED,1,0,false,false,false,"",91,sms,wom_sms,1
"732101","2026-10-01","13",true,WOM-OTP-COLOMBIA-MED,1,0,false,false,false,"",115,sms,wom_sms,4
"732101","2026-10-01","13",true,WOM-OTP-COLOMBIA-MED,1,0,false,false,false,"",120,sms,wom_sms,1
"732101","2026-10-01","13",true,WOM-OTP-COLOMBIA-MED,1,0,false,false,false,"",121,sms,wom_sms,1
"732101","2026-10-01","13",true,WOM-OTP-COLOMBIA-MED,1,0,false,false,false,"",131,sms,wom_sms,1
"732101","2026-10-01","13",true,WOM-OTP-COLOMBIA-MED,1,0,false,false,false,"",137,sms,wom_sms,3
"732101","2026-10-01","13",true,WOM-OTP-COLOMBIA-MED,1,0,false,false,false,"",140,sms,wom_sms,2
"732101","2026-10-01","13",true,WOM-OTP-COLOMBIA-MED,1,0,false,false,false,"",149,sms,wom_sms,1
"732101","2026-10-01","13",true,WOM-OTP-COLOMBIA-MED,1,0,false,false,false,"",151,sms,wom_sms,3
"732101","2026-10-01","13",true,WOM-OTP-COLOMBIA-MED,1,0,false,false,false,"",152,sms,wom_sms,24
"732101","2026-10-01","13",true,WOM-OTP-COLOMBIA-MED,1,0,false,false,false,"",153,sms,wom_sms,1
"732101","2026-10-01","13",true,WOM-OTP-COLOMBIA-MED,9,1,true,false,false,"",67,sms,wom_sms,652
"732101","2026-10-01","13",true,WOM-OTP-COLOMBIA-MED,9,2,true,false,false,"",67,sms,wom_sms,639
"732101","2026-10-01","13",true,WOM-OTP-COLOMBIA-MED,9,3,true,false,false,"",67,sms,wom_sms,655
"732101","2026-10-01","13",true,WOM-OTP-COLOMBIA-MED,9,4,true,false,false,"",67,sms,wom_sms,673
"732101","2026-10-01","13",true,WOM-OTP-COLOMBIA-MED,9,5,true,false,false,"",67,sms,wom_sms,662
"732101","2026-10-01","13",true,WOM-OTP-COLOMBIA-MED,9,6,true,false,false,"",67,sms,wom_sms,635
"732101","2026-10-01","13",true,WOM-OTP-COLOMBIA-MED,9,7,true,false,false,"",67,sms,wom_sms,662
"732101","2026-10-01","13",true,WOM-OTP-COLOMBIA-MED,9,8,true,false,false,"",67,sms,wom_sms,664
"732101","2026-10-01","13",true,WOM-OTP-COLOMBIA-MED,9,9,true,false,false,"",42,sms,wom_sms,1
"732101","2026-10-01","13",true,WOM-OTP-COLOMBIA-MED,9,9,true,false,false,"",45,sms,wom_sms,5
"732101","2026-10-01","13",true,WOM-OTP-COLOMBIA-MED,9,9,true,false,false,"",46,sms,wom_sms,5
"732101","2026-10-01","13",true,WOM-OTP-COLOMBIA-MED,9,9,true,false,false,"",47,sms,wom_sms,11
"732101","2026-10-01","13",true,WOM-OTP-COLOMBIA-MED,9,9,true,false,false,"",48,sms,wom_sms,13
"732101","2026-10-01","13",true,WOM-OTP-COLOMBIA-MED,9,9,true,false,false,"",49,sms,wom_sms,21
"732101","2026-10-01","13",true,WOM-OTP-COLOMBIA-MED,9,9,true,false,false,"",50,sms,wom_sms,22
"732101","2026-10-01","13",true,WOM-OTP-COLOMBIA-MED,9,9,true,false,false,"",51,sms,wom_sms,29
"732101","2026-10-01","13",true,WOM-OTP-COLOMBIA-MED,9,9,true,false,false,"",52,sms,wom_sms,40
"732101","2026-10-01","13",true,WOM-OTP-COLOMBIA-MED,9,9,true,false,false,"",53,sms,wom_sms,36
"732101","2026-10-01","13",true,WOM-OTP-COLOMBIA-MED,9,9,true,false,false,"",54,sms,wom_sms,57
"732101","2026-10-01","13",true,WOM-OTP-COLOMBIA-MED,9,9,true,false,false,"",55,sms,wom_sms,59
"732101","2026-10-01","13",true,WOM-OTP-COLOMBIA-MED,9,9,true,false,false,"",56,sms,wom_sms,64
"732101","2026-10-01","13",true,WOM-OTP-COLOMBIA-MED,9,9,true,false,false,"",57,sms,wom_sms,53
"732101","2026-10-01","13",true,WOM-OTP-COLOMBIA-MED,9,9,true,false,false,"",58,sms,wom_sms,63
"732101","2026-10-01","13",true,WOM-OTP-COLOMBIA-MED,9,9,true,false,false,"",59,sms,wom_sms,60
"732101","2026-10-01","13",true,WOM-OTP-COLOMBIA-MED,9,9,true,false,false,"",60,sms,wom_sms,50
"732101","2026-10-01","13",true,WOM-OTP-COLOMBIA-MED,9,9,true,false,false,"",61,sms,wom_sms,28
"732101","2026-10-01","13",true,WOM-OTP-COLOMBIA-MED,9,9,true,false,false,"",62,sms,wom_sms,18
"732101","2026-10-01","13",true,WOM-OTP-COLOMBIA-MED,9,9,true,false,false,"",63,sms,wom_sms,14
"732101","2026-10-01","13",true,WOM-OTP-COLOMBIA-MED,9,9,true,false,false,"",64,sms,wom_sms,6
"732101","2026-10-01","13",true,WOM-OTP-COLOMBIA-MED,9,9,true,false,false,"",65,sms,wom_sms,2
