"network_id","fecha","hora","billed","provider","segments","segment_number","is_unicode","failed","excluded","reason","total_characters","message_type","alias_provider","cuenta"
"","2026-09-17","00",false,altanrobot,1,0,false,true,false,ESME_RINVSRCADR,144,flash,"",2
"","2026-09-17","02",false,altanrobot,1,0,false,true,false,ESME_RINVSRCADR,144,flash,"",2
"","2026-09-17","06",false,alestra,1,0,false,true,false,ESME_RINVSRCADR,149,sms,"",1
"","2026-09-17","14",false,altanrobot,1,0,false,true,false,ESME_RINVSRCADR,142,sms,"",2
"","2026-09-17","14",false,altanrobot,1,0,false,true,false,ESME_RINVSRCADR,143,sms,"",1
"","2026-09-17","15",false,altanrobot,2,1,false,true,false,ESME_RINVSRCADR,153,sms,"",3
"","2026-09-17","15",false,altanrobot,2,2,false,true,false,ESME_RINVSRCADR,39,sms,"",2
"","2026-09-17","15",false,altanrobot,2,2,false,true,false,ESME_RINVSRCADR,47,sms,"",1
"33401","2026-09-17","00",false,ROBOCOM-MOVISTAR,1,0,false,true,false,ESME_RSUBMITFAIL,37,sms,ROBOCOM_SMS,1
"33401","2026-09-17","00",false,ROBOCOM-MOVISTAR,1,0,false,true,false,ESME_RSUBMITFAIL,119,sms,ROBOCOM_SMS,2
"33401","2026-09-17","00",false,ROBOCOM-MOVISTAR,1,0,false,true,false,ESME_RSUBMITFAIL,120,sms,ROBOCOM_SMS,8
"33401","2026-09-17","00",false,ROBOCOM-MOVISTAR,1,0,false,true,false,ESME_RSUBMITFAIL,127,sms,ROBOCOM_SMS,10
"33401","2026-09-17","00",false,ROBOCOM-MOVISTAR,1,0,false,true,false,ESME_RSUBMITFAIL,133,flash,ROBOCOM_SMS,59
"33401","2026-09-17","00",false,ROBOCOM-MOVISTAR,1,0,false,true,false,ESME_RSUBMITFAIL,135,flash,ROBOCOM_SMS,1
"33401","2026-09-17","00",false,ROBOCOM-MOVISTAR,1,0,false,true,false,ESME_RSUBMITFAIL,140,flash,ROBOCOM_SMS,6
"33401","2026-09-17","00",false,ROBOCOM-MOVISTAR,1,0,false,true,false,ESME_RSUBMITFAIL,141,flash,ROBOCOM_SMS,339
"33401","2026-09-17","00",false,ROBOCOM-MOVISTAR,1,0,false,true,false,ESME_RSUBMITFAIL,142,flash,ROBOCOM_SMS,1419
"33401","2026-09-17","00",false,ROBOCOM-MOVISTAR,1,0,false,true,false,ESME_RSUBMITFAIL,143,flash,ROBOCOM_SMS,20
"33401","2026-09-17","00",false,ROBOCOM-MOVISTAR,1,0,false,true,false,ESME_RSUBMITFAIL,144,flash,ROBOCOM_SMS,57
"33401","2026-09-17","00",false,ROBOCOM-MOVISTAR,1,0,false,true,false,ESME_RSUBMITFAIL,145,flash,ROBOCOM_SMS,184
"33401","2026-09-17","00",false,ROBOCOM-MOVISTAR,1,0,false,true,false,ESME_RSUBMITFAIL,146,flash,ROBOCOM_SMS,19
"33401","2026-09-17","00",false,ROBOCOM-MOVISTAR,1,0,false,true,false,ESME_RSUBMITFAIL,149,flash,ROBOCOM_SMS,1
"33401","2026-09-17","00",false,ROBOCOM-MOVISTAR,1,0,false,true,false,ESME_RSUBMITFAIL,149,sms,ROBOCOM_SMS,1
"33401","2026-09-17","00",false,ROBOCOM-MOVISTAR,1,0,false,true,false,ESME_RSUBMITFAIL,158,flash,ROBOCOM_SMS,1
"33401","2026-09-17","00",false,ROBOCOM-MOVISTAR,1,0,false,true,false,ESME_RSUBMITFAIL,158,sms,ROBOCOM_SMS,1
"33401","2026-09-17","00",false,ROBOCOM-MOVISTAR,1,0,false,true,false,ESME_RTHROTTLED,141,flash,ROBOCOM_SMS,40
"33401","2026-09-17","00",false,ROBOCOM-MOVISTAR,1,0,false,true,false,ESME_RTHROTTLED,142,flash,ROBOCOM_SMS,189
"33401","2026-09-17","00",false,ROBOCOM-MOVISTAR,1,0,false,true,false,ESME_RTHROTTLED,144,flash,ROBOCOM_SMS,2
"33401","2026-09-17","00",false,ROBOCOM-MOVISTAR,1,0,false,true,false,ESME_RTHROTTLED,158,sms,ROBOCOM_SMS,1
"33401","2026-09-17","00",false,ROBOCOM-MOVISTAR,2,1,false,true,false,ESME_RTHROTTLED,153,sms,ROBOCOM_SMS,4
"33401","2026-09-17","00",false,ROBOCOM-MOVISTAR,2,2,false,true,false,ESME_RTHROTTLED,8,sms,ROBOCOM_SMS,1
"33401","2026-09-17","00",false,ROBOCOM-MOVISTAR,2,2,false,true,false,ESME_RTHROTTLED,36,sms,ROBOCOM_SMS,1
"33401","2026-09-17","00",true,GW_ROBOT_TELCEL_2,1,0,false,false,false,"",81,sms,rob2tel,3
"33401","2026-09-17","00",true,GW_ROBOT_TELCEL_2,1,0,false,false,false,"",102,sms,rob2tel,1
"33401","2026-09-17","00",true,GW_ROBOT_TELCEL_2,1,0,false,false,false,"",109,sms,rob2tel,1
"33401","2026-09-17","00",true,GW_ROBOT_TELCEL_2,1,0,false,false,false,"",120,sms,rob2tel,37
"33401","2026-09-17","00",true,GW_ROBOT_TELCEL_2,1,0,false,false,false,"",122,sms,rob2tel,2
"33401","2026-09-17","00",true,GW_ROBOT_TELCEL_2,1,0,false,false,false,"",125,sms,rob2tel,1
"33401","2026-09-17","00",true,GW_ROBOT_TELCEL_2,1,0,false,false,false,"",126,sms,rob2tel,2
"33401","2026-09-17","00",true,GW_ROBOT_TELCEL_2,1,0,false,false,false,"",127,sms,rob2tel,2
"33401","2026-09-17","00",true,GW_ROBOT_TELCEL_2,1,0,false,false,false,"",130,sms,rob2tel,1
"33401","2026-09-17","00",true,GW_ROBOT_TELCEL_2,1,0,false,false,false,"",132,sms,rob2tel,5
"33401","2026-09-17","00",true,GW_ROBOT_TELCEL_2,1,0,false,false,false,"",133,flash,rob2tel,182
"33401","2026-09-17","00",true,GW_ROBOT_TELCEL_2,1,0,false,false,false,"",134,sms,rob2tel,1
"33401","2026-09-17","00",true,GW_ROBOT_TELCEL_2,1,0,false,false,false,"",135,flash,rob2tel,2
"33401","2026-09-17","00",true,GW_ROBOT_TELCEL_2,1,0,false,false,false,"",135,sms,rob2tel,1
"33401","2026-09-17","00",true,GW_ROBOT_TELCEL_2,1,0,false,false,false,"",136,sms,rob2tel,2
"33401","2026-09-17","00",true,GW_ROBOT_TELCEL_2,1,0,false,false,false,"",137,sms,rob2tel,2
"33401","2026-09-17","00",true,GW_ROBOT_TELCEL_2,1,0,false,false,false,"",139,flash,rob2tel,2
"33401","2026-09-17","00",true,GW_ROBOT_TELCEL_2,1,0,false,false,false,"",139,sms,rob2tel,1
"33401","2026-09-17","00",true,GW_ROBOT_TELCEL_2,1,0,false,false,false,"",140,flash,rob2tel,18
"33401","2026-09-17","00",true,GW_ROBOT_TELCEL_2,1,0,false,false,false,"",140,sms,rob2tel,1
"33401","2026-09-17","00",true,GW_ROBOT_TELCEL_2,1,0,false,false,false,"",141,flash,rob2tel,1382
"33401","2026-09-17","00",true,GW_ROBOT_TELCEL_2,1,0,false,false,false,"",142,flash,rob2tel,5843
"33401","2026-09-17","00",true,GW_ROBOT_TELCEL_2,1,0,false,false,false,"",143,flash,rob2tel,79
"33401","2026-09-17","00",true,GW_ROBOT_TELCEL_2,1,0,false,false,false,"",144,flash,rob2tel,295
"33401","2026-09-17","00",true,GW_ROBOT_TELCEL_2,1,0,false,false,false,"",145,flash,rob2tel,868
"33401","2026-09-17","00",true,GW_ROBOT_TELCEL_2,1,0,false,false,false,"",146,flash,rob2tel,164
"33401","2026-09-17","00",true,GW_ROBOT_TELCEL_2,1,0,false,false,false,"",147,flash,rob2tel,6
"33401","2026-09-17","00",true,GW_ROBOT_TELCEL_2,1,0,false,false,false,"",147,sms,rob2tel,1
"33401","2026-09-17","00",true,GW_ROBOT_TELCEL_2,1,0,false,false,false,"",148,sms,rob2tel,1
"33401","2026-09-17","00",true,GW_ROBOT_TELCEL_2,1,0,false,false,false,"",149,flash,rob2tel,1
"33401","2026-09-17","00",true,GW_ROBOT_TELCEL_2,1,0,false,false,false,"",150,sms,rob2tel,1
"33401","2026-09-17","00",true,GW_ROBOT_TELCEL_2,1,0,false,false,false,"",151,sms,rob2tel,1
"33401","2026-09-17","00",true,GW_ROBOT_TELCEL_2,1,0,false,false,false,"",152,sms,rob2tel,4
"33401","2026-09-17","00",true,GW_ROBOT_TELCEL_2,1,0,false,false,false,"",153,sms,rob2tel,3
"33401","2026-09-17","00",true,GW_ROBOT_TELCEL_2,1,0,false,false,false,"",154,flash,rob2tel,1
"33401","2026-09-17","00",true,GW_ROBOT_TELCEL_2,1,0,false,false,false,"",154,sms,rob2tel,3
"33401","2026-09-17","00",true,GW_ROBOT_TELCEL_2,1,0,false,false,false,"",155,sms,rob2tel,3
"33401","2026-09-17","00",true,GW_ROBOT_TELCEL_2,1,0,false,false,false,"",156,sms,rob2tel,5
"33401","2026-09-17","00",true,GW_ROBOT_TELCEL_2,1,0,false,false,false,"",157,sms,rob2tel,2
"33401","2026-09-17","00",true,GW_ROBOT_TELCEL_2,1,0,false,false,false,"",158,sms,rob2tel,28
"33401","2026-09-17","00",true,GW_ROBOT_TELCEL_2,1,0,false,false,false,"",159,sms,rob2tel,5
"33401","2026-09-17","00",true,GW_ROBOT_TELCEL_2,1,0,false,false,false,"",160,sms,rob2tel,8
"33401","2026-09-17","00",true,GW_ROBOT_TELCEL_2,2,1,false,false,false,"",134,sms,rob2tel,12
"33401","2026-09-17","00",true,GW_ROBOT_TELCEL_2,2,1,false,false,false,"",153,sms,rob2tel,135
"33401","2026-09-17","00",true,GW_ROBOT_TELCEL_2,2,1,true,false,false,"",67,sms,rob2tel,2
"33401","2026-09-17","00",true,GW_ROBOT_TELCEL_2,2,2,false,false,false,"",8,sms,rob2tel,7
"33401","2026-09-17","00",true,GW_ROBOT_TELCEL_2,2,2,false,false,false,"",9,sms,rob2tel,7
"33401","2026-09-17","00",true,GW_ROBOT_TELCEL_2,2,2,false,false,false,"",10,sms,rob2tel,3
"33401","2026-09-17","00",true,GW_ROBOT_TELCEL_2,2,2,false,false,false,"",11,sms,rob2tel,4
"33401","2026-09-17","00",true,GW_ROBOT_TELCEL_2,2,2,false,false,false,"",12,sms,rob2tel,5
"33401","2026-09-17","00",true,GW_ROBOT_TELCEL_2,2,2,false,false,false,"",13,sms,rob2tel,5
"33401","2026-09-17","00",true,GW_ROBOT_TELCEL_2,2,2,false,false,false,"",14,sms,rob2tel,7
"33401","2026-09-17","00",true,GW_ROBOT_TELCEL_2,2,2,false,false,false,"",15,sms,rob2tel,2
"33401","2026-09-17","00",true,GW_ROBOT_TELCEL_2,2,2,false,false,false,"",16,sms,rob2tel,3
"33401","2026-09-17","00",true,GW_ROBOT_TELCEL_2,2,2,false,false,false,"",17,sms,rob2tel,4
"33401","2026-09-17","00",true,GW_ROBOT_TELCEL_2,2,2,false,false,false,"",18,sms,rob2tel,5
"33401","2026-09-17","00",true,GW_ROBOT_TELCEL_2,2,2,false,false,false,"",19,sms,rob2tel,3
"33401","2026-09-17","00",true,GW_ROBOT_TELCEL_2,2,2,false,false,false,"",20,sms,rob2tel,2
"33401","2026-09-17","00",true,GW_ROBOT_TELCEL_2,2,2,false,false,false,"",21,sms,rob2tel,1
"33401","2026-09-17","00",true,GW_ROBOT_TELCEL_2,2,2,false,false,false,"",22,sms,rob2tel,1
"33401","2026-09-17","00",true,GW_ROBOT_TELCEL_2,2,2,false,false,false,"",23,sms,rob2tel,5
"33401","2026-09-17","00",true,GW_ROBOT_TELCEL_2,2,2,false,false,false,"",24,sms,rob2tel,7
"33401","2026-09-17","00",true,GW_ROBOT_TELCEL_2,2,2,false,false,false,"",25,sms,rob2tel,2
"33401","2026-09-17","00",true,GW_ROBOT_TELCEL_2,2,2,false,false,false,"",26,sms,rob2tel,3
"33401","2026-09-17","00",true,GW_ROBOT_TELCEL_2,2,2,false,false,false,"",27,sms,rob2tel,7
"33401","2026-09-17","00",true,GW_ROBOT_TELCEL_2,2,2,false,false,false,"",28,sms,rob2tel,3
"33401","2026-09-17","00",true,GW_ROBOT_TELCEL_2,2,2,false,false,false,"",29,sms,rob2tel,3
"33401","2026-09-17","00",true,GW_ROBOT_TELCEL_2,2,2,false,false,false,"",30,sms,rob2tel,5
"33401","2026-09-17","00",true,GW_ROBOT_TELCEL_2,2,2,false,false,false,"",32,sms,rob2tel,1
"33401","2026-09-17","00",true,GW_ROBOT_TELCEL_2,2,2,false,false,false,"",33,sms,rob2tel,3
"33401","2026-09-17","00",true,GW_ROBOT_TELCEL_2,2,2,false,false,false,"",35,sms,rob2tel,4
"33401","2026-09-17","00",true,GW_ROBOT_TELCEL_2,2,2,false,false,false,"",37,sms,rob2tel,2
"33401","2026-09-17","00",true,GW_ROBOT_TELCEL_2,2,2,false,false,false,"",38,sms,rob2tel,4
"33401","2026-09-17","00",true,GW_ROBOT_TELCEL_2,2,2,false,false,false,"",41,sms,rob2tel,3
"33401","2026-09-17","00",true,GW_ROBOT_TELCEL_2,2,2,false,false,false,"",42,sms,rob2tel,2
"33401","2026-09-17","00",true,GW_ROBOT_TELCEL_2,2,2,false,false,false,"",43,sms,rob2tel,4
"33401","2026-09-17","00",true,GW_ROBOT_TELCEL_2,2,2,false,false,false,"",44,sms,rob2tel,2
"33401","2026-09-17","00",true,GW_ROBOT_TELCEL_2,2,2,false,false,false,"",45,sms,rob2tel,1
"33401","2026-09-17","00",true,GW_ROBOT_TELCEL_2,2,2,false,false,false,"",47,sms,rob2tel,3
"33401","2026-09-17","00",true,GW_ROBOT_TELCEL_2,2,2,false,false,false,"",48,sms,rob2tel,1
"33401","2026-09-17","00",true,GW_ROBOT_TELCEL_2,2,2,false,false,false,"",49,sms,rob2tel,3
"33401","2026-09-17","00",true,GW_ROBOT_TELCEL_2,2,2,false,false,false,"",50,sms,rob2tel,1
"33401","2026-09-17","00",true,GW_ROBOT_TELCEL_2,2,2,false,false,false,"",51,sms,rob2tel,1
"33401","2026-09-17","00",true,GW_ROBOT_TELCEL_2,2,2,false,false,false,"",53,sms,rob2tel,1
"33401","2026-09-17","00",true,GW_ROBOT_TELCEL_2,2,2,false,false,false,"",56,sms,rob2tel,1
"33401","2026-09-17","00",true,GW_ROBOT_TELCEL_2,2,2,false,false,false,"",57,sms,rob2tel,1
"33401","2026-09-17","00",true,GW_ROBOT_TELCEL_2,2,2,false,false,false,"",59,sms,rob2tel,1
"33401","2026-09-17","00",true,GW_ROBOT_TELCEL_2,2,2,false,false,false,"",62,sms,rob2tel,1
"33401","2026-09-17","00",true,GW_ROBOT_TELCEL_2,2,2,false,false,false,"",63,sms,rob2tel,1
"33401","2026-09-17","00",true,GW_ROBOT_TELCEL_2,2,2,false,false,false,"",64,sms,rob2tel,1
"33401","2026-09-17","00",true,GW_ROBOT_TELCEL_2,2,2,false,false,false,"",66,sms,rob2tel,2
"33401","2026-09-17","00",true,GW_ROBOT_TELCEL_2,2,2,false,false,false,"",67,sms,rob2tel,2
"33401","2026-09-17","00",true,GW_ROBOT_TELCEL_2,2,2,false,false,false,"",71,sms,rob2tel,2
"33401","2026-09-17","00",true,GW_ROBOT_TELCEL_2,2,2,false,false,false,"",76,sms,rob2tel,1
"33401","2026-09-17","00",true,GW_ROBOT_TELCEL_2,2,2,false,false,false,"",80,sms,rob2tel,1
"33401","2026-09-17","00",true,GW_ROBOT_TELCEL_2,2,2,false,false,false,"",86,sms,rob2tel,1
"33401","2026-09-17","00",true,GW_ROBOT_TELCEL_2,2,2,false,false,false,"",88,sms,rob2tel,1
"33401","2026-09-17","00",true,GW_ROBOT_TELCEL_2,2,2,false,false,false,"",130,sms,rob2tel,1
"33401","2026-09-17","00",true,GW_ROBOT_TELCEL_2,2,2,true,false,false,"",31,sms,rob2tel,1
"33401","2026-09-17","00",true,GW_ROBOT_TELCEL_2,2,2,true,false,false,"",61,sms,rob2tel,2
"33401","2026-09-17","00",true,GW_ROBOT_TELCEL_2,3,1,false,false,false,"",134,sms,rob2tel,10
"33401","2026-09-17","00",true,GW_ROBOT_TELCEL_2,3,2,false,false,false,"",134,sms,rob2tel,11
"33401","2026-09-17","00",true,GW_ROBOT_TELCEL_2,3,2,true,false,false,"",67,sms,rob2tel,1
"33401","2026-09-17","00",true,GW_ROBOT_TELCEL_2,3,3,false,false,false,"",1,sms,rob2tel,1
"33401","2026-09-17","00",true,GW_ROBOT_TELCEL_2,3,3,false,false,false,"",2,sms,rob2tel,1
"33401","2026-09-17","00",true,GW_ROBOT_TELCEL_2,3,3,false,false,false,"",5,sms,rob2tel,2
"33401","2026-09-17","00",true,GW_ROBOT_TELCEL_2,3,3,false,false,false,"",8,sms,rob2tel,1
"33401","2026-09-17","00",true,GW_ROBOT_TELCEL_2,3,3,false,false,false,"",9,sms,rob2tel,1
"33401","2026-09-17","00",true,GW_ROBOT_TELCEL_2,3,3,false,false,false,"",12,sms,rob2tel,1
"33401","2026-09-17","00",true,GW_ROBOT_TELCEL_2,3,3,false,false,false,"",13,sms,rob2tel,1
"33401","2026-09-17","00",true,GW_ROBOT_TELCEL_2,3,3,false,false,false,"",15,sms,rob2tel,1
"33401","2026-09-17","00",true,GW_ROBOT_TELCEL_2,3,3,false,false,false,"",16,sms,rob2tel,1
"33401","2026-09-17","00",true,GW_ROBOT_TELCEL_2,3,3,false,false,false,"",25,sms,rob2tel,1
"33401","2026-09-17","00",true,GW_ROBOT_TELCEL_3,1,0,false,false,false,"",60,sms,rob2tel,1
"33401","2026-09-17","00",true,GW_ROBOT_TELCEL_3,1,0,false,false,false,"",79,sms,rob2tel,3
"33401","2026-09-17","00",true,GW_ROBOT_TELCEL_3,1,0,false,false,false,"",120,sms,rob2tel,38
"33401","2026-09-17","00",true,GW_ROBOT_TELCEL_3,1,0,false,false,false,"",122,sms,rob2tel,5
"33401","2026-09-17","00",true,GW_ROBOT_TELCEL_3,1,0,false,false,false,"",123,sms,rob2tel,1
"33401","2026-09-17","00",true,GW_ROBOT_TELCEL_3,1,0,false,false,false,"",126,sms,rob2tel,2
"33401","2026-09-17","00",true,GW_ROBOT_TELCEL_3,1,0,false,false,false,"",127,sms,rob2tel,4
"33401","2026-09-17","00",true,GW_ROBOT_TELCEL_3,1,0,false,false,false,"",132,sms,rob2tel,3
"33401","2026-09-17","00",true,GW_ROBOT_TELCEL_3,1,0,false,false,false,"",133,flash,rob2tel,178
"33401","2026-09-17","00",true,GW_ROBOT_TELCEL_3,1,0,false,false,false,"",135,sms,rob2tel,1
"33401","2026-09-17","00",true,GW_ROBOT_TELCEL_3,1,0,false,false,false,"",136,sms,rob2tel,1
"33401","2026-09-17","00",true,GW_ROBOT_TELCEL_3,1,0,false,false,false,"",138,sms,rob2tel,2
"33401","2026-09-17","00",true,GW_ROBOT_TELCEL_3,1,0,false,false,false,"",139,flash,rob2tel,2
"33401","2026-09-17","00",true,GW_ROBOT_TELCEL_3,1,0,false,false,false,"",140,flash,rob2tel,7
"33401","2026-09-17","00",true,GW_ROBOT_TELCEL_3,1,0,false,false,false,"",141,flash,rob2tel,1414
"33401","2026-09-17","00",true,GW_ROBOT_TELCEL_3,1,0,false,false,false,"",142,flash,rob2tel,5848
"33401","2026-09-17","00",true,GW_ROBOT_TELCEL_3,1,0,false,false,false,"",142,sms,rob2tel,1
"33401","2026-09-17","00",true,GW_ROBOT_TELCEL_3,1,0,false,false,false,"",143,flash,rob2tel,66
"33401","2026-09-17","00",true,GW_ROBOT_TELCEL_3,1,0,false,false,false,"",143,sms,rob2tel,2
"33401","2026-09-17","00",true,GW_ROBOT_TELCEL_3,1,0,false,false,false,"",144,flash,rob2tel,297
"33401","2026-09-17","00",true,GW_ROBOT_TELCEL_3,1,0,false,false,false,"",145,flash,rob2tel,896
"33401","2026-09-17","00",true,GW_ROBOT_TELCEL_3,1,0,false,false,false,"",146,flash,rob2tel,192
"33401","2026-09-17","00",true,GW_ROBOT_TELCEL_3,1,0,false,false,false,"",147,flash,rob2tel,7
"33401","2026-09-17","00",true,GW_ROBOT_TELCEL_3,1,0,false,false,false,"",147,sms,rob2tel,3
"33401","2026-09-17","00",true,GW_ROBOT_TELCEL_3,1,0,false,false,false,"",148,sms,rob2tel,2
"33401","2026-09-17","00",true,GW_ROBOT_TELCEL_3,1,0,false,false,false,"",149,flash,rob2tel,1
"33401","2026-09-17","00",true,GW_ROBOT_TELCEL_3,1,0,false,false,false,"",149,sms,rob2tel,3
"33401","2026-09-17","00",true,GW_ROBOT_TELCEL_3,1,0,false,false,false,"",150,sms,rob2tel,4
"33401","2026-09-17","00",true,GW_ROBOT_TELCEL_3,1,0,false,false,false,"",151,sms,rob2tel,4
"33401","2026-09-17","00",true,GW_ROBOT_TELCEL_3,1,0,false,false,false,"",152,sms,rob2tel,5
"33401","2026-09-17","00",true,GW_ROBOT_TELCEL_3,1,0,false,false,false,"",153,sms,rob2tel,3
"33401","2026-09-17","00",true,GW_ROBOT_TELCEL_3,1,0,false,false,false,"",154,sms,rob2tel,9
"33401","2026-09-17","00",true,GW_ROBOT_TELCEL_3,1,0,false,false,false,"",155,sms,rob2tel,4
"33401","2026-09-17","00",true,GW_ROBOT_TELCEL_3,1,0,false,false,false,"",156,sms,rob2tel,3
"33401","2026-09-17","00",true,GW_ROBOT_TELCEL_3,1,0,false,false,false,"",157,sms,rob2tel,3
"33401","2026-09-17","00",true,GW_ROBOT_TELCEL_3,1,0,false,false,false,"",158,flash,rob2tel,2
"33401","2026-09-17","00",true,GW_ROBOT_TELCEL_3,1,0,false,false,false,"",158,sms,rob2tel,28
"33401","2026-09-17","00",true,GW_ROBOT_TELCEL_3,1,0,false,false,false,"",159,sms,rob2tel,5
"33401","2026-09-17","00",true,GW_ROBOT_TELCEL_3,1,0,false,false,false,"",160,sms,rob2tel,4
"33401","2026-09-17","00",true,GW_ROBOT_TELCEL_3,2,1,false,false,false,"",134,sms,rob2tel,23
"33401","2026-09-17","00",true,GW_ROBOT_TELCEL_3,2,1,false,false,false,"",153,sms,rob2tel,141
"33401","2026-09-17","00",true,GW_ROBOT_TELCEL_3,2,1,true,false,false,"",67,sms,rob2tel,4
"33401","2026-09-17","00",true,GW_ROBOT_TELCEL_3,2,2,false,false,false,"",8,sms,rob2tel,4
"33401","2026-09-17","00",true,GW_ROBOT_TELCEL_3,2,2,false,false,false,"",9,sms,rob2tel,7
"33401","2026-09-17","00",true,GW_ROBOT_TELCEL_3,2,2,false,false,false,"",10,sms,rob2tel,4
"33401","2026-09-17","00",true,GW_ROBOT_TELCEL_3,2,2,false,false,false,"",11,sms,rob2tel,2
"33401","2026-09-17","00",true,GW_ROBOT_TELCEL_3,2,2,false,false,false,"",12,sms,rob2tel,6
"33401","2026-09-17","00",true,GW_ROBOT_TELCEL_3,2,2,false,false,false,"",13,sms,rob2tel,4
"33401","2026-09-17","00",true,GW_ROBOT_TELCEL_3,2,2,false,false,false,"",14,sms,rob2tel,5
"33401","2026-09-17","00",true,GW_ROBOT_TELCEL_3,2,2,false,false,false,"",15,sms,rob2tel,4
"33401","2026-09-17","00",true,GW_ROBOT_TELCEL_3,2,2,false,false,false,"",16,sms,rob2tel,2
"33401","2026-09-17","00",true,GW_ROBOT_TELCEL_3,2,2,false,false,false,"",17,sms,rob2tel,2
"33401","2026-09-17","00",true,GW_ROBOT_TELCEL_3,2,2,false,false,false,"",18,sms,rob2tel,3
"33401","2026-09-17","00",true,GW_ROBOT_TELCEL_3,2,2,false,false,false,"",19,sms,rob2tel,9
"33401","2026-09-17","00",true,GW_ROBOT_TELCEL_3,2,2,false,false,false,"",20,sms,rob2tel,4
"33401","2026-09-17","00",true,GW_ROBOT_TELCEL_3,2,2,false,false,false,"",21,sms,rob2tel,6
"33401","2026-09-17","00",true,GW_ROBOT_TELCEL_3,2,2,false,false,false,"",22,sms,rob2tel,9
"33401","2026-09-17","00",true,GW_ROBOT_TELCEL_3,2,2,false,false,false,"",23,sms,rob2tel,2
"33401","2026-09-17","00",true,GW_ROBOT_TELCEL_3,2,2,false,false,false,"",24,sms,rob2tel,7
"33401","2026-09-17","00",true,GW_ROBOT_TELCEL_3,2,2,false,false,false,"",25,sms,rob2tel,3
"33401","2026-09-17","00",true,GW_ROBOT_TELCEL_3,2,2,false,false,false,"",26,sms,rob2tel,7
"33401","2026-09-17","00",true,GW_ROBOT_TELCEL_3,2,2,false,false,false,"",27,sms,rob2tel,4
"33401","2026-09-17","00",true,GW_ROBOT_TELCEL_3,2,2,false,false,false,"",28,sms,rob2tel,5
"33401","2026-09-17","00",true,GW_ROBOT_TELCEL_3,2,2,false,false,false,"",29,sms,rob2tel,2
"33401","2026-09-17","00",true,GW_ROBOT_TELCEL_3,2,2,false,false,false,"",30,sms,rob2tel,4
"33401","2026-09-17","00",true,GW_ROBOT_TELCEL_3,2,2,false,false,false,"",31,sms,rob2tel,4
"33401","2026-09-17","00",true,GW_ROBOT_TELCEL_3,2,2,false,false,false,"",32,sms,rob2tel,4
"33401","2026-09-17","00",true,GW_ROBOT_TELCEL_3,2,2,false,false,false,"",34,sms,rob2tel,2
"33401","2026-09-17","00",true,GW_ROBOT_TELCEL_3,2,2,false,false,false,"",36,sms,rob2tel,1
"33401","2026-09-17","00",true,GW_ROBOT_TELCEL_3,2,2,false,false,false,"",37,sms,rob2tel,2
"33401","2026-09-17","00",true,GW_ROBOT_TELCEL_3,2,2,false,false,false,"",38,sms,rob2tel,3
"33401","2026-09-17","00",true,GW_ROBOT_TELCEL_3,2,2,false,false,false,"",39,sms,rob2tel,1
"33401","2026-09-17","00",true,GW_ROBOT_TELCEL_3,2,2,false,false,false,"",41,sms,rob2tel,2
"33401","2026-09-17","00",true,GW_ROBOT_TELCEL_3,2,2,false,false,false,"",42,sms,rob2tel,2
"33401","2026-09-17","00",true,GW_ROBOT_TELCEL_3,2,2,false,false,false,"",43,sms,rob2tel,3
"33401","2026-09-17","00",true,GW_ROBOT_TELCEL_3,2,2,false,false,false,"",44,sms,rob2tel,2
"33401","2026-09-17","00",true,GW_ROBOT_TELCEL_3,2,2,false,false,false,"",46,sms,rob2tel,2
"33401","2026-09-17","00",true,GW_ROBOT_TELCEL_3,2,2,false,false,false,"",47,sms,rob2tel,2
"33401","2026-09-17","00",true,GW_ROBOT_TELCEL_3,2,2,false,false,false,"",48,sms,rob2tel,3
"33401","2026-09-17","00",true,GW_ROBOT_TELCEL_3,2,2,false,false,false,"",49,sms,rob2tel,2
"33401","2026-09-17","00",true,GW_ROBOT_TELCEL_3,2,2,false,false,false,"",51,sms,rob2tel,1
"33401","2026-09-17","00",true,GW_ROBOT_TELCEL_3,2,2,false,false,false,"",52,sms,rob2tel,2
"33401","2026-09-17","00",true,GW_ROBOT_TELCEL_3,2,2,false,false,false,"",53,sms,rob2tel,1
"33401","2026-09-17","00",true,GW_ROBOT_TELCEL_3,2,2,false,false,false,"",55,sms,rob2tel,1
"33401","2026-09-17","00",true,GW_ROBOT_TELCEL_3,2,2,false,false,false,"",57,sms,rob2tel,1
"33401","2026-09-17","00",true,GW_ROBOT_TELCEL_3,2,2,false,false,false,"",58,sms,rob2tel,1
"33401","2026-09-17","00",true,GW_ROBOT_TELCEL_3,2,2,false,false,false,"",59,sms,rob2tel,1
"33401","2026-09-17","00",true,GW_ROBOT_TELCEL_3,2,2,false,false,false,"",60,sms,rob2tel,1
"33401","2026-09-17","00",true,GW_ROBOT_TELCEL_3,2,2,false,false,false,"",61,sms,rob2tel,1
"33401","2026-09-17","00",true,GW_ROBOT_TELCEL_3,2,2,false,false,false,"",62,sms,rob2tel,1
"33401","2026-09-17","00",true,GW_ROBOT_TELCEL_3,2,2,false,false,false,"",63,sms,rob2tel,1
"33401","2026-09-17","00",true,GW_ROBOT_TELCEL_3,2,2,false,false,false,"",65,sms,rob2tel,3
"33401","2026-09-17","00",true,GW_ROBOT_TELCEL_3,2,2,false,false,false,"",68,sms,rob2tel,1
"33401","2026-09-17","00",true,GW_ROBOT_TELCEL_3,2,2,false,false,false,"",69,sms,rob2tel,1
"33401","2026-09-17","00",true,GW_ROBOT_TELCEL_3,2,2,false,false,false,"",71,sms,rob2tel,1
"33401","2026-09-17","00",true,GW_ROBOT_TELCEL_3,2,2,false,false,false,"",74,sms,rob2tel,1
"33401","2026-09-17","00",true,GW_ROBOT_TELCEL_3,2,2,false,false,false,"",92,sms,rob2tel,1
"33401","2026-09-17","00",true,GW_ROBOT_TELCEL_3,2,2,false,false,false,"",116,sms,rob2tel,1
"33401","2026-09-17","00",true,GW_ROBOT_TELCEL_3,2,2,false,false,false,"",129,sms,rob2tel,1
"33401","2026-09-17","00",true,GW_ROBOT_TELCEL_3,2,2,false,false,false,"",130,sms,rob2tel,1
"33401","2026-09-17","00",true,GW_ROBOT_TELCEL_3,2,2,false,false,false,"",134,sms,rob2tel,1
"33401","2026-09-17","00",true,GW_ROBOT_TELCEL_3,2,2,true,false,false,"",31,sms,rob2tel,1
"33401","2026-09-17","00",true,GW_ROBOT_TELCEL_3,2,2,true,false,false,"",61,sms,rob2tel,2
"33401","2026-09-17","00",true,GW_ROBOT_TELCEL_3,3,1,false,false,false,"",134,sms,rob2tel,16
"33401","2026-09-17","00",true,GW_ROBOT_TELCEL_3,3,1,true,false,false,"",67,sms,rob2tel,2
"33401","2026-09-17","00",true,GW_ROBOT_TELCEL_3,3,2,false,false,false,"",134,sms,rob2tel,15
"33401","2026-09-17","00",true,GW_ROBOT_TELCEL_3,3,2,true,false,false,"",67,sms,rob2tel,1
"33401","2026-09-17","00",true,GW_ROBOT_TELCEL_3,3,3,false,false,false,"",1,sms,rob2tel,2
"33401","2026-09-17","00",true,GW_ROBOT_TELCEL_3,3,3,false,false,false,"",2,sms,rob2tel,1
"33401","2026-09-17","00",true,GW_ROBOT_TELCEL_3,3,3,false,false,false,"",4,sms,rob2tel,1
"33401","2026-09-17","00",true,GW_ROBOT_TELCEL_3,3,3,false,false,false,"",6,sms,rob2tel,1
"33401","2026-09-17","00",true,GW_ROBOT_TELCEL_3,3,3,false,false,false,"",8,sms,rob2tel,1
"33401","2026-09-17","00",true,GW_ROBOT_TELCEL_3,3,3,false,false,false,"",10,sms,rob2tel,3
"33401","2026-09-17","00",true,GW_ROBOT_TELCEL_3,3,3,false,false,false,"",12,sms,rob2tel,1
"33401","2026-09-17","00",true,GW_ROBOT_TELCEL_3,3,3,false,false,false,"",15,sms,rob2tel,1
"33401","2026-09-17","00",true,GW_ROBOT_TELCEL_3,3,3,false,false,false,"",16,sms,rob2tel,1
"33401","2026-09-17","00",true,GW_ROBOT_TELCEL_3,3,3,false,false,false,"",24,sms,rob2tel,1
"33401","2026-09-17","00",true,GW_ROBOT_TELCEL_3,3,3,false,false,false,"",25,sms,rob2tel,2
"33401","2026-09-17","00",true,GW_ROBOT_TELCEL_3,3,3,true,false,false,"",18,sms,rob2tel,2
"33401","2026-09-17","00",true,MENSAJERIA_MEXICO_OPENIP,2,1,true,false,false,"",67,sms,openipsms,75
"33401","2026-09-17","00",true,MENSAJERIA_MEXICO_OPENIP,2,2,true,false,false,"",60,sms,openipsms,4
"33401","2026-09-17","00",true,MENSAJERIA_MEXICO_OPENIP,2,2,true,false,false,"",61,sms,openipsms,3
"33401","2026-09-17","00",true,MENSAJERIA_MEXICO_OPENIP,2,2,true,false,false,"",62,sms,openipsms,21
"33401","2026-09-17","00",true,MENSAJERIA_MEXICO_OPENIP,2,2,true,false,false,"",63,sms,openipsms,9
"33401","2026-09-17","00",true,MENSAJERIA_MEXICO_OPENIP,2,2,true,false,false,"",64,sms,openipsms,12
"33401","2026-09-17","00",true,MENSAJERIA_MEXICO_OPENIP,2,2,true,false,false,"",65,sms,openipsms,5
"33401","2026-09-17","00",true,MENSAJERIA_MEXICO_OPENIP,2,2,true,false,false,"",66,sms,openipsms,10
"33401","2026-09-17","00",true,MENSAJERIA_MEXICO_OPENIP,2,2,true,false,false,"",67,sms,openipsms,11
"33401","2026-09-17","00",true,MENSAJERIA_MEXICO_OPENIP,3,1,true,false,false,"",67,sms,openipsms,77
"33401","2026-09-17","00",true,MENSAJERIA_MEXICO_OPENIP,3,2,true,false,false,"",67,sms,openipsms,77
"33401","2026-09-17","00",true,MENSAJERIA_MEXICO_OPENIP,3,3,true,false,false,"",1,sms,openipsms,14
"33401","2026-09-17","00",true,MENSAJERIA_MEXICO_OPENIP,3,3,true,false,false,"",2,sms,openipsms,15
"33401","2026-09-17","00",true,MENSAJERIA_MEXICO_OPENIP,3,3,true,false,false,"",3,sms,openipsms,20
"33401","2026-09-17","00",true,MENSAJERIA_MEXICO_OPENIP,3,3,true,false,false,"",4,sms,openipsms,11
"33401","2026-09-17","00",true,MENSAJERIA_MEXICO_OPENIP,3,3,true,false,false,"",5,sms,openipsms,5
"33401","2026-09-17","00",true,MENSAJERIA_MEXICO_OPENIP,3,3,true,false,false,"",6,sms,openipsms,3
"33401","2026-09-17","00",true,MENSAJERIA_MEXICO_OPENIP,3,3,true,false,false,"",7,sms,openipsms,6
"33401","2026-09-17","00",true,MENSAJERIA_MEXICO_OPENIP,3,3,true,false,false,"",9,sms,openipsms,2
"33401","2026-09-17","00",true,MENSAJERIA_MEXICO_OPENIP,3,3,true,false,false,"",15,sms,openipsms,1
"33401","2026-09-17","00",true,ROBOCOM-MOVISTAR,1,0,false,false,false,"",103,sms,ROBOCOM_SMS,4
"33401","2026-09-17","00",true,ROBOCOM-MOVISTAR,1,0,false,false,false,"",136,sms,ROBOCOM_SMS,2
"33401","2026-09-17","00",true,ROBOCOM-MOVISTAR,1,0,false,false,false,"",138,sms,ROBOCOM_SMS,1
"33401","2026-09-17","00",true,ROBOCOM-MOVISTAR,1,0,false,false,false,"",143,flash,ROBOCOM_SMS,3
"33401","2026-09-17","00",true,ROBOCOM-MOVISTAR,1,0,false,false,false,"",144,flash,ROBOCOM_SMS,6
"33401","2026-09-17","00",true,ROBOCOM-MOVISTAR,1,0,false,false,false,"",145,flash,ROBOCOM_SMS,16
"33401","2026-09-17","00",true,ROBOCOM-MOVISTAR,1,0,false,false,false,"",146,flash,ROBOCOM_SMS,4
"33401","2026-09-17","00",true,ROBOCOM-MOVISTAR,1,0,false,false,false,"",147,sms,ROBOCOM_SMS,1
"33401","2026-09-17","00",true,ROBOCOM-MOVISTAR,1,0,false,false,false,"",149,sms,ROBOCOM_SMS,1
"33401","2026-09-17","00",true,ROBOCOM-MOVISTAR,1,0,false,false,false,"",150,sms,ROBOCOM_SMS,1
"33401","2026-09-17","00",true,ROBOCOM-MOVISTAR,1,0,false,false,false,"",153,sms,ROBOCOM_SMS,2
"33401","2026-09-17","00",true,ROBOCOM-MOVISTAR,1,0,false,false,false,"",155,sms,ROBOCOM_SMS,1
"33401","2026-09-17","00",true,ROBOCOM-MOVISTAR,1,0,false,false,false,"",156,sms,ROBOCOM_SMS,1
"33401","2026-09-17","00",true,ROBOCOM-MOVISTAR,1,0,false,false,false,"",157,sms,ROBOCOM_SMS,1
"33401","2026-09-17","00",true,ROBOCOM-MOVISTAR,1,0,false,false,false,"",158,sms,ROBOCOM_SMS,3
"33401","2026-09-17","00",true,ROBOCOM-MOVISTAR,1,0,false,false,false,"",159,sms,ROBOCOM_SMS,1
"33401","2026-09-17","00",true,ROBOCOM-MOVISTAR,2,1,false,false,false,"",134,sms,ROBOCOM_SMS,3
"33401","2026-09-17","00",true,ROBOCOM-MOVISTAR,2,1,false,false,false,"",153,sms,ROBOCOM_SMS,22
"33401","2026-09-17","00",true,ROBOCOM-MOVISTAR,2,1,true,false,false,"",67,sms,ROBOCOM_SMS,6
"33401","2026-09-17","00",true,ROBOCOM-MOVISTAR,2,2,false,false,false,"",8,sms,ROBOCOM_SMS,3
"33401","2026-09-17","00",true,ROBOCOM-MOVISTAR,2,2,false,false,false,"",9,sms,ROBOCOM_SMS,2
"33401","2026-09-17","00",true,ROBOCOM-MOVISTAR,2,2,false,false,false,"",10,sms,ROBOCOM_SMS,3
"33401","2026-09-17","00",true,ROBOCOM-MOVISTAR,2,2,false,false,false,"",12,sms,ROBOCOM_SMS,1
"33401","2026-09-17","00",true,ROBOCOM-MOVISTAR,2,2,false,false,false,"",13,sms,ROBOCOM_SMS,1
"33401","2026-09-17","00",true,ROBOCOM-MOVISTAR,2,2,false,false,false,"",15,sms,ROBOCOM_SMS,1
"33401","2026-09-17","00",true,ROBOCOM-MOVISTAR,2,2,false,false,false,"",19,sms,ROBOCOM_SMS,1
"33401","2026-09-17","00",true,ROBOCOM-MOVISTAR,2,2,false,false,false,"",20,sms,ROBOCOM_SMS,1
"33401","2026-09-17","00",true,ROBOCOM-MOVISTAR,2,2,false,false,false,"",21,sms,ROBOCOM_SMS,1
"33401","2026-09-17","00",true,ROBOCOM-MOVISTAR,2,2,false,false,false,"",22,sms,ROBOCOM_SMS,1
"33401","2026-09-17","00",true,ROBOCOM-MOVISTAR,2,2,false,false,false,"",29,sms,ROBOCOM_SMS,1
"33401","2026-09-17","00",true,ROBOCOM-MOVISTAR,2,2,false,false,false,"",31,sms,ROBOCOM_SMS,1
"33401","2026-09-17","00",true,ROBOCOM-MOVISTAR,2,2,false,false,false,"",34,sms,ROBOCOM_SMS,2
"33401","2026-09-17","00",true,ROBOCOM-MOVISTAR,2,2,false,false,false,"",46,sms,ROBOCOM_SMS,2
"33401","2026-09-17","00",true,ROBOCOM-MOVISTAR,2,2,false,false,false,"",49,sms,ROBOCOM_SMS,1
"33401","2026-09-17","00",true,ROBOCOM-MOVISTAR,2,2,false,false,false,"",51,sms,ROBOCOM_SMS,1
"33401","2026-09-17","00",true,ROBOCOM-MOVISTAR,2,2,false,false,false,"",59,sms,ROBOCOM_SMS,1
"33401","2026-09-17","00",true,ROBOCOM-MOVISTAR,2,2,false,false,false,"",61,sms,ROBOCOM_SMS,1
"33401","2026-09-17","00",true,ROBOCOM-MOVISTAR,2,2,false,false,false,"",76,sms,ROBOCOM_SMS,1
"33401","2026-09-17","00",true,ROBOCOM-MOVISTAR,2,2,false,false,false,"",77,sms,ROBOCOM_SMS,1
"33401","2026-09-17","00",true,ROBOCOM-MOVISTAR,2,2,true,false,false,"",31,sms,ROBOCOM_SMS,2
"33401","2026-09-17","00",true,ROBOCOM-MOVISTAR,2,2,true,false,false,"",61,sms,ROBOCOM_SMS,4
"33401","2026-09-17","00",true,ROBOCOM-MOVISTAR,3,1,true,false,false,"",67,sms,ROBOCOM_SMS,2
"33401","2026-09-17","00",true,ROBOCOM-MOVISTAR,3,2,true,false,false,"",67,sms,ROBOCOM_SMS,2
"33401","2026-09-17","00",true,ROBOCOM-MOVISTAR,3,3,true,false,false,"",18,sms,ROBOCOM_SMS,2
"33401","2026-09-17","01",false,MENSAJERIA_MEXICO_OPENIP,3,1,true,true,false,CommandStatusType(259),67,sms,openipsms,1
"33401","2026-09-17","01",false,ROBOCOM-MOVISTAR,1,0,false,true,false,ESME_RSUBMITFAIL,120,sms,ROBOCOM_SMS,3
"33401","2026-09-17","01",false,ROBOCOM-MOVISTAR,1,0,false,true,false,ESME_RSUBMITFAIL,136,flash,ROBOCOM_SMS,8
"33401","2026-09-17","01",false,ROBOCOM-MOVISTAR,1,0,false,true,false,ESME_RSUBMITFAIL,148,sms,ROBOCOM_SMS,1
"33401","2026-09-17","01",false,ROBOCOM-MOVISTAR,1,0,false,true,false,ESME_RSUBMITFAIL,157,flash,ROBOCOM_SMS,1
"33401","2026-09-17","01",false,ROBOCOM-MOVISTAR,1,0,false,true,false,ESME_RSUBMITFAIL,160,flash,ROBOCOM_SMS,19
"33401","2026-09-17","01",false,alestra,1,0,false,true,false,ESME_RINVSRCADR,130,sms,"",1
"33401","2026-09-17","01",true,GW_ROBOT_TELCEL_2,1,0,false,false,false,"",60,sms,rob2tel,1
"33401","2026-09-17","01",true,GW_ROBOT_TELCEL_2,1,0,false,false,false,"",79,sms,rob2tel,3
"33401","2026-09-17","01",true,GW_ROBOT_TELCEL_2,1,0,false,false,false,"",81,sms,rob2tel,5
"33401","2026-09-17","01",true,GW_ROBOT_TELCEL_2,1,0,false,false,false,"",109,sms,rob2tel,1
"33401","2026-09-17","01",true,GW_ROBOT_TELCEL_2,1,0,false,false,false,"",120,sms,rob2tel,40
"33401","2026-09-17","01",true,GW_ROBOT_TELCEL_2,1,0,false,false,false,"",122,sms,rob2tel,3
"33401","2026-09-17","01",true,GW_ROBOT_TELCEL_2,1,0,false,false,false,"",126,sms,rob2tel,4
"33401","2026-09-17","01",true,GW_ROBOT_TELCEL_2,1,0,false,false,false,"",132,sms,rob2tel,3
"33401","2026-09-17","01",true,GW_ROBOT_TELCEL_2,1,0,false,false,false,"",136,flash,rob2tel,40
"33401","2026-09-17","01",true,GW_ROBOT_TELCEL_2,1,0,false,false,false,"",141,sms,rob2tel,1
"33401","2026-09-17","01",true,GW_ROBOT_TELCEL_2,1,0,false,false,false,"",147,sms,rob2tel,3
"33401","2026-09-17","01",true,GW_ROBOT_TELCEL_2,1,0,false,false,false,"",149,sms,rob2tel,2
"33401","2026-09-17","01",true,GW_ROBOT_TELCEL_2,1,0,false,false,false,"",150,sms,rob2tel,1
"33401","2026-09-17","01",true,GW_ROBOT_TELCEL_2,1,0,false,false,false,"",151,sms,rob2tel,3
"33401","2026-09-17","01",true,GW_ROBOT_TELCEL_2,1,0,false,false,false,"",152,sms,rob2tel,2
"33401","2026-09-17","01",true,GW_ROBOT_TELCEL_2,1,0,false,false,false,"",153,sms,rob2tel,2
"33401","2026-09-17","01",true,GW_ROBOT_TELCEL_2,1,0,false,false,false,"",154,sms,rob2tel,2
"33401","2026-09-17","01",true,GW_ROBOT_TELCEL_2,1,0,false,false,false,"",156,sms,rob2tel,1
"33401","2026-09-17","01",true,GW_ROBOT_TELCEL_2,1,0,false,false,false,"",157,flash,rob2tel,1
"33401","2026-09-17","01",true,GW_ROBOT_TELCEL_2,1,0,false,false,false,"",157,sms,rob2tel,1
"33401","2026-09-17","01",true,GW_ROBOT_TELCEL_2,1,0,false,false,false,"",158,sms,rob2tel,9
"33401","2026-09-17","01",true,GW_ROBOT_TELCEL_2,1,0,false,false,false,"",160,flash,rob2tel,57
"33401","2026-09-17","01",true,GW_ROBOT_TELCEL_2,1,0,false,false,false,"",160,sms,rob2tel,1
"33401","2026-09-17","01",true,GW_ROBOT_TELCEL_2,2,1,false,false,false,"",134,sms,rob2tel,4
"33401","2026-09-17","01",true,GW_ROBOT_TELCEL_2,2,1,false,false,false,"",153,sms,rob2tel,1
"33401","2026-09-17","01",true,GW_ROBOT_TELCEL_2,2,1,true,false,false,"",67,sms,rob2tel,4
"33401","2026-09-17","01",true,GW_ROBOT_TELCEL_2,2,2,false,false,false,"",7,sms,rob2tel,1
"33401","2026-09-17","01",true,GW_ROBOT_TELCEL_2,2,2,false,false,false,"",49,sms,rob2tel,1
"33401","2026-09-17","01",true,GW_ROBOT_TELCEL_2,2,2,false,false,false,"",129,sms,rob2tel,1
"33401","2026-09-17","01",true,GW_ROBOT_TELCEL_2,2,2,false,false,false,"",134,sms,rob2tel,1
"33401","2026-09-17","01",true,GW_ROBOT_TELCEL_2,2,2,true,false,false,"",31,sms,rob2tel,2
"33401","2026-09-17","01",true,GW_ROBOT_TELCEL_2,3,1,false,false,false,"",134,sms,rob2tel,8
"33401","2026-09-17","01",true,GW_ROBOT_TELCEL_2,3,2,false,false,false,"",134,sms,rob2tel,6
"33401","2026-09-17","01",true,GW_ROBOT_TELCEL_2,3,3,false,false,false,"",1,sms,rob2tel,1
"33401","2026-09-17","01",true,GW_ROBOT_TELCEL_2,3,3,false,false,false,"",4,sms,rob2tel,3
"33401","2026-09-17","01",true,GW_ROBOT_TELCEL_2,3,3,false,false,false,"",5,sms,rob2tel,1
"33401","2026-09-17","01",true,GW_ROBOT_TELCEL_2,3,3,false,false,false,"",8,sms,rob2tel,1
"33401","2026-09-17","01",true,GW_ROBOT_TELCEL_2,3,3,false,false,false,"",14,sms,rob2tel,1
"33401","2026-09-17","01",true,GW_ROBOT_TELCEL_2,3,3,false,false,false,"",16,sms,rob2tel,1
"33401","2026-09-17","01",true,GW_ROBOT_TELCEL_2,3,3,false,false,false,"",23,sms,rob2tel,2
"33401","2026-09-17","01",true,GW_ROBOT_TELCEL_3,1,0,false,false,false,"",60,sms,rob2tel,1
"33401","2026-09-17","01",true,GW_ROBOT_TELCEL_3,1,0,false,false,false,"",79,sms,rob2tel,2
"33401","2026-09-17","01",true,GW_ROBOT_TELCEL_3,1,0,false,false,false,"",81,sms,rob2tel,5
"33401","2026-09-17","01",true,GW_ROBOT_TELCEL_3,1,0,false,false,false,"",100,sms,rob2tel,1
"33401","2026-09-17","01",true,GW_ROBOT_TELCEL_3,1,0,false,false,false,"",120,sms,rob2tel,36
"33401","2026-09-17","01",true,GW_ROBOT_TELCEL_3,1,0,false,false,false,"",122,sms,rob2tel,3
"33401","2026-09-17","01",true,GW_ROBOT_TELCEL_3,1,0,false,false,false,"",123,sms,rob2tel,1
"33401","2026-09-17","01",true,GW_ROBOT_TELCEL_3,1,0,false,false,false,"",126,sms,rob2tel,3
"33401","2026-09-17","01",true,GW_ROBOT_TELCEL_3,1,0,false,false,false,"",129,sms,rob2tel,1
"33401","2026-09-17","01",true,GW_ROBOT_TELCEL_3,1,0,false,false,false,"",132,sms,rob2tel,1
"33401","2026-09-17","01",true,GW_ROBOT_TELCEL_3,1,0,false,false,false,"",136,flash,rob2tel,51
"33401","2026-09-17","01",true,GW_ROBOT_TELCEL_3,1,0,false,false,false,"",136,sms,rob2tel,1
"33401","2026-09-17","01",true,GW_ROBOT_TELCEL_3,1,0,false,false,false,"",139,sms,rob2tel,1
"33401","2026-09-17","01",true,GW_ROBOT_TELCEL_3,1,0,false,false,false,"",141,sms,rob2tel,1
"33401","2026-09-17","01",true,GW_ROBOT_TELCEL_3,1,0,false,false,false,"",149,sms,rob2tel,2
"33401","2026-09-17","01",true,GW_ROBOT_TELCEL_3,1,0,false,false,false,"",151,sms,rob2tel,4
"33401","2026-09-17","01",true,GW_ROBOT_TELCEL_3,1,0,false,false,false,"",152,sms,rob2tel,1
"33401","2026-09-17","01",true,GW_ROBOT_TELCEL_3,1,0,false,false,false,"",153,sms,rob2tel,1
"33401","2026-09-17","01",true,GW_ROBOT_TELCEL_3,1,0,false,false,false,"",154,sms,rob2tel,3
"33401","2026-09-17","01",true,GW_ROBOT_TELCEL_3,1,0,false,false,false,"",155,sms,rob2tel,2
"33401","2026-09-17","01",true,GW_ROBOT_TELCEL_3,1,0,false,false,false,"",156,sms,rob2tel,1
"33401","2026-09-17","01",true,GW_ROBOT_TELCEL_3,1,0,false,false,false,"",157,flash,rob2tel,1
"33401","2026-09-17","01",true,GW_ROBOT_TELCEL_3,1,0,false,false,false,"",158,sms,rob2tel,11
"33401","2026-09-17","01",true,GW_ROBOT_TELCEL_3,1,0,false,false,false,"",160,flash,rob2tel,48
"33401","2026-09-17","01",true,GW_ROBOT_TELCEL_3,1,0,false,false,false,"",160,sms,rob2tel,2
"33401","2026-09-17","01",true,GW_ROBOT_TELCEL_3,2,1,false,false,false,"",134,sms,rob2tel,1
"33401","2026-09-17","01",true,GW_ROBOT_TELCEL_3,2,1,false,false,false,"",153,sms,rob2tel,2
"33401","2026-09-17","01",true,GW_ROBOT_TELCEL_3,2,1,true,false,false,"",67,sms,rob2tel,2
"33401","2026-09-17","01",true,GW_ROBOT_TELCEL_3,2,2,false,false,false,"",49,sms,rob2tel,2
"33401","2026-09-17","01",true,GW_ROBOT_TELCEL_3,2,2,false,false,false,"",80,sms,rob2tel,1
"33401","2026-09-17","01",true,GW_ROBOT_TELCEL_3,2,2,false,false,false,"",120,sms,rob2tel,1
"33401","2026-09-17","01",true,GW_ROBOT_TELCEL_3,2,2,true,false,false,"",31,sms,rob2tel,4
"33401","2026-09-17","01",true,GW_ROBOT_TELCEL_3,3,1,false,false,false,"",134,sms,rob2tel,11
"33401","2026-09-17","01",true,GW_ROBOT_TELCEL_3,3,2,false,false,false,"",134,sms,rob2tel,13
"33401","2026-09-17","01",true,GW_ROBOT_TELCEL_3,3,3,false,false,false,"",3,sms,rob2tel,1
"33401","2026-09-17","01",true,GW_ROBOT_TELCEL_3,3,3,false,false,false,"",6,sms,rob2tel,1
"33401","2026-09-17","01",true,GW_ROBOT_TELCEL_3,3,3,false,false,false,"",11,sms,rob2tel,1
"33401","2026-09-17","01",true,GW_ROBOT_TELCEL_3,3,3,false,false,false,"",13,sms,rob2tel,1
"33401","2026-09-17","01",true,GW_ROBOT_TELCEL_3,3,3,false,false,false,"",16,sms,rob2tel,1
"33401","2026-09-17","01",true,GW_ROBOT_TELCEL_3,3,3,false,false,false,"",18,sms,rob2tel,1
"33401","2026-09-17","01",true,GW_ROBOT_TELCEL_3,3,3,false,false,false,"",21,sms,rob2tel,1
"33401","2026-09-17","01",true,GW_ROBOT_TELCEL_3,3,3,false,false,false,"",23,sms,rob2tel,1
"33401","2026-09-17","01",true,GW_ROBOT_TELCEL_3,3,3,false,false,false,"",32,sms,rob2tel,1
"33401","2026-09-17","01",true,MENSAJERIA_MEXICO_OPENIP,2,1,true,false,false,"",67,sms,openipsms,263
"33401","2026-09-17","01",true,MENSAJERIA_MEXICO_OPENIP,2,2,true,false,false,"",60,sms,openipsms,3
"33401","2026-09-17","01",true,MENSAJERIA_MEXICO_OPENIP,2,2,true,false,false,"",61,sms,openipsms,28
"33401","2026-09-17","01",true,MENSAJERIA_MEXICO_OPENIP,2,2,true,false,false,"",62,sms,openipsms,36
"33401","2026-09-17","01",true,MENSAJERIA_MEXICO_OPENIP,2,2,true,false,false,"",63,sms,openipsms,54
"33401","2026-09-17","01",true,MENSAJERIA_MEXICO_OPENIP,2,2,true,false,false,"",64,sms,openipsms,49
"33401","2026-09-17","01",true,MENSAJERIA_MEXICO_OPENIP,2,2,true,false,false,"",65,sms,openipsms,34
"33401","2026-09-17","01",true,MENSAJERIA_MEXICO_OPENIP,2,2,true,false,false,"",66,sms,openipsms,26
"33401","2026-09-17","01",true,MENSAJERIA_MEXICO_OPENIP,2,2,true,false,false,"",67,sms,openipsms,33
"33401","2026-09-17","01",true,MENSAJERIA_MEXICO_OPENIP,3,1,true,false,false,"",67,sms,openipsms,280
"33401","2026-09-17","01",true,MENSAJERIA_MEXICO_OPENIP,3,2,true,false,false,"",67,sms,openipsms,281
"33401","2026-09-17","01",true,MENSAJERIA_MEXICO_OPENIP,3,3,true,false,false,"",1,sms,openipsms,49
"33401","2026-09-17","01",true,MENSAJERIA_MEXICO_OPENIP,3,3,true,false,false,"",2,sms,openipsms,62
"33401","2026-09-17","01",true,MENSAJERIA_MEXICO_OPENIP,3,3,true,false,false,"",3,sms,openipsms,65
"33401","2026-09-17","01",true,MENSAJERIA_MEXICO_OPENIP,3,3,true,false,false,"",4,sms,openipsms,31
"33401","2026-09-17","01",true,MENSAJERIA_MEXICO_OPENIP,3,3,true,false,false,"",5,sms,openipsms,35
"33401","2026-09-17","01",true,MENSAJERIA_MEXICO_OPENIP,3,3,true,false,false,"",6,sms,openipsms,16
"33401","2026-09-17","01",true,MENSAJERIA_MEXICO_OPENIP,3,3,true,false,false,"",7,sms,openipsms,13
"33401","2026-09-17","01",true,MENSAJERIA_MEXICO_OPENIP,3,3,true,false,false,"",8,sms,openipsms,4
"33401","2026-09-17","01",true,MENSAJERIA_MEXICO_OPENIP,3,3,true,false,false,"",9,sms,openipsms,1
"33401","2026-09-17","01",true,MENSAJERIA_MEXICO_OPENIP,3,3,true,false,false,"",10,sms,openipsms,1
"33401","2026-09-17","01",true,MENSAJERIA_MEXICO_OPENIP,3,3,true,false,false,"",11,sms,openipsms,1
"33401","2026-09-17","01",true,MENSAJERIA_MEXICO_OPENIP,3,3,true,false,false,"",12,sms,openipsms,1
"33401","2026-09-17","01",true,MENSAJERIA_MEXICO_OPENIP,3,3,true,false,false,"",13,sms,openipsms,2
"33401","2026-09-17","01",true,ROBOCOM-MOVISTAR,1,0,false,false,false,"",145,sms,ROBOCOM_SMS,1
"33401","2026-09-17","01",true,ROBOCOM-MOVISTAR,2,1,true,false,false,"",67,sms,ROBOCOM_SMS,6
"33401","2026-09-17","01",true,ROBOCOM-MOVISTAR,2,2,true,false,false,"",31,sms,ROBOCOM_SMS,6
"33401","2026-09-17","01",true,ROBOCOM-MOVISTAR,3,1,false,false,false,"",134,sms,ROBOCOM_SMS,1
"33401","2026-09-17","01",true,ROBOCOM-MOVISTAR,3,2,false,false,false,"",134,sms,ROBOCOM_SMS,1
"33401","2026-09-17","01",true,ROBOCOM-MOVISTAR,3,3,false,false,false,"",5,sms,ROBOCOM_SMS,1
"33401","2026-09-17","02",false,ROBOCOM-MOVISTAR,1,0,false,true,false,ESME_RSUBMITFAIL,120,sms,ROBOCOM_SMS,5
"33401","2026-09-17","02",false,ROBOCOM-MOVISTAR,1,0,false,true,false,ESME_RSUBMITFAIL,125,flash,ROBOCOM_SMS,1
"33401","2026-09-17","02",false,ROBOCOM-MOVISTAR,1,0,false,true,false,ESME_RSUBMITFAIL,143,flash,ROBOCOM_SMS,3
"33401","2026-09-17","02",false,ROBOCOM-MOVISTAR,1,0,false,true,false,ESME_RSUBMITFAIL,151,sms,ROBOCOM_SMS,1
"33401","2026-09-17","02",false,ROBOCOM-MOVISTAR,1,0,false,true,false,ESME_RSUBMITFAIL,160,flash,ROBOCOM_SMS,19
"33401","2026-09-17","02",true,GW_ROBOT_TELCEL_2,1,0,false,false,false,"",38,sms,rob2tel,1
"33401","2026-09-17","02",true,GW_ROBOT_TELCEL_2,1,0,false,false,false,"",60,sms,rob2tel,4
"33401","2026-09-17","02",true,GW_ROBOT_TELCEL_2,1,0,false,false,false,"",79,sms,rob2tel,3
"33401","2026-09-17","02",true,GW_ROBOT_TELCEL_2,1,0,false,false,false,"",81,sms,rob2tel,15
"33401","2026-09-17","02",true,GW_ROBOT_TELCEL_2,1,0,false,false,false,"",109,sms,rob2tel,1
"33401","2026-09-17","02",true,GW_ROBOT_TELCEL_2,1,0,false,false,false,"",120,sms,rob2tel,39
"33401","2026-09-17","02",true,GW_ROBOT_TELCEL_2,1,0,false,false,false,"",122,sms,rob2tel,9
"33401","2026-09-17","02",true,GW_ROBOT_TELCEL_2,1,0,false,false,false,"",125,flash,rob2tel,1
"33401","2026-09-17","02",true,GW_ROBOT_TELCEL_2,1,0,false,false,false,"",126,sms,rob2tel,2
"33401","2026-09-17","02",true,GW_ROBOT_TELCEL_2,1,0,false,false,false,"",130,sms,rob2tel,2
"33401","2026-09-17","02",true,GW_ROBOT_TELCEL_2,1,0,false,false,false,"",132,sms,rob2tel,4
"33401","2026-09-17","02",true,GW_ROBOT_TELCEL_2,1,0,false,false,false,"",139,sms,rob2tel,1
"33401","2026-09-17","02",true,GW_ROBOT_TELCEL_2,1,0,false,false,false,"",140,sms,rob2tel,7
"33401","2026-09-17","02",true,GW_ROBOT_TELCEL_2,1,0,false,false,false,"",141,sms,rob2tel,3
"33401","2026-09-17","02",true,GW_ROBOT_TELCEL_2,1,0,false,false,false,"",142,flash,rob2tel,6
"33401","2026-09-17","02",true,GW_ROBOT_TELCEL_2,1,0,false,false,false,"",142,sms,rob2tel,3
"33401","2026-09-17","02",true,GW_ROBOT_TELCEL_2,1,0,false,false,false,"",143,flash,rob2tel,21
"33401","2026-09-17","02",true,GW_ROBOT_TELCEL_2,1,0,false,false,false,"",143,sms,rob2tel,1
"33401","2026-09-17","02",true,GW_ROBOT_TELCEL_2,1,0,false,false,false,"",144,flash,rob2tel,10
"33401","2026-09-17","02",true,GW_ROBOT_TELCEL_2,1,0,false,false,false,"",144,sms,rob2tel,2
"33401","2026-09-17","02",true,GW_ROBOT_TELCEL_2,1,0,false,false,false,"",145,flash,rob2tel,7
"33401","2026-09-17","02",true,GW_ROBOT_TELCEL_2,1,0,false,false,false,"",146,flash,rob2tel,7
"33401","2026-09-17","02",true,GW_ROBOT_TELCEL_2,1,0,false,false,false,"",146,sms,rob2tel,1
"33401","2026-09-17","02",true,GW_ROBOT_TELCEL_2,1,0,false,false,false,"",147,flash,rob2tel,6
"33401","2026-09-17","02",true,GW_ROBOT_TELCEL_2,1,0,false,false,false,"",147,sms,rob2tel,2
"33401","2026-09-17","02",true,GW_ROBOT_TELCEL_2,1,0,false,false,false,"",148,sms,rob2tel,3
"33401","2026-09-17","02",true,GW_ROBOT_TELCEL_2,1,0,false,false,false,"",149,sms,rob2tel,2
"33401","2026-09-17","02",true,GW_ROBOT_TELCEL_2,1,0,false,false,false,"",150,sms,rob2tel,2
"33401","2026-09-17","02",true,GW_ROBOT_TELCEL_2,1,0,false,false,false,"",152,sms,rob2tel,2
"33401","2026-09-17","02",true,GW_ROBOT_TELCEL_2,1,0,false,false,false,"",153,sms,rob2tel,2
"33401","2026-09-17","02",true,GW_ROBOT_TELCEL_2,1,0,false,false,false,"",154,sms,rob2tel,4
"33401","2026-09-17","02",true,GW_ROBOT_TELCEL_2,1,0,false,false,false,"",156,sms,rob2tel,2
"33401","2026-09-17","02",true,GW_ROBOT_TELCEL_2,1,0,false,false,false,"",158,sms,rob2tel,3
"33401","2026-09-17","02",true,GW_ROBOT_TELCEL_2,1,0,false,false,false,"",160,flash,rob2tel,52
"33401","2026-09-17","02",true,GW_ROBOT_TELCEL_2,2,1,false,false,false,"",134,sms,rob2tel,3
"33401","2026-09-17","02",true,GW_ROBOT_TELCEL_2,2,1,false,false,false,"",153,sms,rob2tel,6
"33401","2026-09-17","02",true,GW_ROBOT_TELCEL_2,2,2,false,false,false,"",49,sms,rob2tel,8
"33401","2026-09-17","02",true,GW_ROBOT_TELCEL_2,2,2,false,false,false,"",126,sms,rob2tel,1
"33401","2026-09-17","02",true,GW_ROBOT_TELCEL_2,2,2,false,false,false,"",128,sms,rob2tel,1
"33401","2026-09-17","02",true,GW_ROBOT_TELCEL_2,2,2,false,false,false,"",130,sms,rob2tel,1
"33401","2026-09-17","02",true,GW_ROBOT_TELCEL_2,3,1,false,false,false,"",134,sms,rob2tel,3
"33401","2026-09-17","02",true,GW_ROBOT_TELCEL_2,3,2,false,false,false,"",134,sms,rob2tel,6
"33401","2026-09-17","02",true,GW_ROBOT_TELCEL_2,3,3,false,false,false,"",1,sms,rob2tel,1
"33401","2026-09-17","02",true,GW_ROBOT_TELCEL_2,3,3,false,false,false,"",10,sms,rob2tel,1
"33401","2026-09-17","02",true,GW_ROBOT_TELCEL_2,3,3,false,false,false,"",15,sms,rob2tel,1
"33401","2026-09-17","02",true,GW_ROBOT_TELCEL_2,3,3,false,false,false,"",17,sms,rob2tel,1
"33401","2026-09-17","02",true,GW_ROBOT_TELCEL_3,1,0,false,false,false,"",60,sms,rob2tel,1
"33401","2026-09-17","02",true,GW_ROBOT_TELCEL_3,1,0,false,false,false,"",79,sms,rob2tel,3
"33401","2026-09-17","02",true,GW_ROBOT_TELCEL_3,1,0,false,false,false,"",81,sms,rob2tel,11
"33401","2026-09-17","02",true,GW_ROBOT_TELCEL_3,1,0,false,false,false,"",108,sms,rob2tel,1
"33401","2026-09-17","02",true,GW_ROBOT_TELCEL_3,1,0,false,false,false,"",120,sms,rob2tel,46
"33401","2026-09-17","02",true,GW_ROBOT_TELCEL_3,1,0,false,false,false,"",122,sms,rob2tel,7
"33401","2026-09-17","02",true,GW_ROBOT_TELCEL_3,1,0,false,false,false,"",123,sms,rob2tel,1
"33401","2026-09-17","02",true,GW_ROBOT_TELCEL_3,1,0,false,false,false,"",125,flash,rob2tel,1
"33401","2026-09-17","02",true,GW_ROBOT_TELCEL_3,1,0,false,false,false,"",126,sms,rob2tel,1
"33401","2026-09-17","02",true,GW_ROBOT_TELCEL_3,1,0,false,false,false,"",130,sms,rob2tel,1
"33401","2026-09-17","02",true,GW_ROBOT_TELCEL_3,1,0,false,false,false,"",132,sms,rob2tel,7
"33401","2026-09-17","02",true,GW_ROBOT_TELCEL_3,1,0,false,false,false,"",134,sms,rob2tel,1
"33401","2026-09-17","02",true,GW_ROBOT_TELCEL_3,1,0,false,false,false,"",137,sms,rob2tel,1
"33401","2026-09-17","02",true,GW_ROBOT_TELCEL_3,1,0,false,false,false,"",139,sms,rob2tel,1
"33401","2026-09-17","02",true,GW_ROBOT_TELCEL_3,1,0,false,false,false,"",140,sms,rob2tel,4
"33401","2026-09-17","02",true,GW_ROBOT_TELCEL_3,1,0,false,false,false,"",142,flash,rob2tel,6
"33401","2026-09-17","02",true,GW_ROBOT_TELCEL_3,1,0,false,false,false,"",142,sms,rob2tel,3
"33401","2026-09-17","02",true,GW_ROBOT_TELCEL_3,1,0,false,false,false,"",143,flash,rob2tel,20
"33401","2026-09-17","02",true,GW_ROBOT_TELCEL_3,1,0,false,false,false,"",143,sms,rob2tel,2
"33401","2026-09-17","02",true,GW_ROBOT_TELCEL_3,1,0,false,false,false,"",144,flash,rob2tel,9
"33401","2026-09-17","02",true,GW_ROBOT_TELCEL_3,1,0,false,false,false,"",145,flash,rob2tel,10
"33401","2026-09-17","02",true,GW_ROBOT_TELCEL_3,1,0,false,false,false,"",145,sms,rob2tel,1
"33401","2026-09-17","02",true,GW_ROBOT_TELCEL_3,1,0,false,false,false,"",146,flash,rob2tel,8
"33401","2026-09-17","02",true,GW_ROBOT_TELCEL_3,1,0,false,false,false,"",147,flash,rob2tel,5
"33401","2026-09-17","02",true,GW_ROBOT_TELCEL_3,1,0,false,false,false,"",147,sms,rob2tel,3
"33401","2026-09-17","02",true,GW_ROBOT_TELCEL_3,1,0,false,false,false,"",148,sms,rob2tel,1
"33401","2026-09-17","02",true,GW_ROBOT_TELCEL_3,1,0,false,false,false,"",149,sms,rob2tel,1
"33401","2026-09-17","02",true,GW_ROBOT_TELCEL_3,1,0,false,false,false,"",152,sms,rob2tel,2
"33401","2026-09-17","02",true,GW_ROBOT_TELCEL_3,1,0,false,false,false,"",154,sms,rob2tel,5
"33401","2026-09-17","02",true,GW_ROBOT_TELCEL_3,1,0,false,false,false,"",158,sms,rob2tel,9
"33401","2026-09-17","02",true,GW_ROBOT_TELCEL_3,1,0,false,false,false,"",160,flash,rob2tel,53
"33401","2026-09-17","02",true,GW_ROBOT_TELCEL_3,1,0,false,false,false,"",160,sms,rob2tel,1
"33401","2026-09-17","02",true,GW_ROBOT_TELCEL_3,2,1,false,false,false,"",134,sms,rob2tel,3
"33401","2026-09-17","02",true,GW_ROBOT_TELCEL_3,2,1,false,false,false,"",153,sms,rob2tel,3
"33401","2026-09-17","02",true,GW_ROBOT_TELCEL_3,2,2,false,false,false,"",49,sms,rob2tel,1
"33401","2026-09-17","02",true,GW_ROBOT_TELCEL_3,2,2,false,false,false,"",60,sms,rob2tel,1
"33401","2026-09-17","02",true,GW_ROBOT_TELCEL_3,2,2,false,false,false,"",132,sms,rob2tel,2
"33401","2026-09-17","02",true,GW_ROBOT_TELCEL_3,3,1,false,false,false,"",134,sms,rob2tel,5
"33401","2026-09-17","02",true,GW_ROBOT_TELCEL_3,3,2,false,false,false,"",134,sms,rob2tel,2
"33401","2026-09-17","02",true,GW_ROBOT_TELCEL_3,3,3,false,false,false,"",7,sms,rob2tel,1
"33401","2026-09-17","02",true,GW_ROBOT_TELCEL_3,3,3,false,false,false,"",10,sms,rob2tel,1
"33401","2026-09-17","02",true,GW_ROBOT_TELCEL_3,3,3,false,false,false,"",12,sms,rob2tel,1
"33401","2026-09-17","02",true,GW_ROBOT_TELCEL_3,3,3,false,false,false,"",18,sms,rob2tel,1
"33401","2026-09-17","02",true,ROBOCOM-MOVISTAR,1,0,false,false,false,"",60,sms,ROBOCOM_SMS,1
"33401","2026-09-17","02",true,ROBOCOM-MOVISTAR,1,0,false,false,false,"",139,sms,ROBOCOM_SMS,1
"33401","2026-09-17","02",true,ROBOCOM-MOVISTAR,1,0,false,false,false,"",140,sms,ROBOCOM_SMS,1
"33401","2026-09-17","02",true,ROBOCOM-MOVISTAR,1,0,false,false,false,"",143,flash,ROBOCOM_SMS,2
"33401","2026-09-17","02",true,ROBOCOM-MOVISTAR,1,0,false,false,false,"",146,flash,ROBOCOM_SMS,1
"33401","2026-09-17","02",true,ROBOCOM-MOVISTAR,2,1,false,false,false,"",134,sms,ROBOCOM_SMS,3
"33401","2026-09-17","02",true,ROBOCOM-MOVISTAR,2,2,false,false,false,"",120,sms,ROBOCOM_SMS,2
"33401","2026-09-17","02",true,ROBOCOM-MOVISTAR,2,2,false,false,false,"",124,sms,ROBOCOM_SMS,1
"33401","2026-09-17","02",true,ROBOCOM_ALESTRA,1,0,false,false,false,"",105,sms,ROBOCOM,1
"33401","2026-09-17","02",true,ROBOCOM_ALESTRA,1,0,false,false,false,"",150,sms,ROBOCOM,1
"33401","2026-09-17","02",true,ROBOCOM_ALESTRA,1,0,false,false,false,"",156,sms,ROBOCOM,1
"33401","2026-09-17","03",false,ROBOCOM-MOVISTAR,1,0,false,true,false,ESME_RSUBMITFAIL,38,sms,ROBOCOM_SMS,2
"33401","2026-09-17","03",false,ROBOCOM-MOVISTAR,1,0,false,true,false,ESME_RSUBMITFAIL,120,sms,ROBOCOM_SMS,4
"33401","2026-09-17","03",false,ROBOCOM-MOVISTAR,1,0,false,true,false,ESME_RSUBMITFAIL,151,sms,ROBOCOM_SMS,1
"33401","2026-09-17","03",false,ROBOCOM-MOVISTAR,1,0,false,true,false,ESME_RSUBMITFAIL,157,flash,ROBOCOM_SMS,1
"33401","2026-09-17","03",false,ROBOCOM-MOVISTAR,1,0,false,true,false,ESME_RSUBMITFAIL,160,flash,ROBOCOM_SMS,19
"33401","2026-09-17","03",false,alestra,1,0,false,true,false,ESME_RINVSRCADR,130,sms,"",1
"33401","2026-09-17","03",true,GW_ROBOT_TELCEL_2,1,0,false,false,false,"",52,sms,rob2tel,1
"33401","2026-09-17","03",true,GW_ROBOT_TELCEL_2,1,0,false,false,false,"",79,sms,rob2tel,1
"33401","2026-09-17","03",true,GW_ROBOT_TELCEL_2,1,0,false,false,false,"",81,sms,rob2tel,12
"33401","2026-09-17","03",true,GW_ROBOT_TELCEL_2,1,0,false,false,false,"",84,sms,rob2tel,1
"33401","2026-09-17","03",true,GW_ROBOT_TELCEL_2,1,0,false,false,false,"",109,sms,rob2tel,1
"33401","2026-09-17","03",true,GW_ROBOT_TELCEL_2,1,0,false,false,false,"",120,sms,rob2tel,40
"33401","2026-09-17","03",true,GW_ROBOT_TELCEL_2,1,0,false,false,false,"",122,sms,rob2tel,6
"33401","2026-09-17","03",true,GW_ROBOT_TELCEL_2,1,0,false,false,false,"",123,sms,rob2tel,2
"33401","2026-09-17","03",true,GW_ROBOT_TELCEL_2,1,0,false,false,false,"",124,sms,rob2tel,1
"33401","2026-09-17","03",true,GW_ROBOT_TELCEL_2,1,0,false,false,false,"",126,sms,rob2tel,1
"33401","2026-09-17","03",true,GW_ROBOT_TELCEL_2,1,0,false,false,false,"",130,sms,rob2tel,2
"33401","2026-09-17","03",true,GW_ROBOT_TELCEL_2,1,0,false,false,false,"",132,sms,rob2tel,3
"33401","2026-09-17","03",true,GW_ROBOT_TELCEL_2,1,0,false,false,false,"",140,sms,rob2tel,1
"33401","2026-09-17","03",true,GW_ROBOT_TELCEL_2,1,0,false,false,false,"",144,sms,rob2tel,1
"33401","2026-09-17","03",true,GW_ROBOT_TELCEL_2,1,0,false,false,false,"",145,sms,rob2tel,1
"33401","2026-09-17","03",true,GW_ROBOT_TELCEL_2,1,0,false,false,false,"",147,sms,rob2tel,1
"33401","2026-09-17","03",true,GW_ROBOT_TELCEL_2,1,0,false,false,false,"",148,sms,rob2tel,1
"33401","2026-09-17","03",true,GW_ROBOT_TELCEL_2,1,0,false,false,false,"",149,sms,rob2tel,2
"33401","2026-09-17","03",true,GW_ROBOT_TELCEL_2,1,0,false,false,false,"",152,sms,rob2tel,1
"33401","2026-09-17","03",true,GW_ROBOT_TELCEL_2,1,0,false,false,false,"",153,sms,rob2tel,1
"33401","2026-09-17","03",true,GW_ROBOT_TELCEL_2,1,0,false,false,false,"",154,sms,rob2tel,3
"33401","2026-09-17","03",true,GW_ROBOT_TELCEL_2,1,0,false,false,false,"",156,sms,rob2tel,2
"33401","2026-09-17","03",true,GW_ROBOT_TELCEL_2,1,0,false,false,false,"",157,flash,rob2tel,1
"33401","2026-09-17","03",true,GW_ROBOT_TELCEL_2,1,0,false,false,false,"",157,sms,rob2tel,2
"33401","2026-09-17","03",true,GW_ROBOT_TELCEL_2,1,0,false,false,false,"",158,sms,rob2tel,4
"33401","2026-09-17","03",true,GW_ROBOT_TELCEL_2,1,0,false,false,false,"",160,flash,rob2tel,56
"33401","2026-09-17","03",true,GW_ROBOT_TELCEL_2,1,0,false,false,false,"",160,sms,rob2tel,1
"33401","2026-09-17","03",true,GW_ROBOT_TELCEL_2,2,1,false,false,false,"",134,sms,rob2tel,3
"33401","2026-09-17","03",true,GW_ROBOT_TELCEL_2,2,1,false,false,false,"",153,sms,rob2tel,4
"33401","2026-09-17","03",true,GW_ROBOT_TELCEL_2,2,2,false,false,false,"",60,sms,rob2tel,2
"33401","2026-09-17","03",true,GW_ROBOT_TELCEL_2,2,2,false,false,false,"",70,flash,rob2tel,2
"33401","2026-09-17","03",true,GW_ROBOT_TELCEL_2,2,2,false,false,false,"",70,sms,rob2tel,1
"33401","2026-09-17","03",true,GW_ROBOT_TELCEL_2,2,2,false,false,false,"",118,sms,rob2tel,1
"33401","2026-09-17","03",true,GW_ROBOT_TELCEL_2,2,2,false,false,false,"",129,sms,rob2tel,1
"33401","2026-09-17","03",true,GW_ROBOT_TELCEL_2,2,2,false,false,false,"",133,sms,rob2tel,1
"33401","2026-09-17","03",true,GW_ROBOT_TELCEL_2,3,1,false,false,false,"",134,sms,rob2tel,3
"33401","2026-09-17","03",true,GW_ROBOT_TELCEL_2,3,2,false,false,false,"",134,sms,rob2tel,6
"33401","2026-09-17","03",true,GW_ROBOT_TELCEL_2,3,3,false,false,false,"",1,sms,rob2tel,1
"33401","2026-09-17","03",true,GW_ROBOT_TELCEL_2,3,3,false,false,false,"",6,sms,rob2tel,1
"33401","2026-09-17","03",true,GW_ROBOT_TELCEL_2,3,3,false,false,false,"",9,sms,rob2tel,1
"33401","2026-09-17","03",true,GW_ROBOT_TELCEL_2,3,3,false,false,false,"",23,sms,rob2tel,1
"33401","2026-09-17","03",true,GW_ROBOT_TELCEL_3,1,0,false,false,false,"",57,sms,rob2tel,1
"33401","2026-09-17","03",true,GW_ROBOT_TELCEL_3,1,0,false,false,false,"",79,sms,rob2tel,1
"33401","2026-09-17","03",true,GW_ROBOT_TELCEL_3,1,0,false,false,false,"",81,sms,rob2tel,11
"33401","2026-09-17","03",true,GW_ROBOT_TELCEL_3,1,0,false,false,false,"",109,sms,rob2tel,2
"33401","2026-09-17","03",true,GW_ROBOT_TELCEL_3,1,0,false,false,false,"",118,sms,rob2tel,1
"33401","2026-09-17","03",true,GW_ROBOT_TELCEL_3,1,0,false,false,false,"",120,sms,rob2tel,37
"33401","2026-09-17","03",true,GW_ROBOT_TELCEL_3,1,0,false,false,false,"",122,sms,rob2tel,5
"33401","2026-09-17","03",true,GW_ROBOT_TELCEL_3,1,0,false,false,false,"",125,sms,rob2tel,2
"33401","2026-09-17","03",true,GW_ROBOT_TELCEL_3,1,0,false,false,false,"",126,sms,rob2tel,2
"33401","2026-09-17","03",true,GW_ROBOT_TELCEL_3,1,0,false,false,false,"",127,sms,rob2tel,1
"33401","2026-09-17","03",true,GW_ROBOT_TELCEL_3,1,0,false,false,false,"",130,sms,rob2tel,2
"33401","2026-09-17","03",true,GW_ROBOT_TELCEL_3,1,0,false,false,false,"",132,sms,rob2tel,6
"33401","2026-09-17","03",true,GW_ROBOT_TELCEL_3,1,0,false,false,false,"",140,sms,rob2tel,1
"33401","2026-09-17","03",true,GW_ROBOT_TELCEL_3,1,0,false,false,false,"",141,sms,rob2tel,1
"33401","2026-09-17","03",true,GW_ROBOT_TELCEL_3,1,0,false,false,false,"",142,sms,rob2tel,1
"33401","2026-09-17","03",true,GW_ROBOT_TELCEL_3,1,0,false,false,false,"",144,sms,rob2tel,1
"33401","2026-09-17","03",true,GW_ROBOT_TELCEL_3,1,0,false,false,false,"",145,sms,rob2tel,2
"33401","2026-09-17","03",true,GW_ROBOT_TELCEL_3,1,0,false,false,false,"",146,sms,rob2tel,1
"33401","2026-09-17","03",true,GW_ROBOT_TELCEL_3,1,0,false,false,false,"",147,sms,rob2tel,2
"33401","2026-09-17","03",true,GW_ROBOT_TELCEL_3,1,0,false,false,false,"",148,sms,rob2tel,2
"33401","2026-09-17","03",true,GW_ROBOT_TELCEL_3,1,0,false,false,false,"",150,sms,rob2tel,2
"33401","2026-09-17","03",true,GW_ROBOT_TELCEL_3,1,0,false,false,false,"",151,sms,rob2tel,2
"33401","2026-09-17","03",true,GW_ROBOT_TELCEL_3,1,0,false,false,false,"",154,sms,rob2tel,1
"33401","2026-09-17","03",true,GW_ROBOT_TELCEL_3,1,0,false,false,false,"",157,flash,rob2tel,1
"33401","2026-09-17","03",true,GW_ROBOT_TELCEL_3,1,0,false,false,false,"",158,sms,rob2tel,3
"33401","2026-09-17","03",true,GW_ROBOT_TELCEL_3,1,0,false,false,false,"",160,flash,rob2tel,49
"33401","2026-09-17","03",true,GW_ROBOT_TELCEL_3,2,1,false,false,false,"",134,sms,rob2tel,2
"33401","2026-09-17","03",true,GW_ROBOT_TELCEL_3,2,1,false,false,false,"",153,flash,rob2tel,2
"33401","2026-09-17","03",true,GW_ROBOT_TELCEL_3,2,1,false,false,false,"",153,sms,rob2tel,3
"33401","2026-09-17","03",true,GW_ROBOT_TELCEL_3,2,2,false,false,false,"",49,sms,rob2tel,3
"33401","2026-09-17","03",true,GW_ROBOT_TELCEL_3,2,2,false,false,false,"",60,sms,rob2tel,1
"33401","2026-09-17","03",true,GW_ROBOT_TELCEL_3,2,2,false,false,false,"",133,sms,rob2tel,1
"33401","2026-09-17","03",true,GW_ROBOT_TELCEL_3,2,2,false,false,false,"",134,sms,rob2tel,1
"33401","2026-09-17","03",true,GW_ROBOT_TELCEL_3,3,1,false,false,false,"",134,sms,rob2tel,6
"33401","2026-09-17","03",true,GW_ROBOT_TELCEL_3,3,2,false,false,false,"",134,sms,rob2tel,3
"33401","2026-09-17","03",true,GW_ROBOT_TELCEL_3,3,3,false,false,false,"",1,sms,rob2tel,1
"33401","2026-09-17","03",true,GW_ROBOT_TELCEL_3,3,3,false,false,false,"",6,sms,rob2tel,1
"33401","2026-09-17","03",true,GW_ROBOT_TELCEL_3,3,3,false,false,false,"",11,sms,rob2tel,1
"33401","2026-09-17","03",true,GW_ROBOT_TELCEL_3,3,3,false,false,false,"",23,sms,rob2tel,1
"33401","2026-09-17","03",true,GW_ROBOT_TELCEL_3,3,3,false,false,false,"",28,sms,rob2tel,1
"33401","2026-09-17","03",true,ROBOCOM-MOVISTAR,1,0,false,false,false,"",136,sms,ROBOCOM_SMS,1
"33401","2026-09-17","03",true,ROBOCOM-MOVISTAR,1,0,false,false,false,"",156,sms,ROBOCOM_SMS,1
"33401","2026-09-17","03",true,ROBOCOM_ALESTRA,1,0,false,false,false,"",105,sms,ROBOCOM,1
"33401","2026-09-17","03",true,ROBOCOM_ALESTRA,1,0,false,false,false,"",150,sms,ROBOCOM,1
"33401","2026-09-17","04",false,alestra,1,0,false,true,false,ESME_RINVSRCADR,130,sms,"",1
"33401","2026-09-17","04",true,GW_ROBOT_TELCEL_2,1,0,false,false,false,"",81,sms,rob2tel,10
"33401","2026-09-17","04",true,GW_ROBOT_TELCEL_2,1,0,false,false,false,"",122,sms,rob2tel,4
"33401","2026-09-17","04",true,GW_ROBOT_TELCEL_2,1,0,false,false,false,"",132,sms,rob2tel,5
"33401","2026-09-17","04",true,GW_ROBOT_TELCEL_3,1,0,false,false,false,"",81,sms,rob2tel,9
"33401","2026-09-17","04",true,GW_ROBOT_TELCEL_3,1,0,false,false,false,"",112,sms,rob2tel,1
"33401","2026-09-17","04",true,GW_ROBOT_TELCEL_3,1,0,false,false,false,"",120,sms,rob2tel,2
"33401","2026-09-17","04",true,GW_ROBOT_TELCEL_3,1,0,false,false,false,"",122,sms,rob2tel,5
"33401","2026-09-17","04",true,GW_ROBOT_TELCEL_3,1,0,false,false,false,"",126,sms,rob2tel,1
"33401","2026-09-17","04",true,GW_ROBOT_TELCEL_3,1,0,false,false,false,"",130,sms,rob2tel,2
"33401","2026-09-17","04",true,ROBOCOM_ALESTRA,1,0,false,false,false,"",104,sms,ROBOCOM,1
"33401","2026-09-17","04",true,ROBOCOM_ALESTRA,1,0,false,false,false,"",129,sms,ROBOCOM,4
"33401","2026-09-17","05",true,GW_ROBOT_TELCEL_2,1,0,false,false,false,"",81,sms,rob2tel,3
"33401","2026-09-17","05",true,GW_ROBOT_TELCEL_2,1,0,false,false,false,"",118,sms,rob2tel,1
"33401","2026-09-17","05",true,GW_ROBOT_TELCEL_2,1,0,false,false,false,"",122,sms,rob2tel,5
"33401","2026-09-17","05",true,GW_ROBOT_TELCEL_2,1,0,false,false,false,"",126,sms,rob2tel,1
"33401","2026-09-17","05",true,GW_ROBOT_TELCEL_2,1,0,false,false,false,"",132,sms,rob2tel,3
"33401","2026-09-17","05",true,GW_ROBOT_TELCEL_3,1,0,false,false,false,"",81,sms,rob2tel,6
"33401","2026-09-17","05",true,GW_ROBOT_TELCEL_3,1,0,false,false,false,"",122,sms,rob2tel,2
"33401","2026-09-17","05",true,GW_ROBOT_TELCEL_3,1,0,false,false,false,"",132,sms,rob2tel,3
"33401","2026-09-17","05",true,ROBOCOM_ALESTRA,1,0,false,false,false,"",129,sms,ROBOCOM,1
"33401","2026-09-17","06",false,alestra,1,0,false,true,false,ESME_RINVSRCADR,127,sms,"",1
"33401","2026-09-17","06",false,alestra,1,0,false,true,false,ESME_RINVSRCADR,149,sms,"",1
"33401","2026-09-17","06",true,GW_ROBOT_TELCEL_2,1,0,false,false,false,"",81,sms,rob2tel,2
"33401","2026-09-17","06",true,GW_ROBOT_TELCEL_2,1,0,false,false,false,"",122,sms,rob2tel,5
"33401","2026-09-17","06",true,GW_ROBOT_TELCEL_2,1,0,false,false,false,"",126,sms,rob2tel,1
"33401","2026-09-17","06",true,GW_ROBOT_TELCEL_2,1,0,false,false,false,"",132,sms,rob2tel,2
"33401","2026-09-17","06",true,GW_ROBOT_TELCEL_3,1,0,false,false,false,"",81,sms,rob2tel,4
"33401","2026-09-17","06",true,GW_ROBOT_TELCEL_3,1,0,false,false,false,"",118,sms,rob2tel,1
"33401","2026-09-17","06",true,GW_ROBOT_TELCEL_3,1,0,false,false,false,"",122,sms,rob2tel,2
"33401","2026-09-17","06",true,ROBOCOM_ALESTRA,1,0,false,false,false,"",108,sms,ROBOCOM,1
"33401","2026-09-17","07",true,GW_ROBOT_TELCEL_2,1,0,false,false,false,"",81,sms,rob2tel,7
"33401","2026-09-17","07",true,GW_ROBOT_TELCEL_2,1,0,false,false,false,"",132,sms,rob2tel,1
"33401","2026-09-17","07",true,GW_ROBOT_TELCEL_3,1,0,false,false,false,"",81,sms,rob2tel,1
"33401","2026-09-17","07",true,GW_ROBOT_TELCEL_3,1,0,false,false,false,"",122,sms,rob2tel,2
"33401","2026-09-17","07",true,GW_ROBOT_TELCEL_3,1,0,false,false,false,"",132,sms,rob2tel,1
"33401","2026-09-17","07",true,ROBOCOM_ALESTRA,1,0,false,false,false,"",127,sms,ROBOCOM,1
"33401","2026-09-17","08",true,GW_ROBOT_TELCEL_3,1,0,false,false,false,"",57,sms,rob2tel,1
"33401","2026-09-17","08",true,GW_ROBOT_TELCEL_3,1,0,false,false,false,"",126,sms,rob2tel,1
"33401","2026-09-17","09",true,GW_ROBOT_TELCEL_2,1,0,false,false,false,"",81,sms,rob2tel,1
"33401","2026-09-17","09",true,GW_ROBOT_TELCEL_2,1,0,false,false,false,"",122,sms,rob2tel,1
"33401","2026-09-17","09",true,GW_ROBOT_TELCEL_3,1,0,false,false,false,"",81,sms,rob2tel,4
"33401","2026-09-17","09",true,GW_ROBOT_TELCEL_3,1,0,false,false,false,"",122,sms,rob2tel,1
"33401","2026-09-17","10",true,GW_ROBOT_TELCEL_2,1,0,false,false,false,"",81,sms,rob2tel,1
"33401","2026-09-17","10",true,GW_ROBOT_TELCEL_3,1,0,false,false,false,"",81,sms,rob2tel,1
"33401","2026-09-17","11",true,GW_ROBOT_TELCEL_2,1,0,false,false,false,"",81,sms,rob2tel,3
"33401","2026-09-17","11",true,GW_ROBOT_TELCEL_2,1,0,false,false,false,"",122,sms,rob2tel,2
"33401","2026-09-17","11",true,GW_ROBOT_TELCEL_3,1,0,false,false,false,"",81,sms,rob2tel,1
"33401","2026-09-17","11",true,GW_ROBOT_TELCEL_3,1,0,false,false,false,"",132,sms,rob2tel,1
"33401","2026-09-17","12",false,ROBOCOM-MOVISTAR,1,0,false,true,false,ESME_RSUBMITFAIL,154,sms,ROBOCOM_SMS,1
"33401","2026-09-17","12",false,ROBOCOM-MOVISTAR,2,1,false,true,false,ESME_RSUBMITFAIL,153,sms,ROBOCOM_SMS,1
"33401","2026-09-17","12",true,GW_ROBOT_TELCEL_2,1,0,false,false,false,"",36,sms,rob2tel,1
"33401","2026-09-17","12",true,GW_ROBOT_TELCEL_2,1,0,false,false,false,"",37,sms,rob2tel,2
"33401","2026-09-17","12",true,GW_ROBOT_TELCEL_2,1,0,false,false,false,"",38,sms,rob2tel,4
"33401","2026-09-17","12",true,GW_ROBOT_TELCEL_2,1,0,false,false,false,"",84,sms,rob2tel,1
"33401","2026-09-17","12",true,GW_ROBOT_TELCEL_2,1,0,false,false,false,"",120,sms,rob2tel,1
"33401","2026-09-17","12",true,GW_ROBOT_TELCEL_2,1,0,false,false,false,"",122,sms,rob2tel,1
"33401","2026-09-17","12",true,GW_ROBOT_TELCEL_2,1,0,false,false,false,"",123,sms,rob2tel,1
"33401","2026-09-17","12",true,GW_ROBOT_TELCEL_2,1,0,false,false,false,"",130,sms,rob2tel,1
"33401","2026-09-17","12",true,GW_ROBOT_TELCEL_2,1,0,false,false,false,"",132,sms,rob2tel,1
"33401","2026-09-17","12",true,GW_ROBOT_TELCEL_2,1,0,false,false,false,"",154,sms,rob2tel,1
"33401","2026-09-17","12",true,GW_ROBOT_TELCEL_2,1,0,false,false,false,"",158,sms,rob2tel,2
"33401","2026-09-17","12",true,GW_ROBOT_TELCEL_2,2,1,false,false,false,"",153,sms,rob2tel,2
"33401","2026-09-17","12",true,GW_ROBOT_TELCEL_2,2,2,false,false,false,"",60,sms,rob2tel,1
"33401","2026-09-17","12",true,GW_ROBOT_TELCEL_3,1,0,false,false,false,"",36,sms,rob2tel,1
"33401","2026-09-17","12",true,GW_ROBOT_TELCEL_3,1,0,false,false,false,"",38,sms,rob2tel,2
"33401","2026-09-17","12",true,GW_ROBOT_TELCEL_3,1,0,false,false,false,"",109,sms,rob2tel,1
"33401","2026-09-17","12",true,GW_ROBOT_TELCEL_3,1,0,false,false,false,"",120,sms,rob2tel,2
"33401","2026-09-17","12",true,GW_ROBOT_TELCEL_3,1,0,false,false,false,"",122,sms,rob2tel,1
"33401","2026-09-17","12",true,GW_ROBOT_TELCEL_3,1,0,false,false,false,"",132,sms,rob2tel,2
"33401","2026-09-17","12",true,GW_ROBOT_TELCEL_3,1,0,false,false,false,"",154,sms,rob2tel,3
"33401","2026-09-17","12",true,GW_ROBOT_TELCEL_3,1,0,false,false,false,"",156,sms,rob2tel,1
"33401","2026-09-17","12",true,GW_ROBOT_TELCEL_3,1,0,false,false,false,"",158,sms,rob2tel,3
"33401","2026-09-17","12",true,GW_ROBOT_TELCEL_3,2,1,false,false,false,"",153,sms,rob2tel,2
"33401","2026-09-17","12",true,GW_ROBOT_TELCEL_3,2,2,false,false,false,"",49,sms,rob2tel,1
"33401","2026-09-17","12",true,GW_ROBOT_TELCEL_3,2,2,false,false,false,"",60,sms,rob2tel,2
"33401","2026-09-17","12",true,ROBOCOM-MOVISTAR,1,0,false,false,false,"",37,sms,ROBOCOM_SMS,1
"33401","2026-09-17","12",true,ROBOCOM-MOVISTAR,1,0,false,false,false,"",38,sms,ROBOCOM_SMS,2
"33401","2026-09-17","12",true,ROBOCOM-MOVISTAR,2,2,false,false,false,"",49,sms,ROBOCOM_SMS,1
"33401","2026-09-17","13",false,ROBOCOM-MOVISTAR,1,0,false,true,false,ESME_RSUBMITFAIL,37,sms,ROBOCOM_SMS,1
"33401","2026-09-17","13",true,GW_ROBOT_TELCEL_2,1,0,false,false,false,"",14,sms,rob2tel,1
"33401","2026-09-17","13",true,GW_ROBOT_TELCEL_2,1,0,false,false,false,"",33,sms,rob2tel,1
"33401","2026-09-17","13",true,GW_ROBOT_TELCEL_2,1,0,false,false,false,"",37,sms,rob2tel,2
"33401","2026-09-17","13",true,GW_ROBOT_TELCEL_2,1,0,false,false,false,"",59,sms,rob2tel,6
"33401","2026-09-17","13",true,GW_ROBOT_TELCEL_2,1,0,false,false,false,"",71,sms,rob2tel,5
"33401","2026-09-17","13",true,GW_ROBOT_TELCEL_2,1,0,false,false,false,"",81,sms,rob2tel,2
"33401","2026-09-17","13",true,GW_ROBOT_TELCEL_2,1,0,false,false,false,"",109,sms,rob2tel,1
"33401","2026-09-17","13",true,GW_ROBOT_TELCEL_2,1,0,false,false,false,"",119,sms,rob2tel,1
"33401","2026-09-17","13",true,GW_ROBOT_TELCEL_2,1,0,false,false,false,"",122,sms,rob2tel,1
"33401","2026-09-17","13",true,GW_ROBOT_TELCEL_2,1,0,false,false,false,"",124,sms,rob2tel,3
"33401","2026-09-17","13",true,GW_ROBOT_TELCEL_2,1,0,false,false,false,"",125,sms,rob2tel,2
"33401","2026-09-17","13",true,GW_ROBOT_TELCEL_2,1,0,false,false,false,"",127,sms,rob2tel,2
"33401","2026-09-17","13",true,GW_ROBOT_TELCEL_2,1,0,false,false,false,"",132,sms,rob2tel,2
"33401","2026-09-17","13",true,GW_ROBOT_TELCEL_2,1,0,false,false,false,"",154,sms,rob2tel,7
"33401","2026-09-17","13",true,GW_ROBOT_TELCEL_2,1,0,false,false,false,"",158,sms,rob2tel,2
"33401","2026-09-17","13",true,GW_ROBOT_TELCEL_2,1,0,false,false,false,"",160,sms,rob2tel,1
"33401","2026-09-17","13",true,GW_ROBOT_TELCEL_2,2,1,false,false,false,"",134,sms,rob2tel,1
"33401","2026-09-17","13",true,GW_ROBOT_TELCEL_2,2,1,false,false,false,"",153,sms,rob2tel,2
"33401","2026-09-17","13",true,GW_ROBOT_TELCEL_2,2,2,false,false,false,"",49,sms,rob2tel,4
"33401","2026-09-17","13",true,GW_ROBOT_TELCEL_2,2,2,false,false,false,"",126,sms,rob2tel,1
"33401","2026-09-17","13",true,GW_ROBOT_TELCEL_3,1,0,false,false,false,"",15,sms,rob2tel,1
"33401","2026-09-17","13",true,GW_ROBOT_TELCEL_3,1,0,false,false,false,"",33,sms,rob2tel,1
"33401","2026-09-17","13",true,GW_ROBOT_TELCEL_3,1,0,false,false,false,"",36,sms,rob2tel,1
"33401","2026-09-17","13",true,GW_ROBOT_TELCEL_3,1,0,false,false,false,"",37,sms,rob2tel,3
"33401","2026-09-17","13",true,GW_ROBOT_TELCEL_3,1,0,false,false,false,"",38,sms,rob2tel,4
"33401","2026-09-17","13",true,GW_ROBOT_TELCEL_3,1,0,false,false,false,"",39,sms,rob2tel,2
"33401","2026-09-17","13",true,GW_ROBOT_TELCEL_3,1,0,false,false,false,"",56,sms,rob2tel,1
"33401","2026-09-17","13",true,GW_ROBOT_TELCEL_3,1,0,false,false,false,"",59,sms,rob2tel,4
"33401","2026-09-17","13",true,GW_ROBOT_TELCEL_3,1,0,false,false,false,"",81,sms,rob2tel,4
"33401","2026-09-17","13",true,GW_ROBOT_TELCEL_3,1,0,false,false,false,"",102,sms,rob2tel,2
"33401","2026-09-17","13",true,GW_ROBOT_TELCEL_3,1,0,false,false,false,"",120,sms,rob2tel,3
"33401","2026-09-17","13",true,GW_ROBOT_TELCEL_3,1,0,false,false,false,"",122,sms,rob2tel,2
"33401","2026-09-17","13",true,GW_ROBOT_TELCEL_3,1,0,false,false,false,"",123,sms,rob2tel,1
"33401","2026-09-17","13",true,GW_ROBOT_TELCEL_3,1,0,false,false,false,"",127,sms,rob2tel,1
"33401","2026-09-17","13",true,GW_ROBOT_TELCEL_3,1,0,false,false,false,"",132,sms,rob2tel,1
"33401","2026-09-17","13",true,GW_ROBOT_TELCEL_3,1,0,false,false,false,"",147,sms,rob2tel,1
"33401","2026-09-17","13",true,GW_ROBOT_TELCEL_3,1,0,false,false,false,"",148,sms,rob2tel,1
"33401","2026-09-17","13",true,GW_ROBOT_TELCEL_3,1,0,false,false,false,"",152,sms,rob2tel,1
"33401","2026-09-17","13",true,GW_ROBOT_TELCEL_3,1,0,false,false,false,"",153,sms,rob2tel,1
"33401","2026-09-17","13",true,GW_ROBOT_TELCEL_3,1,0,false,false,false,"",154,sms,rob2tel,4
"33401","2026-09-17","13",true,GW_ROBOT_TELCEL_3,1,0,false,false,false,"",155,sms,rob2tel,1
"33401","2026-09-17","13",true,GW_ROBOT_TELCEL_3,1,0,false,false,false,"",156,sms,rob2tel,1
"33401","2026-09-17","13",true,GW_ROBOT_TELCEL_3,1,0,false,false,false,"",157,sms,rob2tel,1
"33401","2026-09-17","13",true,GW_ROBOT_TELCEL_3,1,0,false,false,false,"",158,sms,rob2tel,2
"33401","2026-09-17","13",true,GW_ROBOT_TELCEL_3,1,0,false,false,false,"",160,sms,rob2tel,1
"33401","2026-09-17","13",true,GW_ROBOT_TELCEL_3,2,1,false,false,false,"",153,sms,rob2tel,6
"33401","2026-09-17","13",true,GW_ROBOT_TELCEL_3,2,2,false,false,false,"",49,sms,rob2tel,2
"33401","2026-09-17","13",true,GW_ROBOT_TELCEL_3,2,2,false,false,false,"",60,sms,rob2tel,2
"33401","2026-09-17","13",true,ROBOCOM_ALESTRA,1,0,false,false,false,"",153,sms,ROBOCOM,1
"33401","2026-09-17","14",false,ROBOCOM-MOVISTAR,1,0,false,true,false,ESME_RSUBMITFAIL,37,sms,ROBOCOM_SMS,2
"33401","2026-09-17","14",false,ROBOCOM-MOVISTAR,1,0,false,true,false,ESME_RSUBMITFAIL,38,sms,ROBOCOM_SMS,5
"33401","2026-09-17","14",false,ROBOCOM-MOVISTAR,1,0,false,true,false,ESME_RSUBMITFAIL,109,sms,ROBOCOM_SMS,1
"33401","2026-09-17","14",false,ROBOCOM-MOVISTAR,1,0,false,true,false,ESME_RSUBMITFAIL,123,sms,ROBOCOM_SMS,2
"33401","2026-09-17","14",false,ROBOCOM-MOVISTAR,1,0,false,true,false,ESME_RSUBMITFAIL,125,flash,ROBOCOM_SMS,2
"33401","2026-09-17","14",false,ROBOCOM-MOVISTAR,1,0,false,true,false,ESME_RSUBMITFAIL,125,sms,ROBOCOM_SMS,1
"33401","2026-09-17","14",false,ROBOCOM-MOVISTAR,1,0,false,true,false,ESME_RSUBMITFAIL,127,flash,ROBOCOM_SMS,2
"33401","2026-09-17","14",false,ROBOCOM-MOVISTAR,1,0,false,true,false,ESME_RSUBMITFAIL,128,flash,ROBOCOM_SMS,3
"33401","2026-09-17","14",false,ROBOCOM-MOVISTAR,1,0,false,true,false,ESME_RSUBMITFAIL,128,sms,ROBOCOM_SMS,4
"33401","2026-09-17","14",false,ROBOCOM-MOVISTAR,1,0,false,true,false,ESME_RSUBMITFAIL,129,flash,ROBOCOM_SMS,3
"33401","2026-09-17","14",false,ROBOCOM-MOVISTAR,1,0,false,true,false,ESME_RSUBMITFAIL,130,flash,ROBOCOM_SMS,2
"33401","2026-09-17","14",false,ROBOCOM-MOVISTAR,1,0,false,true,false,ESME_RSUBMITFAIL,131,flash,ROBOCOM_SMS,9
"33401","2026-09-17","14",false,ROBOCOM-MOVISTAR,1,0,false,true,false,ESME_RSUBMITFAIL,132,flash,ROBOCOM_SMS,16
"33401","2026-09-17","14",false,ROBOCOM-MOVISTAR,1,0,false,true,false,ESME_RSUBMITFAIL,132,sms,ROBOCOM_SMS,208
"33401","2026-09-17","14",false,ROBOCOM-MOVISTAR,1,0,false,true,false,ESME_RSUBMITFAIL,133,flash,ROBOCOM_SMS,21
"33401","2026-09-17","14",false,ROBOCOM-MOVISTAR,1,0,false,true,false,ESME_RSUBMITFAIL,134,flash,ROBOCOM_SMS,28
"33401","2026-09-17","14",false,ROBOCOM-MOVISTAR,1,0,false,true,false,ESME_RSUBMITFAIL,135,flash,ROBOCOM_SMS,38
"33401","2026-09-17","14",false,ROBOCOM-MOVISTAR,1,0,false,true,false,ESME_RSUBMITFAIL,135,sms,ROBOCOM_SMS,1
"33401","2026-09-17","14",false,ROBOCOM-MOVISTAR,1,0,false,true,false,ESME_RSUBMITFAIL,136,flash,ROBOCOM_SMS,73
"33401","2026-09-17","14",false,ROBOCOM-MOVISTAR,1,0,false,true,false,ESME_RSUBMITFAIL,137,flash,ROBOCOM_SMS,66
"33401","2026-09-17","14",false,ROBOCOM-MOVISTAR,1,0,false,true,false,ESME_RSUBMITFAIL,138,flash,ROBOCOM_SMS,91
"33401","2026-09-17","14",false,ROBOCOM-MOVISTAR,1,0,false,true,false,ESME_RSUBMITFAIL,139,flash,ROBOCOM_SMS,123
"33401","2026-09-17","14",false,ROBOCOM-MOVISTAR,1,0,false,true,false,ESME_RSUBMITFAIL,140,flash,ROBOCOM_SMS,134
"33401","2026-09-17","14",false,ROBOCOM-MOVISTAR,1,0,false,true,false,ESME_RSUBMITFAIL,141,flash,ROBOCOM_SMS,136
"33401","2026-09-17","14",false,ROBOCOM-MOVISTAR,1,0,false,true,false,ESME_RSUBMITFAIL,142,flash,ROBOCOM_SMS,138
"33401","2026-09-17","14",false,ROBOCOM-MOVISTAR,1,0,false,true,false,ESME_RSUBMITFAIL,142,sms,ROBOCOM_SMS,15
"33401","2026-09-17","14",false,ROBOCOM-MOVISTAR,1,0,false,true,false,ESME_RSUBMITFAIL,143,flash,ROBOCOM_SMS,147
"33401","2026-09-17","14",false,ROBOCOM-MOVISTAR,1,0,false,true,false,ESME_RSUBMITFAIL,144,flash,ROBOCOM_SMS,126
"33401","2026-09-17","14",false,ROBOCOM-MOVISTAR,1,0,false,true,false,ESME_RSUBMITFAIL,145,flash,ROBOCOM_SMS,145
"33401","2026-09-17","14",false,ROBOCOM-MOVISTAR,1,0,false,true,false,ESME_RSUBMITFAIL,145,sms,ROBOCOM_SMS,3
"33401","2026-09-17","14",false,ROBOCOM-MOVISTAR,1,0,false,true,false,ESME_RSUBMITFAIL,146,flash,ROBOCOM_SMS,139
"33401","2026-09-17","14",false,ROBOCOM-MOVISTAR,1,0,false,true,false,ESME_RSUBMITFAIL,146,sms,ROBOCOM_SMS,5
"33401","2026-09-17","14",false,ROBOCOM-MOVISTAR,1,0,false,true,false,ESME_RSUBMITFAIL,147,flash,ROBOCOM_SMS,144
"33401","2026-09-17","14",false,ROBOCOM-MOVISTAR,1,0,false,true,false,ESME_RSUBMITFAIL,147,sms,ROBOCOM_SMS,4
"33401","2026-09-17","14",false,ROBOCOM-MOVISTAR,1,0,false,true,false,ESME_RSUBMITFAIL,148,flash,ROBOCOM_SMS,136
"33401","2026-09-17","14",false,ROBOCOM-MOVISTAR,1,0,false,true,false,ESME_RSUBMITFAIL,148,sms,ROBOCOM_SMS,1
"33401","2026-09-17","14",false,ROBOCOM-MOVISTAR,1,0,false,true,false,ESME_RSUBMITFAIL,149,flash,ROBOCOM_SMS,105
"33401","2026-09-17","14",false,ROBOCOM-MOVISTAR,1,0,false,true,false,ESME_RSUBMITFAIL,149,sms,ROBOCOM_SMS,4
"33401","2026-09-17","14",false,ROBOCOM-MOVISTAR,1,0,false,true,false,ESME_RSUBMITFAIL,150,flash,ROBOCOM_SMS,106
"33401","2026-09-17","14",false,ROBOCOM-MOVISTAR,1,0,false,true,false,ESME_RSUBMITFAIL,150,sms,ROBOCOM_SMS,2
"33401","2026-09-17","14",false,ROBOCOM-MOVISTAR,1,0,false,true,false,ESME_RSUBMITFAIL,151,flash,ROBOCOM_SMS,77
"33401","2026-09-17","14",false,ROBOCOM-MOVISTAR,1,0,false,true,false,ESME_RSUBMITFAIL,151,sms,ROBOCOM_SMS,5
"33401","2026-09-17","14",false,ROBOCOM-MOVISTAR,1,0,false,true,false,ESME_RSUBMITFAIL,152,flash,ROBOCOM_SMS,63
"33401","2026-09-17","14",false,ROBOCOM-MOVISTAR,1,0,false,true,false,ESME_RSUBMITFAIL,152,sms,ROBOCOM_SMS,13
"33401","2026-09-17","14",false,ROBOCOM-MOVISTAR,1,0,false,true,false,ESME_RSUBMITFAIL,153,flash,ROBOCOM_SMS,54
"33401","2026-09-17","14",false,ROBOCOM-MOVISTAR,1,0,false,true,false,ESME_RSUBMITFAIL,153,sms,ROBOCOM_SMS,2
"33401","2026-09-17","14",false,ROBOCOM-MOVISTAR,1,0,false,true,false,ESME_RSUBMITFAIL,154,flash,ROBOCOM_SMS,43
"33401","2026-09-17","14",false,ROBOCOM-MOVISTAR,1,0,false,true,false,ESME_RSUBMITFAIL,154,sms,ROBOCOM_SMS,4
"33401","2026-09-17","14",false,ROBOCOM-MOVISTAR,1,0,false,true,false,ESME_RSUBMITFAIL,155,flash,ROBOCOM_SMS,25
"33401","2026-09-17","14",false,ROBOCOM-MOVISTAR,1,0,false,true,false,ESME_RSUBMITFAIL,156,flash,ROBOCOM_SMS,57
"33401","2026-09-17","14",false,ROBOCOM-MOVISTAR,1,0,false,true,false,ESME_RSUBMITFAIL,157,flash,ROBOCOM_SMS,22
"33401","2026-09-17","14",false,ROBOCOM-MOVISTAR,1,0,false,true,false,ESME_RSUBMITFAIL,158,flash,ROBOCOM_SMS,46
"33401","2026-09-17","14",false,ROBOCOM-MOVISTAR,1,0,false,true,false,ESME_RSUBMITFAIL,158,sms,ROBOCOM_SMS,33
"33401","2026-09-17","14",false,ROBOCOM-MOVISTAR,1,0,false,true,false,ESME_RSUBMITFAIL,159,flash,ROBOCOM_SMS,16
"33401","2026-09-17","14",false,ROBOCOM-MOVISTAR,1,0,false,true,false,ESME_RSUBMITFAIL,160,flash,ROBOCOM_SMS,12
"33401","2026-09-17","14",false,ROBOCOM-MOVISTAR,1,0,false,true,false,ESME_RTHROTTLED,132,flash,ROBOCOM_SMS,1
"33401","2026-09-17","14",false,ROBOCOM-MOVISTAR,1,0,false,true,false,ESME_RTHROTTLED,134,flash,ROBOCOM_SMS,1
"33401","2026-09-17","14",false,ROBOCOM-MOVISTAR,1,0,false,true,false,ESME_RTHROTTLED,136,flash,ROBOCOM_SMS,3
"33401","2026-09-17","14",false,ROBOCOM-MOVISTAR,1,0,false,true,false,ESME_RTHROTTLED,137,flash,ROBOCOM_SMS,2
"33401","2026-09-17","14",false,ROBOCOM-MOVISTAR,1,0,false,true,false,ESME_RTHROTTLED,138,flash,ROBOCOM_SMS,3
"33401","2026-09-17","14",false,ROBOCOM-MOVISTAR,1,0,false,true,false,ESME_RTHROTTLED,139,flash,ROBOCOM_SMS,5
"33401","2026-09-17","14",false,ROBOCOM-MOVISTAR,1,0,false,true,false,ESME_RTHROTTLED,140,flash,ROBOCOM_SMS,3
"33401","2026-09-17","14",false,ROBOCOM-MOVISTAR,1,0,false,true,false,ESME_RTHROTTLED,141,flash,ROBOCOM_SMS,8
"33401","2026-09-17","14",false,ROBOCOM-MOVISTAR,1,0,false,true,false,ESME_RTHROTTLED,142,flash,ROBOCOM_SMS,8
"33401","2026-09-17","14",false,ROBOCOM-MOVISTAR,1,0,false,true,false,ESME_RTHROTTLED,143,flash,ROBOCOM_SMS,6
"33401","2026-09-17","14",false,ROBOCOM-MOVISTAR,1,0,false,true,false,ESME_RTHROTTLED,144,flash,ROBOCOM_SMS,7
"33401","2026-09-17","14",false,ROBOCOM-MOVISTAR,1,0,false,true,false,ESME_RTHROTTLED,145,flash,ROBOCOM_SMS,4
"33401","2026-09-17","14",false,ROBOCOM-MOVISTAR,1,0,false,true,false,ESME_RTHROTTLED,146,flash,ROBOCOM_SMS,6
"33401","2026-09-17","14",false,ROBOCOM-MOVISTAR,1,0,false,true,false,ESME_RTHROTTLED,147,flash,ROBOCOM_SMS,3
"33401","2026-09-17","14",false,ROBOCOM-MOVISTAR,1,0,false,true,false,ESME_RTHROTTLED,148,flash,ROBOCOM_SMS,7
"33401","2026-09-17","14",false,ROBOCOM-MOVISTAR,1,0,false,true,false,ESME_RTHROTTLED,149,flash,ROBOCOM_SMS,7
"33401","2026-09-17","14",false,ROBOCOM-MOVISTAR,1,0,false,true,false,ESME_RTHROTTLED,150,flash,ROBOCOM_SMS,3
"33401","2026-09-17","14",false,ROBOCOM-MOVISTAR,1,0,false,true,false,ESME_RTHROTTLED,151,flash,ROBOCOM_SMS,3
"33401","2026-09-17","14",false,ROBOCOM-MOVISTAR,1,0,false,true,false,ESME_RTHROTTLED,152,flash,ROBOCOM_SMS,2
"33401","2026-09-17","14",false,ROBOCOM-MOVISTAR,1,0,false,true,false,ESME_RTHROTTLED,153,flash,ROBOCOM_SMS,1
"33401","2026-09-17","14",false,ROBOCOM-MOVISTAR,1,0,false,true,false,ESME_RTHROTTLED,154,flash,ROBOCOM_SMS,2
"33401","2026-09-17","14",false,ROBOCOM-MOVISTAR,1,0,false,true,false,ESME_RTHROTTLED,155,flash,ROBOCOM_SMS,1
"33401","2026-09-17","14",false,ROBOCOM-MOVISTAR,1,0,false,true,false,ESME_RTHROTTLED,159,flash,ROBOCOM_SMS,1
"33401","2026-09-17","14",false,ROBOCOM-MOVISTAR,2,1,false,true,false,ESME_RSUBMITFAIL,153,flash,ROBOCOM_SMS,8
"33401","2026-09-17","14",false,ROBOCOM-MOVISTAR,2,1,false,true,false,ESME_RSUBMITFAIL,153,sms,ROBOCOM_SMS,2
"33401","2026-09-17","14",false,ROBOCOM-MOVISTAR,2,1,false,true,false,ESME_RTHROTTLED,153,flash,ROBOCOM_SMS,10
"33401","2026-09-17","14",false,ROBOCOM-MOVISTAR,2,2,false,true,false,ESME_RTHROTTLED,17,flash,ROBOCOM_SMS,2
"33401","2026-09-17","14",false,ROBOCOM-MOVISTAR,2,2,false,true,false,ESME_RTHROTTLED,18,flash,ROBOCOM_SMS,2
"33401","2026-09-17","14",false,ROBOCOM-MOVISTAR,2,2,false,true,false,ESME_RTHROTTLED,20,flash,ROBOCOM_SMS,2
"33401","2026-09-17","14",false,ROBOCOM-MOVISTAR,2,2,false,true,false,ESME_RTHROTTLED,21,flash,ROBOCOM_SMS,1
"33401","2026-09-17","14",false,ROBOCOM-MOVISTAR,2,2,false,true,false,ESME_RTHROTTLED,22,flash,ROBOCOM_SMS,1
"33401","2026-09-17","14",false,alestra,1,0,false,true,false,ESME_RINVSRCADR,127,sms,"",1
"33401","2026-09-17","14",false,alestra,1,0,false,true,false,ESME_RINVSRCADR,132,sms,"",2
"33401","2026-09-17","14",true,GW_ROBOT_TELCEL_2,1,0,false,false,false,"",5,sms,rob2tel,2
"33401","2026-09-17","14",true,GW_ROBOT_TELCEL_2,1,0,false,false,false,"",20,sms,rob2tel,1
"33401","2026-09-17","14",true,GW_ROBOT_TELCEL_2,1,0,false,false,false,"",33,sms,rob2tel,1
"33401","2026-09-17","14",true,GW_ROBOT_TELCEL_2,1,0,false,false,false,"",38,sms,rob2tel,1
"33401","2026-09-17","14",true,GW_ROBOT_TELCEL_2,1,0,false,false,false,"",59,sms,rob2tel,7
"33401","2026-09-17","14",true,GW_ROBOT_TELCEL_2,1,0,false,false,false,"",70,sms,rob2tel,2
"33401","2026-09-17","14",true,GW_ROBOT_TELCEL_2,1,0,false,false,false,"",71,sms,rob2tel,2
"33401","2026-09-17","14",true,GW_ROBOT_TELCEL_2,1,0,false,false,false,"",72,sms,rob2tel,1
"33401","2026-09-17","14",true,GW_ROBOT_TELCEL_2,1,0,false,false,false,"",81,sms,rob2tel,2
"33401","2026-09-17","14",true,GW_ROBOT_TELCEL_2,1,0,false,false,false,"",95,sms,rob2tel,1
"33401","2026-09-17","14",true,GW_ROBOT_TELCEL_2,1,0,false,false,false,"",102,sms,rob2tel,1
"33401","2026-09-17","14",true,GW_ROBOT_TELCEL_2,1,0,false,false,false,"",108,sms,rob2tel,1
"33401","2026-09-17","14",true,GW_ROBOT_TELCEL_2,1,0,false,false,false,"",115,flash,rob2tel,9
"33401","2026-09-17","14",true,GW_ROBOT_TELCEL_2,1,0,false,false,false,"",116,flash,rob2tel,6
"33401","2026-09-17","14",true,GW_ROBOT_TELCEL_2,1,0,false,false,false,"",118,flash,rob2tel,1
"33401","2026-09-17","14",true,GW_ROBOT_TELCEL_2,1,0,false,false,false,"",120,sms,rob2tel,5
"33401","2026-09-17","14",true,GW_ROBOT_TELCEL_2,1,0,false,false,false,"",121,flash,rob2tel,3
"33401","2026-09-17","14",true,GW_ROBOT_TELCEL_2,1,0,false,false,false,"",122,flash,rob2tel,2
"33401","2026-09-17","14",true,GW_ROBOT_TELCEL_2,1,0,false,false,false,"",122,sms,rob2tel,2
"33401","2026-09-17","14",true,GW_ROBOT_TELCEL_2,1,0,false,false,false,"",123,flash,rob2tel,9
"33401","2026-09-17","14",true,GW_ROBOT_TELCEL_2,1,0,false,false,false,"",123,sms,rob2tel,3
"33401","2026-09-17","14",true,GW_ROBOT_TELCEL_2,1,0,false,false,false,"",124,flash,rob2tel,9
"33401","2026-09-17","14",true,GW_ROBOT_TELCEL_2,1,0,false,false,false,"",125,flash,rob2tel,16
"33401","2026-09-17","14",true,GW_ROBOT_TELCEL_2,1,0,false,false,false,"",125,sms,rob2tel,2
"33401","2026-09-17","14",true,GW_ROBOT_TELCEL_2,1,0,false,false,false,"",126,flash,rob2tel,22
"33401","2026-09-17","14",true,GW_ROBOT_TELCEL_2,1,0,false,false,false,"",126,sms,rob2tel,2
"33401","2026-09-17","14",true,GW_ROBOT_TELCEL_2,1,0,false,false,false,"",127,flash,rob2tel,30
"33401","2026-09-17","14",true,GW_ROBOT_TELCEL_2,1,0,false,false,false,"",127,sms,rob2tel,1
"33401","2026-09-17","14",true,GW_ROBOT_TELCEL_2,1,0,false,false,false,"",128,flash,rob2tel,36
"33401","2026-09-17","14",true,GW_ROBOT_TELCEL_2,1,0,false,false,false,"",128,sms,rob2tel,2
"33401","2026-09-17","14",true,GW_ROBOT_TELCEL_2,1,0,false,false,false,"",129,flash,rob2tel,34
"33401","2026-09-17","14",true,GW_ROBOT_TELCEL_2,1,0,false,false,false,"",129,sms,rob2tel,6
"33401","2026-09-17","14",true,GW_ROBOT_TELCEL_2,1,0,false,false,false,"",130,flash,rob2tel,28
"33401","2026-09-17","14",true,GW_ROBOT_TELCEL_2,1,0,false,false,false,"",130,sms,rob2tel,7
"33401","2026-09-17","14",true,GW_ROBOT_TELCEL_2,1,0,false,false,false,"",131,flash,rob2tel,31
"33401","2026-09-17","14",true,GW_ROBOT_TELCEL_2,1,0,false,false,false,"",131,sms,rob2tel,10
"33401","2026-09-17","14",true,GW_ROBOT_TELCEL_2,1,0,false,false,false,"",132,flash,rob2tel,53
"33401","2026-09-17","14",true,GW_ROBOT_TELCEL_2,1,0,false,false,false,"",132,sms,rob2tel,1129
"33401","2026-09-17","14",true,GW_ROBOT_TELCEL_2,1,0,false,false,false,"",133,flash,rob2tel,75
"33401","2026-09-17","14",true,GW_ROBOT_TELCEL_2,1,0,false,false,false,"",133,sms,rob2tel,20
"33401","2026-09-17","14",true,GW_ROBOT_TELCEL_2,1,0,false,false,false,"",134,flash,rob2tel,140
"33401","2026-09-17","14",true,GW_ROBOT_TELCEL_2,1,0,false,false,false,"",134,sms,rob2tel,25
"33401","2026-09-17","14",true,GW_ROBOT_TELCEL_2,1,0,false,false,false,"",135,flash,rob2tel,209
"33401","2026-09-17","14",true,GW_ROBOT_TELCEL_2,1,0,false,false,false,"",135,sms,rob2tel,31
"33401","2026-09-17","14",true,GW_ROBOT_TELCEL_2,1,0,false,false,false,"",136,flash,rob2tel,300
"33401","2026-09-17","14",true,GW_ROBOT_TELCEL_2,1,0,false,false,false,"",136,sms,rob2tel,30
"33401","2026-09-17","14",true,GW_ROBOT_TELCEL_2,1,0,false,false,false,"",137,flash,rob2tel,345
"33401","2026-09-17","14",true,GW_ROBOT_TELCEL_2,1,0,false,false,false,"",137,sms,rob2tel,21
"33401","2026-09-17","14",true,GW_ROBOT_TELCEL_2,1,0,false,false,false,"",138,flash,rob2tel,408
"33401","2026-09-17","14",true,GW_ROBOT_TELCEL_2,1,0,false,false,false,"",138,sms,rob2tel,30
"33401","2026-09-17","14",true,GW_ROBOT_TELCEL_2,1,0,false,false,false,"",139,flash,rob2tel,530
"33401","2026-09-17","14",true,GW_ROBOT_TELCEL_2,1,0,false,false,false,"",139,sms,rob2tel,21
"33401","2026-09-17","14",true,GW_ROBOT_TELCEL_2,1,0,false,false,false,"",140,flash,rob2tel,539
"33401","2026-09-17","14",true,GW_ROBOT_TELCEL_2,1,0,false,false,false,"",140,sms,rob2tel,24
"33401","2026-09-17","14",true,GW_ROBOT_TELCEL_2,1,0,false,false,false,"",141,flash,rob2tel,593
"33401","2026-09-17","14",true,GW_ROBOT_TELCEL_2,1,0,false,false,false,"",141,sms,rob2tel,24
"33401","2026-09-17","14",true,GW_ROBOT_TELCEL_2,1,0,false,false,false,"",142,flash,rob2tel,578
"33401","2026-09-17","14",true,GW_ROBOT_TELCEL_2,1,0,false,false,false,"",142,sms,rob2tel,187
"33401","2026-09-17","14",true,GW_ROBOT_TELCEL_2,1,0,false,false,false,"",143,flash,rob2tel,595
"33401","2026-09-17","14",true,GW_ROBOT_TELCEL_2,1,0,false,false,false,"",143,sms,rob2tel,61
"33401","2026-09-17","14",true,GW_ROBOT_TELCEL_2,1,0,false,false,false,"",144,flash,rob2tel,635
"33401","2026-09-17","14",true,GW_ROBOT_TELCEL_2,1,0,false,false,false,"",144,sms,rob2tel,28
"33401","2026-09-17","14",true,GW_ROBOT_TELCEL_2,1,0,false,false,false,"",145,flash,rob2tel,573
"33401","2026-09-17","14",true,GW_ROBOT_TELCEL_2,1,0,false,false,false,"",145,sms,rob2tel,16
"33401","2026-09-17","14",true,GW_ROBOT_TELCEL_2,1,0,false,false,false,"",146,flash,rob2tel,580
"33401","2026-09-17","14",true,GW_ROBOT_TELCEL_2,1,0,false,false,false,"",146,sms,rob2tel,33
"33401","2026-09-17","14",true,GW_ROBOT_TELCEL_2,1,0,false,false,false,"",147,flash,rob2tel,551
"33401","2026-09-17","14",true,GW_ROBOT_TELCEL_2,1,0,false,false,false,"",147,sms,rob2tel,13
"33401","2026-09-17","14",true,GW_ROBOT_TELCEL_2,1,0,false,false,false,"",148,flash,rob2tel,516
"33401","2026-09-17","14",true,GW_ROBOT_TELCEL_2,1,0,false,false,false,"",148,sms,rob2tel,9
"33401","2026-09-17","14",true,GW_ROBOT_TELCEL_2,1,0,false,false,false,"",149,flash,rob2tel,428
"33401","2026-09-17","14",true,GW_ROBOT_TELCEL_2,1,0,false,false,false,"",149,sms,rob2tel,6
"33401","2026-09-17","14",true,GW_ROBOT_TELCEL_2,1,0,false,false,false,"",150,flash,rob2tel,385
"33401","2026-09-17","14",true,GW_ROBOT_TELCEL_2,1,0,false,false,false,"",150,sms,rob2tel,12
"33401","2026-09-17","14",true,GW_ROBOT_TELCEL_2,1,0,false,false,false,"",151,flash,rob2tel,307
"33401","2026-09-17","14",true,GW_ROBOT_TELCEL_2,1,0,false,false,false,"",151,sms,rob2tel,13
"33401","2026-09-17","14",true,GW_ROBOT_TELCEL_2,1,0,false,false,false,"",152,flash,rob2tel,268
"33401","2026-09-17","14",true,GW_ROBOT_TELCEL_2,1,0,false,false,false,"",152,sms,rob2tel,156
"33401","2026-09-17","14",true,GW_ROBOT_TELCEL_2,1,0,false,false,false,"",153,flash,rob2tel,242
"33401","2026-09-17","14",true,GW_ROBOT_TELCEL_2,1,0,false,false,false,"",153,sms,rob2tel,6
"33401","2026-09-17","14",true,GW_ROBOT_TELCEL_2,1,0,false,false,false,"",154,flash,rob2tel,171
"33401","2026-09-17","14",true,GW_ROBOT_TELCEL_2,1,0,false,false,false,"",154,sms,rob2tel,8
"33401","2026-09-17","14",true,GW_ROBOT_TELCEL_2,1,0,false,false,false,"",155,flash,rob2tel,131
"33401","2026-09-17","14",true,GW_ROBOT_TELCEL_2,1,0,false,false,false,"",155,sms,rob2tel,1
"33401","2026-09-17","14",true,GW_ROBOT_TELCEL_2,1,0,false,false,false,"",156,flash,rob2tel,191
"33401","2026-09-17","14",true,GW_ROBOT_TELCEL_2,1,0,false,false,false,"",156,sms,rob2tel,4
"33401","2026-09-17","14",true,GW_ROBOT_TELCEL_2,1,0,false,false,false,"",157,flash,rob2tel,110
"33401","2026-09-17","14",true,GW_ROBOT_TELCEL_2,1,0,false,false,false,"",157,sms,rob2tel,28
"33401","2026-09-17","14",true,GW_ROBOT_TELCEL_2,1,0,false,false,false,"",158,flash,rob2tel,162
"33401","2026-09-17","14",true,GW_ROBOT_TELCEL_2,1,0,false,false,false,"",158,sms,rob2tel,161
"33401","2026-09-17","14",true,GW_ROBOT_TELCEL_2,1,0,false,false,false,"",159,flash,rob2tel,87
"33401","2026-09-17","14",true,GW_ROBOT_TELCEL_2,1,0,false,false,false,"",159,sms,rob2tel,1
"33401","2026-09-17","14",true,GW_ROBOT_TELCEL_2,1,0,false,false,false,"",160,flash,rob2tel,45
"33401","2026-09-17","14",true,GW_ROBOT_TELCEL_2,2,1,false,false,false,"",134,sms,rob2tel,39
"33401","2026-09-17","14",true,GW_ROBOT_TELCEL_2,2,1,false,false,false,"",153,flash,rob2tel,700
"33401","2026-09-17","14",true,GW_ROBOT_TELCEL_2,2,1,false,false,false,"",153,sms,rob2tel,5
"33401","2026-09-17","14",true,GW_ROBOT_TELCEL_2,2,1,true,false,false,"",67,sms,rob2tel,1
"33401","2026-09-17","14",true,GW_ROBOT_TELCEL_2,2,2,false,false,false,"",8,flash,rob2tel,18
"33401","2026-09-17","14",true,GW_ROBOT_TELCEL_2,2,2,false,false,false,"",9,flash,rob2tel,14
"33401","2026-09-17","14",true,GW_ROBOT_TELCEL_2,2,2,false,false,false,"",10,flash,rob2tel,4
"33401","2026-09-17","14",true,GW_ROBOT_TELCEL_2,2,2,false,false,false,"",11,flash,rob2tel,2
"33401","2026-09-17","14",true,GW_ROBOT_TELCEL_2,2,2,false,false,false,"",16,flash,rob2tel,1
"33401","2026-09-17","14",true,GW_ROBOT_TELCEL_2,2,2,false,false,false,"",17,flash,rob2tel,32
"33401","2026-09-17","14",true,GW_ROBOT_TELCEL_2,2,2,false,false,false,"",18,flash,rob2tel,140
"33401","2026-09-17","14",true,GW_ROBOT_TELCEL_2,2,2,false,false,false,"",19,flash,rob2tel,2
"33401","2026-09-17","14",true,GW_ROBOT_TELCEL_2,2,2,false,false,false,"",20,flash,rob2tel,76
"33401","2026-09-17","14",true,GW_ROBOT_TELCEL_2,2,2,false,false,false,"",21,flash,rob2tel,132
"33401","2026-09-17","14",true,GW_ROBOT_TELCEL_2,2,2,false,false,false,"",22,flash,rob2tel,286
"33401","2026-09-17","14",true,GW_ROBOT_TELCEL_2,2,2,false,false,false,"",23,flash,rob2tel,17
"33401","2026-09-17","14",true,GW_ROBOT_TELCEL_2,2,2,false,false,false,"",24,flash,rob2tel,1
"33401","2026-09-17","14",true,GW_ROBOT_TELCEL_2,2,2,false,false,false,"",28,flash,rob2tel,3
"33401","2026-09-17","14",true,GW_ROBOT_TELCEL_2,2,2,false,false,false,"",29,flash,rob2tel,1
"33401","2026-09-17","14",true,GW_ROBOT_TELCEL_2,2,2,false,false,false,"",37,sms,rob2tel,35
"33401","2026-09-17","14",true,GW_ROBOT_TELCEL_2,2,2,false,false,false,"",49,sms,rob2tel,7
"33401","2026-09-17","14",true,GW_ROBOT_TELCEL_2,2,2,false,false,false,"",60,sms,rob2tel,1
"33401","2026-09-17","14",true,GW_ROBOT_TELCEL_3,1,0,false,false,false,"",33,sms,rob2tel,1
"33401","2026-09-17","14",true,GW_ROBOT_TELCEL_3,1,0,false,false,false,"",37,sms,rob2tel,2
"33401","2026-09-17","14",true,GW_ROBOT_TELCEL_3,1,0,false,false,false,"",39,sms,rob2tel,1
"33401","2026-09-17","14",true,GW_ROBOT_TELCEL_3,1,0,false,false,false,"",59,sms,rob2tel,5
"33401","2026-09-17","14",true,GW_ROBOT_TELCEL_3,1,0,false,false,false,"",68,sms,rob2tel,1
"33401","2026-09-17","14",true,GW_ROBOT_TELCEL_3,1,0,false,false,false,"",71,sms,rob2tel,2
"33401","2026-09-17","14",true,GW_ROBOT_TELCEL_3,1,0,false,false,false,"",72,sms,rob2tel,1
"33401","2026-09-17","14",true,GW_ROBOT_TELCEL_3,1,0,false,false,false,"",81,sms,rob2tel,2
"33401","2026-09-17","14",true,GW_ROBOT_TELCEL_3,1,0,false,false,false,"",87,sms,rob2tel,1
"33401","2026-09-17","14",true,GW_ROBOT_TELCEL_3,1,0,false,false,false,"",109,sms,rob2tel,2
"33401","2026-09-17","14",true,GW_ROBOT_TELCEL_3,1,0,false,false,false,"",114,flash,rob2tel,1
"33401","2026-09-17","14",true,GW_ROBOT_TELCEL_3,1,0,false,false,false,"",115,flash,rob2tel,13
"33401","2026-09-17","14",true,GW_ROBOT_TELCEL_3,1,0,false,false,false,"",116,flash,rob2tel,8
"33401","2026-09-17","14",true,GW_ROBOT_TELCEL_3,1,0,false,false,false,"",119,flash,rob2tel,1
"33401","2026-09-17","14",true,GW_ROBOT_TELCEL_3,1,0,false,false,false,"",120,flash,rob2tel,1
"33401","2026-09-17","14",true,GW_ROBOT_TELCEL_3,1,0,false,false,false,"",122,flash,rob2tel,5
"33401","2026-09-17","14",true,GW_ROBOT_TELCEL_3,1,0,false,false,false,"",122,sms,rob2tel,4
"33401","2026-09-17","14",true,GW_ROBOT_TELCEL_3,1,0,false,false,false,"",123,flash,rob2tel,3
"33401","2026-09-17","14",true,GW_ROBOT_TELCEL_3,1,0,false,false,false,"",123,sms,rob2tel,2
"33401","2026-09-17","14",true,GW_ROBOT_TELCEL_3,1,0,false,false,false,"",124,flash,rob2tel,10
"33401","2026-09-17","14",true,GW_ROBOT_TELCEL_3,1,0,false,false,false,"",124,sms,rob2tel,1
"33401","2026-09-17","14",true,GW_ROBOT_TELCEL_3,1,0,false,false,false,"",125,flash,rob2tel,16
"33401","2026-09-17","14",true,GW_ROBOT_TELCEL_3,1,0,false,false,false,"",126,flash,rob2tel,20
"33401","2026-09-17","14",true,GW_ROBOT_TELCEL_3,1,0,false,false,false,"",126,sms,rob2tel,2
"33401","2026-09-17","14",true,GW_ROBOT_TELCEL_3,1,0,false,false,false,"",127,flash,rob2tel,28
"33401","2026-09-17","14",true,GW_ROBOT_TELCEL_3,1,0,false,false,false,"",127,sms,rob2tel,3
"33401","2026-09-17","14",true,GW_ROBOT_TELCEL_3,1,0,false,false,false,"",128,flash,rob2tel,30
"33401","2026-09-17","14",true,GW_ROBOT_TELCEL_3,1,0,false,false,false,"",128,sms,rob2tel,3
"33401","2026-09-17","14",true,GW_ROBOT_TELCEL_3,1,0,false,false,false,"",129,flash,rob2tel,42
"33401","2026-09-17","14",true,GW_ROBOT_TELCEL_3,1,0,false,false,false,"",129,sms,rob2tel,5
"33401","2026-09-17","14",true,GW_ROBOT_TELCEL_3,1,0,false,false,false,"",130,flash,rob2tel,39
"33401","2026-09-17","14",true,GW_ROBOT_TELCEL_3,1,0,false,false,false,"",130,sms,rob2tel,9
"33401","2026-09-17","14",true,GW_ROBOT_TELCEL_3,1,0,false,false,false,"",131,flash,rob2tel,45
"33401","2026-09-17","14",true,GW_ROBOT_TELCEL_3,1,0,false,false,false,"",131,sms,rob2tel,7
"33401","2026-09-17","14",true,GW_ROBOT_TELCEL_3,1,0,false,false,false,"",132,flash,rob2tel,58
"33401","2026-09-17","14",true,GW_ROBOT_TELCEL_3,1,0,false,false,false,"",132,sms,rob2tel,1150
"33401","2026-09-17","14",true,GW_ROBOT_TELCEL_3,1,0,false,false,false,"",133,flash,rob2tel,90
"33401","2026-09-17","14",true,GW_ROBOT_TELCEL_3,1,0,false,false,false,"",133,sms,rob2tel,17
"33401","2026-09-17","14",true,GW_ROBOT_TELCEL_3,1,0,false,false,false,"",134,flash,rob2tel,124
"33401","2026-09-17","14",true,GW_ROBOT_TELCEL_3,1,0,false,false,false,"",134,sms,rob2tel,15
"33401","2026-09-17","14",true,GW_ROBOT_TELCEL_3,1,0,false,false,false,"",135,flash,rob2tel,164
"33401","2026-09-17","14",true,GW_ROBOT_TELCEL_3,1,0,false,false,false,"",135,sms,rob2tel,29
"33401","2026-09-17","14",true,GW_ROBOT_TELCEL_3,1,0,false,false,false,"",136,flash,rob2tel,296
"33401","2026-09-17","14",true,GW_ROBOT_TELCEL_3,1,0,false,false,false,"",136,sms,rob2tel,17
"33401","2026-09-17","14",true,GW_ROBOT_TELCEL_3,1,0,false,false,false,"",137,flash,rob2tel,341
"33401","2026-09-17","14",true,GW_ROBOT_TELCEL_3,1,0,false,false,false,"",137,sms,rob2tel,23
"33401","2026-09-17","14",true,GW_ROBOT_TELCEL_3,1,0,false,false,false,"",138,flash,rob2tel,378
"33401","2026-09-17","14",true,GW_ROBOT_TELCEL_3,1,0,false,false,false,"",138,sms,rob2tel,31
"33401","2026-09-17","14",true,GW_ROBOT_TELCEL_3,1,0,false,false,false,"",139,flash,rob2tel,532
"33401","2026-09-17","14",true,GW_ROBOT_TELCEL_3,1,0,false,false,false,"",139,sms,rob2tel,26
"33401","2026-09-17","14",true,GW_ROBOT_TELCEL_3,1,0,false,false,false,"",140,flash,rob2tel,517
"33401","2026-09-17","14",true,GW_ROBOT_TELCEL_3,1,0,false,false,false,"",140,sms,rob2tel,24
"33401","2026-09-17","14",true,GW_ROBOT_TELCEL_3,1,0,false,false,false,"",141,flash,rob2tel,608
"33401","2026-09-17","14",true,GW_ROBOT_TELCEL_3,1,0,false,false,false,"",141,sms,rob2tel,17
"33401","2026-09-17","14",true,GW_ROBOT_TELCEL_3,1,0,false,false,false,"",142,flash,rob2tel,628
"33401","2026-09-17","14",true,GW_ROBOT_TELCEL_3,1,0,false,false,false,"",142,sms,rob2tel,180
"33401","2026-09-17","14",true,GW_ROBOT_TELCEL_3,1,0,false,false,false,"",143,flash,rob2tel,614
"33401","2026-09-17","14",true,GW_ROBOT_TELCEL_3,1,0,false,false,false,"",143,sms,rob2tel,43
"33401","2026-09-17","14",true,GW_ROBOT_TELCEL_3,1,0,false,false,false,"",144,flash,rob2tel,588
"33401","2026-09-17","14",true,GW_ROBOT_TELCEL_3,1,0,false,false,false,"",144,sms,rob2tel,24
"33401","2026-09-17","14",true,GW_ROBOT_TELCEL_3,1,0,false,false,false,"",145,flash,rob2tel,618
"33401","2026-09-17","14",true,GW_ROBOT_TELCEL_3,1,0,false,false,false,"",145,sms,rob2tel,18
"33401","2026-09-17","14",true,GW_ROBOT_TELCEL_3,1,0,false,false,false,"",146,flash,rob2tel,595
"33401","2026-09-17","14",true,GW_ROBOT_TELCEL_3,1,0,false,false,false,"",146,sms,rob2tel,34
"33401","2026-09-17","14",true,GW_ROBOT_TELCEL_3,1,0,false,false,false,"",147,flash,rob2tel,535
"33401","2026-09-17","14",true,GW_ROBOT_TELCEL_3,1,0,false,false,false,"",147,sms,rob2tel,22
"33401","2026-09-17","14",true,GW_ROBOT_TELCEL_3,1,0,false,false,false,"",148,flash,rob2tel,480
"33401","2026-09-17","14",true,GW_ROBOT_TELCEL_3,1,0,false,false,false,"",148,sms,rob2tel,11
"33401","2026-09-17","14",true,GW_ROBOT_TELCEL_3,1,0,false,false,false,"",149,flash,rob2tel,445
"33401","2026-09-17","14",true,GW_ROBOT_TELCEL_3,1,0,false,false,false,"",149,sms,rob2tel,11
"33401","2026-09-17","14",true,GW_ROBOT_TELCEL_3,1,0,false,false,false,"",150,flash,rob2tel,404
"33401","2026-09-17","14",true,GW_ROBOT_TELCEL_3,1,0,false,false,false,"",150,sms,rob2tel,7
"33401","2026-09-17","14",true,GW_ROBOT_TELCEL_3,1,0,false,false,false,"",151,flash,rob2tel,297
"33401","2026-09-17","14",true,GW_ROBOT_TELCEL_3,1,0,false,false,false,"",151,sms,rob2tel,7
"33401","2026-09-17","14",true,GW_ROBOT_TELCEL_3,1,0,false,false,false,"",152,flash,rob2tel,314
"33401","2026-09-17","14",true,GW_ROBOT_TELCEL_3,1,0,false,false,false,"",152,sms,rob2tel,138
"33401","2026-09-17","14",true,GW_ROBOT_TELCEL_3,1,0,false,false,false,"",153,flash,rob2tel,225
"33401","2026-09-17","14",true,GW_ROBOT_TELCEL_3,1,0,false,false,false,"",153,sms,rob2tel,3
"33401","2026-09-17","14",true,GW_ROBOT_TELCEL_3,1,0,false,false,false,"",154,flash,rob2tel,158
"33401","2026-09-17","14",true,GW_ROBOT_TELCEL_3,1,0,false,false,false,"",154,sms,rob2tel,8
"33401","2026-09-17","14",true,GW_ROBOT_TELCEL_3,1,0,false,false,false,"",155,flash,rob2tel,125
"33401","2026-09-17","14",true,GW_ROBOT_TELCEL_3,1,0,false,false,false,"",156,flash,rob2tel,177
"33401","2026-09-17","14",true,GW_ROBOT_TELCEL_3,1,0,false,false,false,"",156,sms,rob2tel,3
"33401","2026-09-17","14",true,GW_ROBOT_TELCEL_3,1,0,false,false,false,"",157,flash,rob2tel,78
"33401","2026-09-17","14",true,GW_ROBOT_TELCEL_3,1,0,false,false,false,"",157,sms,rob2tel,34
"33401","2026-09-17","14",true,GW_ROBOT_TELCEL_3,1,0,false,false,false,"",158,flash,rob2tel,168
"33401","2026-09-17","14",true,GW_ROBOT_TELCEL_3,1,0,false,false,false,"",158,sms,rob2tel,138
"33401","2026-09-17","14",true,GW_ROBOT_TELCEL_3,1,0,false,false,false,"",159,flash,rob2tel,87
"33401","2026-09-17","14",true,GW_ROBOT_TELCEL_3,1,0,false,false,false,"",160,flash,rob2tel,39
"33401","2026-09-17","14",true,GW_ROBOT_TELCEL_3,2,1,false,false,false,"",134,sms,rob2tel,43
"33401","2026-09-17","14",true,GW_ROBOT_TELCEL_3,2,1,false,false,false,"",153,flash,rob2tel,747
"33401","2026-09-17","14",true,GW_ROBOT_TELCEL_3,2,1,false,false,false,"",153,sms,rob2tel,10
"33401","2026-09-17","14",true,GW_ROBOT_TELCEL_3,2,2,false,false,false,"",8,flash,rob2tel,28
"33401","2026-09-17","14",true,GW_ROBOT_TELCEL_3,2,2,false,false,false,"",9,flash,rob2tel,10
"33401","2026-09-17","14",true,GW_ROBOT_TELCEL_3,2,2,false,false,false,"",10,flash,rob2tel,14
"33401","2026-09-17","14",true,GW_ROBOT_TELCEL_3,2,2,false,false,false,"",11,flash,rob2tel,1
"33401","2026-09-17","14",true,GW_ROBOT_TELCEL_3,2,2,false,false,false,"",12,flash,rob2tel,1
"33401","2026-09-17","14",true,GW_ROBOT_TELCEL_3,2,2,false,false,false,"",16,flash,rob2tel,1
"33401","2026-09-17","14",true,GW_ROBOT_TELCEL_3,2,2,false,false,false,"",17,flash,rob2tel,31
"33401","2026-09-17","14",true,GW_ROBOT_TELCEL_3,2,2,false,false,false,"",18,flash,rob2tel,144
"33401","2026-09-17","14",true,GW_ROBOT_TELCEL_3,2,2,false,false,false,"",19,flash,rob2tel,6
"33401","2026-09-17","14",true,GW_ROBOT_TELCEL_3,2,2,false,false,false,"",20,flash,rob2tel,71
"33401","2026-09-17","14",true,GW_ROBOT_TELCEL_3,2,2,false,false,false,"",21,flash,rob2tel,117
"33401","2026-09-17","14",true,GW_ROBOT_TELCEL_3,2,2,false,false,false,"",22,flash,rob2tel,279
"33401","2026-09-17","14",true,GW_ROBOT_TELCEL_3,2,2,false,false,false,"",23,flash,rob2tel,12
"33401","2026-09-17","14",true,GW_ROBOT_TELCEL_3,2,2,false,false,false,"",25,flash,rob2tel,2
"33401","2026-09-17","14",true,GW_ROBOT_TELCEL_3,2,2,false,false,false,"",28,flash,rob2tel,1
"33401","2026-09-17","14",true,GW_ROBOT_TELCEL_3,2,2,false,false,false,"",37,sms,rob2tel,47
"33401","2026-09-17","14",true,GW_ROBOT_TELCEL_3,2,2,false,false,false,"",49,sms,rob2tel,6
"33401","2026-09-17","14",true,GW_ROBOT_TELCEL_3,2,2,false,false,false,"",60,sms,rob2tel,1
"33401","2026-09-17","14",true,GW_ROBOT_TELCEL_3,2,2,true,false,false,"",12,sms,rob2tel,1
"33401","2026-09-17","14",true,ROBOCOM-MOVISTAR,1,0,false,false,false,"",115,flash,ROBOCOM_SMS,4
"33401","2026-09-17","14",true,ROBOCOM-MOVISTAR,1,0,false,false,false,"",116,flash,ROBOCOM_SMS,3
"33401","2026-09-17","14",true,ROBOCOM-MOVISTAR,1,0,false,false,false,"",124,flash,ROBOCOM_SMS,3
"33401","2026-09-17","14",true,ROBOCOM-MOVISTAR,1,0,false,false,false,"",125,flash,ROBOCOM_SMS,8
"33401","2026-09-17","14",true,ROBOCOM-MOVISTAR,1,0,false,false,false,"",126,flash,ROBOCOM_SMS,6
"33401","2026-09-17","14",true,ROBOCOM-MOVISTAR,1,0,false,false,false,"",127,flash,ROBOCOM_SMS,7
"33401","2026-09-17","14",true,ROBOCOM-MOVISTAR,1,0,false,false,false,"",128,flash,ROBOCOM_SMS,12
"33401","2026-09-17","14",true,ROBOCOM-MOVISTAR,1,0,false,false,false,"",128,sms,ROBOCOM_SMS,1
"33401","2026-09-17","14",true,ROBOCOM-MOVISTAR,1,0,false,false,false,"",129,flash,ROBOCOM_SMS,8
"33401","2026-09-17","14",true,ROBOCOM-MOVISTAR,1,0,false,false,false,"",130,flash,ROBOCOM_SMS,8
"33401","2026-09-17","14",true,ROBOCOM-MOVISTAR,1,0,false,false,false,"",130,sms,ROBOCOM_SMS,2
"33401","2026-09-17","14",true,ROBOCOM-MOVISTAR,1,0,false,false,false,"",131,flash,ROBOCOM_SMS,4
"33401","2026-09-17","14",true,ROBOCOM-MOVISTAR,1,0,false,false,false,"",131,sms,ROBOCOM_SMS,3
"33401","2026-09-17","14",true,ROBOCOM-MOVISTAR,1,0,false,false,false,"",132,flash,ROBOCOM_SMS,2
"33401","2026-09-17","14",true,ROBOCOM-MOVISTAR,1,0,false,false,false,"",132,sms,ROBOCOM_SMS,29
"33401","2026-09-17","14",true,ROBOCOM-MOVISTAR,1,0,false,false,false,"",133,flash,ROBOCOM_SMS,4
"33401","2026-09-17","14",true,ROBOCOM-MOVISTAR,1,0,false,false,false,"",133,sms,ROBOCOM_SMS,8
"33401","2026-09-17","14",true,ROBOCOM-MOVISTAR,1,0,false,false,false,"",134,flash,ROBOCOM_SMS,9
"33401","2026-09-17","14",true,ROBOCOM-MOVISTAR,1,0,false,false,false,"",134,sms,ROBOCOM_SMS,4
"33401","2026-09-17","14",true,ROBOCOM-MOVISTAR,1,0,false,false,false,"",135,flash,ROBOCOM_SMS,12
"33401","2026-09-17","14",true,ROBOCOM-MOVISTAR,1,0,false,false,false,"",135,sms,ROBOCOM_SMS,9
"33401","2026-09-17","14",true,ROBOCOM-MOVISTAR,1,0,false,false,false,"",136,flash,ROBOCOM_SMS,9
"33401","2026-09-17","14",true,ROBOCOM-MOVISTAR,1,0,false,false,false,"",136,sms,ROBOCOM_SMS,11
"33401","2026-09-17","14",true,ROBOCOM-MOVISTAR,1,0,false,false,false,"",137,flash,ROBOCOM_SMS,17
"33401","2026-09-17","14",true,ROBOCOM-MOVISTAR,1,0,false,false,false,"",137,sms,ROBOCOM_SMS,7
"33401","2026-09-17","14",true,ROBOCOM-MOVISTAR,1,0,false,false,false,"",138,flash,ROBOCOM_SMS,13
"33401","2026-09-17","14",true,ROBOCOM-MOVISTAR,1,0,false,false,false,"",138,sms,ROBOCOM_SMS,10
"33401","2026-09-17","14",true,ROBOCOM-MOVISTAR,1,0,false,false,false,"",139,flash,ROBOCOM_SMS,12
"33401","2026-09-17","14",true,ROBOCOM-MOVISTAR,1,0,false,false,false,"",139,sms,ROBOCOM_SMS,10
"33401","2026-09-17","14",true,ROBOCOM-MOVISTAR,1,0,false,false,false,"",140,flash,ROBOCOM_SMS,13
"33401","2026-09-17","14",true,ROBOCOM-MOVISTAR,1,0,false,false,false,"",140,sms,ROBOCOM_SMS,6
"33401","2026-09-17","14",true,ROBOCOM-MOVISTAR,1,0,false,false,false,"",141,flash,ROBOCOM_SMS,25
"33401","2026-09-17","14",true,ROBOCOM-MOVISTAR,1,0,false,false,false,"",141,sms,ROBOCOM_SMS,8
"33401","2026-09-17","14",true,ROBOCOM-MOVISTAR,1,0,false,false,false,"",142,flash,ROBOCOM_SMS,15
"33401","2026-09-17","14",true,ROBOCOM-MOVISTAR,1,0,false,false,false,"",142,sms,ROBOCOM_SMS,9
"33401","2026-09-17","14",true,ROBOCOM-MOVISTAR,1,0,false,false,false,"",143,flash,ROBOCOM_SMS,17
"33401","2026-09-17","14",true,ROBOCOM-MOVISTAR,1,0,false,false,false,"",143,sms,ROBOCOM_SMS,18
"33401","2026-09-17","14",true,ROBOCOM-MOVISTAR,1,0,false,false,false,"",144,flash,ROBOCOM_SMS,20
"33401","2026-09-17","14",true,ROBOCOM-MOVISTAR,1,0,false,false,false,"",144,sms,ROBOCOM_SMS,9
"33401","2026-09-17","14",true,ROBOCOM-MOVISTAR,1,0,false,false,false,"",145,flash,ROBOCOM_SMS,21
"33401","2026-09-17","14",true,ROBOCOM-MOVISTAR,1,0,false,false,false,"",145,sms,ROBOCOM_SMS,3
"33401","2026-09-17","14",true,ROBOCOM-MOVISTAR,1,0,false,false,false,"",146,flash,ROBOCOM_SMS,18
"33401","2026-09-17","14",true,ROBOCOM-MOVISTAR,1,0,false,false,false,"",146,sms,ROBOCOM_SMS,5
"33401","2026-09-17","14",true,ROBOCOM-MOVISTAR,1,0,false,false,false,"",147,flash,ROBOCOM_SMS,23
"33401","2026-09-17","14",true,ROBOCOM-MOVISTAR,1,0,false,false,false,"",147,sms,ROBOCOM_SMS,1
"33401","2026-09-17","14",true,ROBOCOM-MOVISTAR,1,0,false,false,false,"",148,flash,ROBOCOM_SMS,19
"33401","2026-09-17","14",true,ROBOCOM-MOVISTAR,1,0,false,false,false,"",148,sms,ROBOCOM_SMS,4
"33401","2026-09-17","14",true,ROBOCOM-MOVISTAR,1,0,false,false,false,"",149,flash,ROBOCOM_SMS,14
"33401","2026-09-17","14",true,ROBOCOM-MOVISTAR,1,0,false,false,false,"",149,sms,ROBOCOM_SMS,1
"33401","2026-09-17","14",true,ROBOCOM-MOVISTAR,1,0,false,false,false,"",150,flash,ROBOCOM_SMS,16
"33401","2026-09-17","14",true,ROBOCOM-MOVISTAR,1,0,false,false,false,"",151,flash,ROBOCOM_SMS,17
"33401","2026-09-17","14",true,ROBOCOM-MOVISTAR,1,0,false,false,false,"",152,flash,ROBOCOM_SMS,6
"33401","2026-09-17","14",true,ROBOCOM-MOVISTAR,1,0,false,false,false,"",152,sms,ROBOCOM_SMS,31
"33401","2026-09-17","14",true,ROBOCOM-MOVISTAR,1,0,false,false,false,"",153,flash,ROBOCOM_SMS,7
"33401","2026-09-17","14",true,ROBOCOM-MOVISTAR,1,0,false,false,false,"",154,flash,ROBOCOM_SMS,7
"33401","2026-09-17","14",true,ROBOCOM-MOVISTAR,1,0,false,false,false,"",155,flash,ROBOCOM_SMS,7
"33401","2026-09-17","14",true,ROBOCOM-MOVISTAR,1,0,false,false,false,"",156,flash,ROBOCOM_SMS,7
"33401","2026-09-17","14",true,ROBOCOM-MOVISTAR,1,0,false,false,false,"",157,flash,ROBOCOM_SMS,11
"33401","2026-09-17","14",true,ROBOCOM-MOVISTAR,1,0,false,false,false,"",157,sms,ROBOCOM_SMS,8
"33401","2026-09-17","14",true,ROBOCOM-MOVISTAR,1,0,false,false,false,"",158,flash,ROBOCOM_SMS,4
"33401","2026-09-17","14",true,ROBOCOM-MOVISTAR,1,0,false,false,false,"",159,flash,ROBOCOM_SMS,6
"33401","2026-09-17","14",true,ROBOCOM-MOVISTAR,1,0,false,false,false,"",160,flash,ROBOCOM_SMS,1
"33401","2026-09-17","14",true,ROBOCOM-MOVISTAR,2,1,false,false,false,"",153,flash,ROBOCOM_SMS,222
"33401","2026-09-17","14",true,ROBOCOM-MOVISTAR,2,2,false,false,false,"",8,flash,ROBOCOM_SMS,4
"33401","2026-09-17","14",true,ROBOCOM-MOVISTAR,2,2,false,false,false,"",9,flash,ROBOCOM_SMS,2
"33401","2026-09-17","14",true,ROBOCOM-MOVISTAR,2,2,false,false,false,"",17,flash,ROBOCOM_SMS,13
"33401","2026-09-17","14",true,ROBOCOM-MOVISTAR,2,2,false,false,false,"",18,flash,ROBOCOM_SMS,52
"33401","2026-09-17","14",true,ROBOCOM-MOVISTAR,2,2,false,false,false,"",19,flash,ROBOCOM_SMS,1
"33401","2026-09-17","14",true,ROBOCOM-MOVISTAR,2,2,false,false,false,"",20,flash,ROBOCOM_SMS,21
"33401","2026-09-17","14",true,ROBOCOM-MOVISTAR,2,2,false,false,false,"",21,flash,ROBOCOM_SMS,35
"33401","2026-09-17","14",true,ROBOCOM-MOVISTAR,2,2,false,false,false,"",22,flash,ROBOCOM_SMS,97
"33401","2026-09-17","14",true,ROBOCOM-MOVISTAR,2,2,false,false,false,"",23,flash,ROBOCOM_SMS,5
"33401","2026-09-17","14",true,ROBOCOM-MOVISTAR,2,2,false,false,false,"",25,flash,ROBOCOM_SMS,1
"33401","2026-09-17","14",true,ROBOCOM-MOVISTAR,2,2,false,false,false,"",28,flash,ROBOCOM_SMS,1
"33401","2026-09-17","14",true,ROBOCOM-MOVISTAR,2,2,false,false,false,"",49,sms,ROBOCOM_SMS,1
"33401","2026-09-17","14",true,ROBOCOM-MOVISTAR,2,2,false,false,false,"",60,sms,ROBOCOM_SMS,1
"33401","2026-09-17","14",true,ROBOCOM_ALESTRA,1,0,false,false,false,"",132,sms,ROBOCOM,1
"33401","2026-09-17","14",true,ROBOCOM_ALESTRA,2,1,false,false,false,"",151,sms,ROBOCOM,5
"33401","2026-09-17","14",true,ROBOCOM_ALESTRA,2,2,false,false,false,"",54,sms,ROBOCOM,1
"33401","2026-09-17","14",true,ROBOCOM_ALESTRA,2,2,false,false,false,"",76,sms,ROBOCOM,1
"33401","2026-09-17","15",false,ROBOCOM-MOVISTAR,1,0,false,true,false,ESME_RSUBMITFAIL,37,sms,ROBOCOM_SMS,3
"33401","2026-09-17","15",false,ROBOCOM-MOVISTAR,1,0,false,true,false,ESME_RSUBMITFAIL,107,flash,ROBOCOM_SMS,59
"33401","2026-09-17","15",false,ROBOCOM-MOVISTAR,1,0,false,true,false,ESME_RSUBMITFAIL,109,sms,ROBOCOM_SMS,1
"33401","2026-09-17","15",false,ROBOCOM-MOVISTAR,1,0,false,true,false,ESME_RSUBMITFAIL,120,flash,ROBOCOM_SMS,1
"33401","2026-09-17","15",false,ROBOCOM-MOVISTAR,1,0,false,true,false,ESME_RSUBMITFAIL,121,flash,ROBOCOM_SMS,1
"33401","2026-09-17","15",false,ROBOCOM-MOVISTAR,1,0,false,true,false,ESME_RSUBMITFAIL,122,flash,ROBOCOM_SMS,5
"33401","2026-09-17","15",false,ROBOCOM-MOVISTAR,1,0,false,true,false,ESME_RSUBMITFAIL,123,flash,ROBOCOM_SMS,8
"33401","2026-09-17","15",false,ROBOCOM-MOVISTAR,1,0,false,true,false,ESME_RSUBMITFAIL,125,flash,ROBOCOM_SMS,1
"33401","2026-09-17","15",false,ROBOCOM-MOVISTAR,1,0,false,true,false,ESME_RSUBMITFAIL,130,flash,ROBOCOM_SMS,3
"33401","2026-09-17","15",false,ROBOCOM-MOVISTAR,1,0,false,true,false,ESME_RSUBMITFAIL,130,sms,ROBOCOM_SMS,1034
"33401","2026-09-17","15",false,ROBOCOM-MOVISTAR,1,0,false,true,false,ESME_RSUBMITFAIL,131,flash,ROBOCOM_SMS,6
"33401","2026-09-17","15",false,ROBOCOM-MOVISTAR,1,0,false,true,false,ESME_RSUBMITFAIL,132,flash,ROBOCOM_SMS,4
"33401","2026-09-17","15",false,ROBOCOM-MOVISTAR,1,0,false,true,false,ESME_RSUBMITFAIL,133,flash,ROBOCOM_SMS,12
"33401","2026-09-17","15",false,ROBOCOM-MOVISTAR,1,0,false,true,false,ESME_RSUBMITFAIL,134,flash,ROBOCOM_SMS,115
"33401","2026-09-17","15",false,ROBOCOM-MOVISTAR,1,0,false,true,false,ESME_RSUBMITFAIL,135,flash,ROBOCOM_SMS,58
"33401","2026-09-17","15",false,ROBOCOM-MOVISTAR,1,0,false,true,false,ESME_RSUBMITFAIL,136,flash,ROBOCOM_SMS,65
"33401","2026-09-17","15",false,ROBOCOM-MOVISTAR,1,0,false,true,false,ESME_RSUBMITFAIL,137,flash,ROBOCOM_SMS,75
"33401","2026-09-17","15",false,ROBOCOM-MOVISTAR,1,0,false,true,false,ESME_RSUBMITFAIL,138,flash,ROBOCOM_SMS,65
"33401","2026-09-17","15",false,ROBOCOM-MOVISTAR,1,0,false,true,false,ESME_RSUBMITFAIL,139,flash,ROBOCOM_SMS,98
"33401","2026-09-17","15",false,ROBOCOM-MOVISTAR,1,0,false,true,false,ESME_RSUBMITFAIL,140,flash,ROBOCOM_SMS,58
"33401","2026-09-17","15",false,ROBOCOM-MOVISTAR,1,0,false,true,false,ESME_RSUBMITFAIL,141,flash,ROBOCOM_SMS,65
"33401","2026-09-17","15",false,ROBOCOM-MOVISTAR,1,0,false,true,false,ESME_RSUBMITFAIL,142,flash,ROBOCOM_SMS,75
"33401","2026-09-17","15",false,ROBOCOM-MOVISTAR,1,0,false,true,false,ESME_RSUBMITFAIL,143,flash,ROBOCOM_SMS,58
"33401","2026-09-17","15",false,ROBOCOM-MOVISTAR,1,0,false,true,false,ESME_RSUBMITFAIL,143,sms,ROBOCOM_SMS,37
"33401","2026-09-17","15",false,ROBOCOM-MOVISTAR,1,0,false,true,false,ESME_RSUBMITFAIL,144,flash,ROBOCOM_SMS,64
"33401","2026-09-17","15",false,ROBOCOM-MOVISTAR,1,0,false,true,false,ESME_RSUBMITFAIL,145,flash,ROBOCOM_SMS,56
"33401","2026-09-17","15",false,ROBOCOM-MOVISTAR,1,0,false,true,false,ESME_RSUBMITFAIL,146,flash,ROBOCOM_SMS,53
"33401","2026-09-17","15",false,ROBOCOM-MOVISTAR,1,0,false,true,false,ESME_RSUBMITFAIL,146,sms,ROBOCOM_SMS,2
"33401","2026-09-17","15",false,ROBOCOM-MOVISTAR,1,0,false,true,false,ESME_RSUBMITFAIL,147,flash,ROBOCOM_SMS,36
"33401","2026-09-17","15",false,ROBOCOM-MOVISTAR,1,0,false,true,false,ESME_RSUBMITFAIL,147,sms,ROBOCOM_SMS,16
"33401","2026-09-17","15",false,ROBOCOM-MOVISTAR,1,0,false,true,false,ESME_RSUBMITFAIL,148,flash,ROBOCOM_SMS,37
"33401","2026-09-17","15",false,ROBOCOM-MOVISTAR,1,0,false,true,false,ESME_RSUBMITFAIL,148,sms,ROBOCOM_SMS,12
"33401","2026-09-17","15",false,ROBOCOM-MOVISTAR,1,0,false,true,false,ESME_RSUBMITFAIL,149,flash,ROBOCOM_SMS,21
"33401","2026-09-17","15",false,ROBOCOM-MOVISTAR,1,0,false,true,false,ESME_RSUBMITFAIL,149,sms,ROBOCOM_SMS,10
"33401","2026-09-17","15",false,ROBOCOM-MOVISTAR,1,0,false,true,false,ESME_RSUBMITFAIL,150,flash,ROBOCOM_SMS,11
"33401","2026-09-17","15",false,ROBOCOM-MOVISTAR,1,0,false,true,false,ESME_RSUBMITFAIL,150,sms,ROBOCOM_SMS,5
"33401","2026-09-17","15",false,ROBOCOM-MOVISTAR,1,0,false,true,false,ESME_RSUBMITFAIL,151,flash,ROBOCOM_SMS,7
"33401","2026-09-17","15",false,ROBOCOM-MOVISTAR,1,0,false,true,false,ESME_RSUBMITFAIL,151,sms,ROBOCOM_SMS,105
"33401","2026-09-17","15",false,ROBOCOM-MOVISTAR,1,0,false,true,false,ESME_RSUBMITFAIL,152,flash,ROBOCOM_SMS,1
"33401","2026-09-17","15",false,ROBOCOM-MOVISTAR,1,0,false,true,false,ESME_RSUBMITFAIL,152,sms,ROBOCOM_SMS,23
"33401","2026-09-17","15",false,ROBOCOM-MOVISTAR,1,0,false,true,false,ESME_RSUBMITFAIL,153,flash,ROBOCOM_SMS,2
"33401","2026-09-17","15",false,ROBOCOM-MOVISTAR,1,0,false,true,false,ESME_RSUBMITFAIL,153,sms,ROBOCOM_SMS,6
"33401","2026-09-17","15",false,ROBOCOM-MOVISTAR,1,0,false,true,false,ESME_RSUBMITFAIL,154,flash,ROBOCOM_SMS,1
"33401","2026-09-17","15",false,ROBOCOM-MOVISTAR,1,0,false,true,false,ESME_RSUBMITFAIL,154,sms,ROBOCOM_SMS,56
"33401","2026-09-17","15",false,ROBOCOM-MOVISTAR,1,0,false,true,false,ESME_RSUBMITFAIL,155,sms,ROBOCOM_SMS,11
"33401","2026-09-17","15",false,ROBOCOM-MOVISTAR,1,0,false,true,false,ESME_RSUBMITFAIL,156,sms,ROBOCOM_SMS,2
"33401","2026-09-17","15",false,ROBOCOM-MOVISTAR,1,0,false,true,false,ESME_RSUBMITFAIL,157,sms,ROBOCOM_SMS,8
"33401","2026-09-17","15",false,ROBOCOM-MOVISTAR,1,0,false,true,false,ESME_RSUBMITFAIL,158,sms,ROBOCOM_SMS,2
"33401","2026-09-17","15",false,ROBOCOM-MOVISTAR,1,0,false,true,false,ESME_RSUBMITFAIL,160,flash,ROBOCOM_SMS,68
"33401","2026-09-17","15",false,ROBOCOM-MOVISTAR,1,0,false,true,false,ESME_RTHROTTLED,107,flash,ROBOCOM_SMS,10
"33401","2026-09-17","15",false,ROBOCOM-MOVISTAR,1,0,false,true,false,ESME_RTHROTTLED,132,flash,ROBOCOM_SMS,2
"33401","2026-09-17","15",false,ROBOCOM-MOVISTAR,1,0,false,true,false,ESME_RTHROTTLED,133,flash,ROBOCOM_SMS,5
"33401","2026-09-17","15",false,ROBOCOM-MOVISTAR,1,0,false,true,false,ESME_RTHROTTLED,134,flash,ROBOCOM_SMS,2
"33401","2026-09-17","15",false,ROBOCOM-MOVISTAR,1,0,false,true,false,ESME_RTHROTTLED,135,flash,ROBOCOM_SMS,9
"33401","2026-09-17","15",false,ROBOCOM-MOVISTAR,1,0,false,true,false,ESME_RTHROTTLED,136,flash,ROBOCOM_SMS,6
"33401","2026-09-17","15",false,ROBOCOM-MOVISTAR,1,0,false,true,false,ESME_RTHROTTLED,137,flash,ROBOCOM_SMS,13
"33401","2026-09-17","15",false,ROBOCOM-MOVISTAR,1,0,false,true,false,ESME_RTHROTTLED,138,flash,ROBOCOM_SMS,5
"33401","2026-09-17","15",false,ROBOCOM-MOVISTAR,1,0,false,true,false,ESME_RTHROTTLED,139,flash,ROBOCOM_SMS,10
"33401","2026-09-17","15",false,ROBOCOM-MOVISTAR,1,0,false,true,false,ESME_RTHROTTLED,140,flash,ROBOCOM_SMS,13
"33401","2026-09-17","15",false,ROBOCOM-MOVISTAR,1,0,false,true,false,ESME_RTHROTTLED,141,flash,ROBOCOM_SMS,3
"33401","2026-09-17","15",false,ROBOCOM-MOVISTAR,1,0,false,true,false,ESME_RTHROTTLED,142,flash,ROBOCOM_SMS,10
"33401","2026-09-17","15",false,ROBOCOM-MOVISTAR,1,0,false,true,false,ESME_RTHROTTLED,143,flash,ROBOCOM_SMS,13
"33401","2026-09-17","15",false,ROBOCOM-MOVISTAR,1,0,false,true,false,ESME_RTHROTTLED,143,sms,ROBOCOM_SMS,35
"33401","2026-09-17","15",false,ROBOCOM-MOVISTAR,1,0,false,true,false,ESME_RTHROTTLED,144,flash,ROBOCOM_SMS,10
"33401","2026-09-17","15",false,ROBOCOM-MOVISTAR,1,0,false,true,false,ESME_RTHROTTLED,145,flash,ROBOCOM_SMS,9
"33401","2026-09-17","15",false,ROBOCOM-MOVISTAR,1,0,false,true,false,ESME_RTHROTTLED,146,flash,ROBOCOM_SMS,6
"33401","2026-09-17","15",false,ROBOCOM-MOVISTAR,1,0,false,true,false,ESME_RTHROTTLED,147,flash,ROBOCOM_SMS,7
"33401","2026-09-17","15",false,ROBOCOM-MOVISTAR,1,0,false,true,false,ESME_RTHROTTLED,148,flash,ROBOCOM_SMS,5
"33401","2026-09-17","15",false,ROBOCOM-MOVISTAR,1,0,false,true,false,ESME_RTHROTTLED,149,flash,ROBOCOM_SMS,3
"33401","2026-09-17","15",false,ROBOCOM-MOVISTAR,1,0,false,true,false,ESME_RTHROTTLED,150,flash,ROBOCOM_SMS,3
"33401","2026-09-17","15",false,ROBOCOM-MOVISTAR,1,0,false,true,false,ESME_RTHROTTLED,152,flash,ROBOCOM_SMS,1
"33401","2026-09-17","15",false,ROBOCOM-MOVISTAR,1,0,false,true,false,ESME_RTHROTTLED,152,sms,ROBOCOM_SMS,1
"33401","2026-09-17","15",false,ROBOCOM-MOVISTAR,1,0,false,true,false,ESME_RTHROTTLED,154,sms,ROBOCOM_SMS,1
"33401","2026-09-17","15",false,ROBOCOM-MOVISTAR,1,0,false,true,false,ESME_RTHROTTLED,155,sms,ROBOCOM_SMS,1
"33401","2026-09-17","15",false,ROBOCOM-MOVISTAR,1,0,false,true,false,ESME_RTHROTTLED,160,flash,ROBOCOM_SMS,2
"33401","2026-09-17","15",false,ROBOCOM-MOVISTAR,2,1,false,true,false,ESME_RSUBMITFAIL,153,sms,ROBOCOM_SMS,6
"33401","2026-09-17","15",false,ROBOCOM-MOVISTAR,2,1,false,true,false,ESME_RTHROTTLED,153,flash,ROBOCOM_SMS,10
"33401","2026-09-17","15",false,ROBOCOM-MOVISTAR,2,1,false,true,false,ESME_RTHROTTLED,153,sms,ROBOCOM_SMS,51
"33401","2026-09-17","15",false,ROBOCOM-MOVISTAR,2,2,false,true,false,ESME_RSUBMITFAIL,38,sms,ROBOCOM_SMS,1
"33401","2026-09-17","15",false,ROBOCOM-MOVISTAR,2,2,false,true,false,ESME_RSUBMITFAIL,39,sms,ROBOCOM_SMS,1
"33401","2026-09-17","15",false,ROBOCOM-MOVISTAR,2,2,false,true,false,ESME_RSUBMITFAIL,40,sms,ROBOCOM_SMS,3
"33401","2026-09-17","15",false,ROBOCOM-MOVISTAR,2,2,false,true,false,ESME_RSUBMITFAIL,41,sms,ROBOCOM_SMS,1
"33401","2026-09-17","15",false,ROBOCOM-MOVISTAR,2,2,false,true,false,ESME_RSUBMITFAIL,42,sms,ROBOCOM_SMS,3
"33401","2026-09-17","15",false,ROBOCOM-MOVISTAR,2,2,false,true,false,ESME_RSUBMITFAIL,43,sms,ROBOCOM_SMS,2
"33401","2026-09-17","15",false,ROBOCOM-MOVISTAR,2,2,false,true,false,ESME_RSUBMITFAIL,44,sms,ROBOCOM_SMS,1
"33401","2026-09-17","15",false,ROBOCOM-MOVISTAR,2,2,false,true,false,ESME_RSUBMITFAIL,50,sms,ROBOCOM_SMS,1
"33401","2026-09-17","15",false,ROBOCOM-MOVISTAR,2,2,false,true,false,ESME_RTHROTTLED,10,sms,ROBOCOM_SMS,1
"33401","2026-09-17","15",false,ROBOCOM-MOVISTAR,2,2,false,true,false,ESME_RTHROTTLED,12,sms,ROBOCOM_SMS,1
"33401","2026-09-17","15",false,ROBOCOM-MOVISTAR,2,2,false,true,false,ESME_RTHROTTLED,17,flash,ROBOCOM_SMS,1
"33401","2026-09-17","15",false,ROBOCOM-MOVISTAR,2,2,false,true,false,ESME_RTHROTTLED,18,flash,ROBOCOM_SMS,10
"33401","2026-09-17","15",false,ROBOCOM-MOVISTAR,2,2,false,true,false,ESME_RTHROTTLED,29,sms,ROBOCOM_SMS,1
"33401","2026-09-17","15",false,ROBOCOM-MOVISTAR,2,2,false,true,false,ESME_RTHROTTLED,32,sms,ROBOCOM_SMS,1
"33401","2026-09-17","15",false,ROBOCOM-MOVISTAR,2,2,false,true,false,ESME_RTHROTTLED,35,sms,ROBOCOM_SMS,1
"33401","2026-09-17","15",false,ROBOCOM-MOVISTAR,2,2,false,true,false,ESME_RTHROTTLED,37,sms,ROBOCOM_SMS,3
"33401","2026-09-17","15",false,ROBOCOM-MOVISTAR,2,2,false,true,false,ESME_RTHROTTLED,38,sms,ROBOCOM_SMS,6
"33401","2026-09-17","15",false,ROBOCOM-MOVISTAR,2,2,false,true,false,ESME_RTHROTTLED,39,sms,ROBOCOM_SMS,3
"33401","2026-09-17","15",false,ROBOCOM-MOVISTAR,2,2,false,true,false,ESME_RTHROTTLED,40,sms,ROBOCOM_SMS,1
"33401","2026-09-17","15",false,ROBOCOM-MOVISTAR,2,2,false,true,false,ESME_RTHROTTLED,41,sms,ROBOCOM_SMS,1
"33401","2026-09-17","15",false,ROBOCOM-MOVISTAR,2,2,false,true,false,ESME_RTHROTTLED,42,sms,ROBOCOM_SMS,7
"33401","2026-09-17","15",false,ROBOCOM-MOVISTAR,2,2,false,true,false,ESME_RTHROTTLED,43,sms,ROBOCOM_SMS,3
"33401","2026-09-17","15",false,ROBOCOM-MOVISTAR,2,2,false,true,false,ESME_RTHROTTLED,44,sms,ROBOCOM_SMS,3
"33401","2026-09-17","15",false,ROBOCOM-MOVISTAR,2,2,false,true,false,ESME_RTHROTTLED,45,sms,ROBOCOM_SMS,5
"33401","2026-09-17","15",false,ROBOCOM-MOVISTAR,2,2,false,true,false,ESME_RTHROTTLED,46,sms,ROBOCOM_SMS,2
"33401","2026-09-17","15",false,ROBOCOM-MOVISTAR,2,2,false,true,false,ESME_RTHROTTLED,47,sms,ROBOCOM_SMS,2
"33401","2026-09-17","15",false,ROBOCOM-MOVISTAR,2,2,false,true,false,ESME_RTHROTTLED,48,sms,ROBOCOM_SMS,3
"33401","2026-09-17","15",false,ROBOCOM-MOVISTAR,2,2,false,true,false,ESME_RTHROTTLED,49,sms,ROBOCOM_SMS,1
"33401","2026-09-17","15",false,ROBOCOM-MOVISTAR,2,2,false,true,false,ESME_RTHROTTLED,50,sms,ROBOCOM_SMS,4
"33401","2026-09-17","15",false,ROBOCOM-MOVISTAR,2,2,false,true,false,ESME_RTHROTTLED,51,sms,ROBOCOM_SMS,5
"33401","2026-09-17","15",false,ROBOCOM-MOVISTAR,2,2,false,true,false,ESME_RTHROTTLED,52,sms,ROBOCOM_SMS,1
"33401","2026-09-17","15",false,ROBOCOM-MOVISTAR,2,2,false,true,false,ESME_RTHROTTLED,53,sms,ROBOCOM_SMS,1
"33401","2026-09-17","15",false,ROBOCOM-MOVISTAR,2,2,false,true,false,ESME_RTHROTTLED,55,sms,ROBOCOM_SMS,1
"33401","2026-09-17","15",false,ROBOCOM-MOVISTAR,2,2,false,true,false,ESME_RTHROTTLED,56,sms,ROBOCOM_SMS,1
"33401","2026-09-17","15",false,ROBOCOM-MOVISTAR,2,2,false,true,false,ESME_RTHROTTLED,57,sms,ROBOCOM_SMS,1
"33401","2026-09-17","15",false,ROBOCOM-MOVISTAR,2,2,false,true,false,ESME_RTHROTTLED,58,sms,ROBOCOM_SMS,2
"33401","2026-09-17","15",false,ROBOCOM-MOVISTAR,2,2,false,true,false,ESME_RTHROTTLED,59,sms,ROBOCOM_SMS,1
"33401","2026-09-17","15",false,ROBOCOM-MOVISTAR,2,2,false,true,false,ESME_RTHROTTLED,66,sms,ROBOCOM_SMS,2
"33401","2026-09-17","15",false,ROBOCOM-MOVISTAR,2,2,false,true,false,ESME_RTHROTTLED,67,sms,ROBOCOM_SMS,1
"33401","2026-09-17","15",false,ROBOCOM-MOVISTAR,3,1,true,true,false,ESME_RTHROTTLED,67,sms,ROBOCOM_SMS,2
"33401","2026-09-17","15",false,ROBOCOM-MOVISTAR,3,2,true,true,false,ESME_RTHROTTLED,67,sms,ROBOCOM_SMS,1
"33401","2026-09-17","15",false,ROBOCOM-MOVISTAR,3,3,true,true,false,ESME_RTHROTTLED,56,sms,ROBOCOM_SMS,1
"33401","2026-09-17","15",false,ROBOCOM-MOVISTAR,3,3,true,true,false,ESME_RTHROTTLED,63,sms,ROBOCOM_SMS,1
"33401","2026-09-17","15",false,alestra,1,0,false,true,false,ESME_RINVSRCADR,152,sms,"",1
"33401","2026-09-17","15",false,altanrobot,2,1,false,true,false,ESME_RINVSRCADR,153,sms,"",2
"33401","2026-09-17","15",false,altanrobot,2,2,false,true,false,ESME_RINVSRCADR,47,sms,"",2
"33401","2026-09-17","15",true,GW_ROBOT_TELCEL_2,1,0,false,false,false,"",5,sms,rob2tel,2
"33401","2026-09-17","15",true,GW_ROBOT_TELCEL_2,1,0,false,false,false,"",14,sms,rob2tel,1
"33401","2026-09-17","15",true,GW_ROBOT_TELCEL_2,1,0,false,false,false,"",20,sms,rob2tel,4
"33401","2026-09-17","15",true,GW_ROBOT_TELCEL_2,1,0,false,false,false,"",33,sms,rob2tel,3
"33401","2026-09-17","15",true,GW_ROBOT_TELCEL_2,1,0,false,false,false,"",56,sms,rob2tel,2
"33401","2026-09-17","15",true,GW_ROBOT_TELCEL_2,1,0,false,false,false,"",57,sms,rob2tel,2
"33401","2026-09-17","15",true,GW_ROBOT_TELCEL_2,1,0,false,false,false,"",59,sms,rob2tel,4
"33401","2026-09-17","15",true,GW_ROBOT_TELCEL_2,1,0,false,false,false,"",60,sms,rob2tel,3
"33401","2026-09-17","15",true,GW_ROBOT_TELCEL_2,1,0,false,false,false,"",68,sms,rob2tel,1
"33401","2026-09-17","15",true,GW_ROBOT_TELCEL_2,1,0,false,false,false,"",71,sms,rob2tel,1
"33401","2026-09-17","15",true,GW_ROBOT_TELCEL_2,1,0,false,false,false,"",81,sms,rob2tel,1
"33401","2026-09-17","15",true,GW_ROBOT_TELCEL_2,1,0,false,false,false,"",87,sms,rob2tel,1
"33401","2026-09-17","15",true,GW_ROBOT_TELCEL_2,1,0,false,false,false,"",102,sms,rob2tel,1
"33401","2026-09-17","15",true,GW_ROBOT_TELCEL_2,1,0,false,false,false,"",107,flash,rob2tel,331
"33401","2026-09-17","15",true,GW_ROBOT_TELCEL_2,1,0,false,false,false,"",109,sms,rob2tel,3
"33401","2026-09-17","15",true,GW_ROBOT_TELCEL_2,1,0,false,false,false,"",119,flash,rob2tel,1
"33401","2026-09-17","15",true,GW_ROBOT_TELCEL_2,1,0,false,false,false,"",119,sms,rob2tel,1
"33401","2026-09-17","15",true,GW_ROBOT_TELCEL_2,1,0,false,false,false,"",120,flash,rob2tel,2
"33401","2026-09-17","15",true,GW_ROBOT_TELCEL_2,1,0,false,false,false,"",120,sms,rob2tel,3
"33401","2026-09-17","15",true,GW_ROBOT_TELCEL_2,1,0,false,false,false,"",121,flash,rob2tel,6
"33401","2026-09-17","15",true,GW_ROBOT_TELCEL_2,1,0,false,false,false,"",122,flash,rob2tel,19
"33401","2026-09-17","15",true,GW_ROBOT_TELCEL_2,1,0,false,false,false,"",122,sms,rob2tel,4
"33401","2026-09-17","15",true,GW_ROBOT_TELCEL_2,1,0,false,false,false,"",123,flash,rob2tel,14
"33401","2026-09-17","15",true,GW_ROBOT_TELCEL_2,1,0,false,false,false,"",124,flash,rob2tel,15
"33401","2026-09-17","15",true,GW_ROBOT_TELCEL_2,1,0,false,false,false,"",125,flash,rob2tel,3
"33401","2026-09-17","15",true,GW_ROBOT_TELCEL_2,1,0,false,false,false,"",126,flash,rob2tel,5
"33401","2026-09-17","15",true,GW_ROBOT_TELCEL_2,1,0,false,false,false,"",126,sms,rob2tel,2
"33401","2026-09-17","15",true,GW_ROBOT_TELCEL_2,1,0,false,false,false,"",127,flash,rob2tel,2
"33401","2026-09-17","15",true,GW_ROBOT_TELCEL_2,1,0,false,false,false,"",128,flash,rob2tel,2
"33401","2026-09-17","15",true,GW_ROBOT_TELCEL_2,1,0,false,false,false,"",129,flash,rob2tel,6
"33401","2026-09-17","15",true,GW_ROBOT_TELCEL_2,1,0,false,false,false,"",129,sms,rob2tel,1
"33401","2026-09-17","15",true,GW_ROBOT_TELCEL_2,1,0,false,false,false,"",130,flash,rob2tel,20
"33401","2026-09-17","15",true,GW_ROBOT_TELCEL_2,1,0,false,false,false,"",130,sms,rob2tel,4118
"33401","2026-09-17","15",true,GW_ROBOT_TELCEL_2,1,0,false,false,false,"",131,flash,rob2tel,28
"33401","2026-09-17","15",true,GW_ROBOT_TELCEL_2,1,0,false,false,false,"",131,sms,rob2tel,4
"33401","2026-09-17","15",true,GW_ROBOT_TELCEL_2,1,0,false,false,false,"",132,flash,rob2tel,73
"33401","2026-09-17","15",true,GW_ROBOT_TELCEL_2,1,0,false,false,false,"",132,sms,rob2tel,46
"33401","2026-09-17","15",true,GW_ROBOT_TELCEL_2,1,0,false,false,false,"",133,flash,rob2tel,134
"33401","2026-09-17","15",true,GW_ROBOT_TELCEL_2,1,0,false,false,false,"",133,sms,rob2tel,8
"33401","2026-09-17","15",true,GW_ROBOT_TELCEL_2,1,0,false,false,false,"",134,flash,rob2tel,532
"33401","2026-09-17","15",true,GW_ROBOT_TELCEL_2,1,0,false,false,false,"",134,sms,rob2tel,5
"33401","2026-09-17","15",true,GW_ROBOT_TELCEL_2,1,0,false,false,false,"",135,flash,rob2tel,228
"33401","2026-09-17","15",true,GW_ROBOT_TELCEL_2,1,0,false,false,false,"",135,sms,rob2tel,1
"33401","2026-09-17","15",true,GW_ROBOT_TELCEL_2,1,0,false,false,false,"",136,flash,rob2tel,314
"33401","2026-09-17","15",true,GW_ROBOT_TELCEL_2,1,0,false,false,false,"",137,flash,rob2tel,402
"33401","2026-09-17","15",true,GW_ROBOT_TELCEL_2,1,0,false,false,false,"",138,flash,rob2tel,344
"33401","2026-09-17","15",true,GW_ROBOT_TELCEL_2,1,0,false,false,false,"",138,sms,rob2tel,1
"33401","2026-09-17","15",true,GW_ROBOT_TELCEL_2,1,0,false,false,false,"",139,flash,rob2tel,366
"33401","2026-09-17","15",true,GW_ROBOT_TELCEL_2,1,0,false,false,false,"",139,sms,rob2tel,2
"33401","2026-09-17","15",true,GW_ROBOT_TELCEL_2,1,0,false,false,false,"",140,flash,rob2tel,358
"33401","2026-09-17","15",true,GW_ROBOT_TELCEL_2,1,0,false,false,false,"",140,sms,rob2tel,1
"33401","2026-09-17","15",true,GW_ROBOT_TELCEL_2,1,0,false,false,false,"",141,flash,rob2tel,387
"33401","2026-09-17","15",true,GW_ROBOT_TELCEL_2,1,0,false,false,false,"",141,sms,rob2tel,20
"33401","2026-09-17","15",true,GW_ROBOT_TELCEL_2,1,0,false,false,false,"",142,flash,rob2tel,389
"33401","2026-09-17","15",true,GW_ROBOT_TELCEL_2,1,0,false,false,false,"",142,sms,rob2tel,30
"33401","2026-09-17","15",true,GW_ROBOT_TELCEL_2,1,0,false,false,false,"",143,flash,rob2tel,352
"33401","2026-09-17","15",true,GW_ROBOT_TELCEL_2,1,0,false,false,false,"",143,sms,rob2tel,299
"33401","2026-09-17","15",true,GW_ROBOT_TELCEL_2,1,0,false,false,false,"",144,flash,rob2tel,338
"33401","2026-09-17","15",true,GW_ROBOT_TELCEL_2,1,0,false,false,false,"",144,sms,rob2tel,64
"33401","2026-09-17","15",true,GW_ROBOT_TELCEL_2,1,0,false,false,false,"",145,flash,rob2tel,296
"33401","2026-09-17","15",true,GW_ROBOT_TELCEL_2,1,0,false,false,false,"",145,sms,rob2tel,1
"33401","2026-09-17","15",true,GW_ROBOT_TELCEL_2,1,0,false,false,false,"",146,flash,rob2tel,249
"33401","2026-09-17","15",true,GW_ROBOT_TELCEL_2,1,0,false,false,false,"",146,sms,rob2tel,9
"33401","2026-09-17","15",true,GW_ROBOT_TELCEL_2,1,0,false,false,false,"",147,flash,rob2tel,189
"33401","2026-09-17","15",true,GW_ROBOT_TELCEL_2,1,0,false,false,false,"",147,sms,rob2tel,52
"33401","2026-09-17","15",true,GW_ROBOT_TELCEL_2,1,0,false,false,false,"",148,flash,rob2tel,168
"33401","2026-09-17","15",true,GW_ROBOT_TELCEL_2,1,0,false,false,false,"",148,sms,rob2tel,46
"33401","2026-09-17","15",true,GW_ROBOT_TELCEL_2,1,0,false,false,false,"",149,flash,rob2tel,121
"33401","2026-09-17","15",true,GW_ROBOT_TELCEL_2,1,0,false,false,false,"",149,sms,rob2tel,28
"33401","2026-09-17","15",true,GW_ROBOT_TELCEL_2,1,0,false,false,false,"",150,flash,rob2tel,80
"33401","2026-09-17","15",true,GW_ROBOT_TELCEL_2,1,0,false,false,false,"",150,sms,rob2tel,26
"33401","2026-09-17","15",true,GW_ROBOT_TELCEL_2,1,0,false,false,false,"",151,flash,rob2tel,44
"33401","2026-09-17","15",true,GW_ROBOT_TELCEL_2,1,0,false,false,false,"",151,sms,rob2tel,418
"33401","2026-09-17","15",true,GW_ROBOT_TELCEL_2,1,0,false,false,false,"",152,flash,rob2tel,26
"33401","2026-09-17","15",true,GW_ROBOT_TELCEL_2,1,0,false,false,false,"",152,sms,rob2tel,84
"33401","2026-09-17","15",true,GW_ROBOT_TELCEL_2,1,0,false,false,false,"",153,flash,rob2tel,13
"33401","2026-09-17","15",true,GW_ROBOT_TELCEL_2,1,0,false,false,false,"",153,sms,rob2tel,39
"33401","2026-09-17","15",true,GW_ROBOT_TELCEL_2,1,0,false,false,false,"",154,flash,rob2tel,3
"33401","2026-09-17","15",true,GW_ROBOT_TELCEL_2,1,0,false,false,false,"",154,sms,rob2tel,207
"33401","2026-09-17","15",true,GW_ROBOT_TELCEL_2,1,0,false,false,false,"",155,flash,rob2tel,1
"33401","2026-09-17","15",true,GW_ROBOT_TELCEL_2,1,0,false,false,false,"",155,sms,rob2tel,79
"33401","2026-09-17","15",true,GW_ROBOT_TELCEL_2,1,0,false,false,false,"",156,flash,rob2tel,2
"33401","2026-09-17","15",true,GW_ROBOT_TELCEL_2,1,0,false,false,false,"",156,sms,rob2tel,41
"33401","2026-09-17","15",true,GW_ROBOT_TELCEL_2,1,0,false,false,false,"",157,sms,rob2tel,80
"33401","2026-09-17","15",true,GW_ROBOT_TELCEL_2,1,0,false,false,false,"",158,sms,rob2tel,33
"33401","2026-09-17","15",true,GW_ROBOT_TELCEL_2,1,0,false,false,false,"",159,flash,rob2tel,1
"33401","2026-09-17","15",true,GW_ROBOT_TELCEL_2,1,0,false,false,false,"",159,sms,rob2tel,34
"33401","2026-09-17","15",true,GW_ROBOT_TELCEL_2,1,0,false,false,false,"",160,flash,rob2tel,357
"33401","2026-09-17","15",true,GW_ROBOT_TELCEL_2,1,0,false,false,false,"",160,sms,rob2tel,26
"33401","2026-09-17","15",true,GW_ROBOT_TELCEL_2,2,1,false,false,false,"",134,sms,rob2tel,17
"33401","2026-09-17","15",true,GW_ROBOT_TELCEL_2,2,1,false,false,false,"",153,flash,rob2tel,437
"33401","2026-09-17","15",true,GW_ROBOT_TELCEL_2,2,1,false,false,false,"",153,sms,rob2tel,578
"33401","2026-09-17","15",true,GW_ROBOT_TELCEL_2,2,2,false,false,false,"",8,sms,rob2tel,81
"33401","2026-09-17","15",true,GW_ROBOT_TELCEL_2,2,2,false,false,false,"",9,sms,rob2tel,15
"33401","2026-09-17","15",true,GW_ROBOT_TELCEL_2,2,2,false,false,false,"",10,sms,rob2tel,2
"33401","2026-09-17","15",true,GW_ROBOT_TELCEL_2,2,2,false,false,false,"",11,sms,rob2tel,4
"33401","2026-09-17","15",true,GW_ROBOT_TELCEL_2,2,2,false,false,false,"",12,sms,rob2tel,4
"33401","2026-09-17","15",true,GW_ROBOT_TELCEL_2,2,2,false,false,false,"",13,sms,rob2tel,3
"33401","2026-09-17","15",true,GW_ROBOT_TELCEL_2,2,2,false,false,false,"",14,sms,rob2tel,3
"33401","2026-09-17","15",true,GW_ROBOT_TELCEL_2,2,2,false,false,false,"",15,flash,rob2tel,1
"33401","2026-09-17","15",true,GW_ROBOT_TELCEL_2,2,2,false,false,false,"",17,flash,rob2tel,74
"33401","2026-09-17","15",true,GW_ROBOT_TELCEL_2,2,2,false,false,false,"",17,sms,rob2tel,1
"33401","2026-09-17","15",true,GW_ROBOT_TELCEL_2,2,2,false,false,false,"",18,flash,rob2tel,350
"33401","2026-09-17","15",true,GW_ROBOT_TELCEL_2,2,2,false,false,false,"",18,sms,rob2tel,1
"33401","2026-09-17","15",true,GW_ROBOT_TELCEL_2,2,2,false,false,false,"",19,flash,rob2tel,1
"33401","2026-09-17","15",true,GW_ROBOT_TELCEL_2,2,2,false,false,false,"",29,sms,rob2tel,2
"33401","2026-09-17","15",true,GW_ROBOT_TELCEL_2,2,2,false,false,false,"",30,sms,rob2tel,2
"33401","2026-09-17","15",true,GW_ROBOT_TELCEL_2,2,2,false,false,false,"",31,sms,rob2tel,7
"33401","2026-09-17","15",true,GW_ROBOT_TELCEL_2,2,2,false,false,false,"",32,sms,rob2tel,2
"33401","2026-09-17","15",true,GW_ROBOT_TELCEL_2,2,2,false,false,false,"",33,sms,rob2tel,2
"33401","2026-09-17","15",true,GW_ROBOT_TELCEL_2,2,2,false,false,false,"",34,sms,rob2tel,4
"33401","2026-09-17","15",true,GW_ROBOT_TELCEL_2,2,2,false,false,false,"",35,sms,rob2tel,7
"33401","2026-09-17","15",true,GW_ROBOT_TELCEL_2,2,2,false,false,false,"",36,sms,rob2tel,7
"33401","2026-09-17","15",true,GW_ROBOT_TELCEL_2,2,2,false,false,false,"",37,sms,rob2tel,12
"33401","2026-09-17","15",true,GW_ROBOT_TELCEL_2,2,2,false,false,false,"",38,sms,rob2tel,17
"33401","2026-09-17","15",true,GW_ROBOT_TELCEL_2,2,2,false,false,false,"",39,sms,rob2tel,28
"33401","2026-09-17","15",true,GW_ROBOT_TELCEL_2,2,2,false,false,false,"",40,sms,rob2tel,21
"33401","2026-09-17","15",true,GW_ROBOT_TELCEL_2,2,2,false,false,false,"",41,sms,rob2tel,18
"33401","2026-09-17","15",true,GW_ROBOT_TELCEL_2,2,2,false,false,false,"",42,sms,rob2tel,30
"33401","2026-09-17","15",true,GW_ROBOT_TELCEL_2,2,2,false,false,false,"",43,sms,rob2tel,40
"33401","2026-09-17","15",true,GW_ROBOT_TELCEL_2,2,2,false,false,false,"",44,sms,rob2tel,20
"33401","2026-09-17","15",true,GW_ROBOT_TELCEL_2,2,2,false,false,false,"",45,sms,rob2tel,30
"33401","2026-09-17","15",true,GW_ROBOT_TELCEL_2,2,2,false,false,false,"",46,sms,rob2tel,16
"33401","2026-09-17","15",true,GW_ROBOT_TELCEL_2,2,2,false,false,false,"",47,sms,rob2tel,30
"33401","2026-09-17","15",true,GW_ROBOT_TELCEL_2,2,2,false,false,false,"",48,sms,rob2tel,16
"33401","2026-09-17","15",true,GW_ROBOT_TELCEL_2,2,2,false,false,false,"",49,sms,rob2tel,32
"33401","2026-09-17","15",true,GW_ROBOT_TELCEL_2,2,2,false,false,false,"",50,sms,rob2tel,20
"33401","2026-09-17","15",true,GW_ROBOT_TELCEL_2,2,2,false,false,false,"",51,sms,rob2tel,17
"33401","2026-09-17","15",true,GW_ROBOT_TELCEL_2,2,2,false,false,false,"",52,sms,rob2tel,23
"33401","2026-09-17","15",true,GW_ROBOT_TELCEL_2,2,2,false,false,false,"",53,sms,rob2tel,10
"33401","2026-09-17","15",true,GW_ROBOT_TELCEL_2,2,2,false,false,false,"",54,sms,rob2tel,10
"33401","2026-09-17","15",true,GW_ROBOT_TELCEL_2,2,2,false,false,false,"",55,sms,rob2tel,11
"33401","2026-09-17","15",true,GW_ROBOT_TELCEL_2,2,2,false,false,false,"",56,sms,rob2tel,9
"33401","2026-09-17","15",true,GW_ROBOT_TELCEL_2,2,2,false,false,false,"",57,sms,rob2tel,8
"33401","2026-09-17","15",true,GW_ROBOT_TELCEL_2,2,2,false,false,false,"",58,sms,rob2tel,4
"33401","2026-09-17","15",true,GW_ROBOT_TELCEL_2,2,2,false,false,false,"",59,sms,rob2tel,5
"33401","2026-09-17","15",true,GW_ROBOT_TELCEL_2,2,2,false,false,false,"",60,sms,rob2tel,2
"33401","2026-09-17","15",true,GW_ROBOT_TELCEL_2,2,2,false,false,false,"",61,sms,rob2tel,4
"33401","2026-09-17","15",true,GW_ROBOT_TELCEL_2,2,2,false,false,false,"",62,sms,rob2tel,2
"33401","2026-09-17","15",true,GW_ROBOT_TELCEL_2,2,2,false,false,false,"",63,sms,rob2tel,3
"33401","2026-09-17","15",true,GW_ROBOT_TELCEL_2,2,2,false,false,false,"",64,sms,rob2tel,1
"33401","2026-09-17","15",true,GW_ROBOT_TELCEL_2,2,2,false,false,false,"",66,sms,rob2tel,5
"33401","2026-09-17","15",true,GW_ROBOT_TELCEL_2,2,2,false,false,false,"",67,sms,rob2tel,3
"33401","2026-09-17","15",true,GW_ROBOT_TELCEL_2,2,2,false,false,false,"",68,sms,rob2tel,2
"33401","2026-09-17","15",true,GW_ROBOT_TELCEL_2,2,2,false,false,false,"",71,sms,rob2tel,2
"33401","2026-09-17","15",true,GW_ROBOT_TELCEL_2,2,2,false,false,false,"",72,sms,rob2tel,2
"33401","2026-09-17","15",true,GW_ROBOT_TELCEL_2,2,2,false,false,false,"",73,sms,rob2tel,2
"33401","2026-09-17","15",true,GW_ROBOT_TELCEL_2,2,2,false,false,false,"",75,sms,rob2tel,1
"33401","2026-09-17","15",true,GW_ROBOT_TELCEL_2,2,2,false,false,false,"",76,sms,rob2tel,2
"33401","2026-09-17","15",true,GW_ROBOT_TELCEL_2,2,2,false,false,false,"",77,sms,rob2tel,1
"33401","2026-09-17","15",true,GW_ROBOT_TELCEL_2,2,2,false,false,false,"",79,sms,rob2tel,1
"33401","2026-09-17","15",true,GW_ROBOT_TELCEL_2,2,2,false,false,false,"",83,sms,rob2tel,1
"33401","2026-09-17","15",true,GW_ROBOT_TELCEL_2,2,2,false,false,false,"",84,sms,rob2tel,1
"33401","2026-09-17","15",true,GW_ROBOT_TELCEL_2,2,2,false,false,false,"",87,sms,rob2tel,1
"33401","2026-09-17","15",true,GW_ROBOT_TELCEL_2,2,2,false,false,false,"",90,sms,rob2tel,1
"33401","2026-09-17","15",true,GW_ROBOT_TELCEL_2,3,1,false,false,false,"",134,sms,rob2tel,1
"33401","2026-09-17","15",true,GW_ROBOT_TELCEL_2,3,1,true,false,false,"",67,sms,rob2tel,12
"33401","2026-09-17","15",true,GW_ROBOT_TELCEL_2,3,2,true,false,false,"",67,sms,rob2tel,10
"33401","2026-09-17","15",true,GW_ROBOT_TELCEL_2,3,3,true,false,false,"",56,sms,rob2tel,2
"33401","2026-09-17","15",true,GW_ROBOT_TELCEL_2,3,3,true,false,false,"",57,sms,rob2tel,1
"33401","2026-09-17","15",true,GW_ROBOT_TELCEL_2,3,3,true,false,false,"",61,sms,rob2tel,2
"33401","2026-09-17","15",true,GW_ROBOT_TELCEL_2,3,3,true,false,false,"",63,sms,rob2tel,1
"33401","2026-09-17","15",true,GW_ROBOT_TELCEL_2,3,3,true,false,false,"",64,sms,rob2tel,1
"33401","2026-09-17","15",true,GW_ROBOT_TELCEL_2,3,3,true,false,false,"",65,sms,rob2tel,1
"33401","2026-09-17","15",true,GW_ROBOT_TELCEL_2,3,3,true,false,false,"",66,sms,rob2tel,2
"33401","2026-09-17","15",true,GW_ROBOT_TELCEL_2,3,3,true,false,false,"",67,sms,rob2tel,2
"33401","2026-09-17","15",true,GW_ROBOT_TELCEL_2,4,1,true,false,false,"",67,sms,rob2tel,5
"33401","2026-09-17","15",true,GW_ROBOT_TELCEL_2,4,2,true,false,false,"",67,sms,rob2tel,8
"33401","2026-09-17","15",true,GW_ROBOT_TELCEL_2,4,3,true,false,false,"",67,sms,rob2tel,7
"33401","2026-09-17","15",true,GW_ROBOT_TELCEL_2,4,4,true,false,false,"",2,sms,rob2tel,1
"33401","2026-09-17","15",true,GW_ROBOT_TELCEL_2,4,4,true,false,false,"",3,sms,rob2tel,2
"33401","2026-09-17","15",true,GW_ROBOT_TELCEL_2,4,4,true,false,false,"",6,sms,rob2tel,1
"33401","2026-09-17","15",true,GW_ROBOT_TELCEL_2,4,4,true,false,false,"",9,sms,rob2tel,3
"33401","2026-09-17","15",true,GW_ROBOT_TELCEL_2,4,4,true,false,false,"",16,sms,rob2tel,1
"33401","2026-09-17","15",true,GW_ROBOT_TELCEL_3,1,0,false,false,false,"",5,sms,rob2tel,2
"33401","2026-09-17","15",true,GW_ROBOT_TELCEL_3,1,0,false,false,false,"",14,sms,rob2tel,2
"33401","2026-09-17","15",true,GW_ROBOT_TELCEL_3,1,0,false,false,false,"",33,sms,rob2tel,1
"33401","2026-09-17","15",true,GW_ROBOT_TELCEL_3,1,0,false,false,false,"",37,sms,rob2tel,1
"33401","2026-09-17","15",true,GW_ROBOT_TELCEL_3,1,0,false,false,false,"",59,sms,rob2tel,10
"33401","2026-09-17","15",true,GW_ROBOT_TELCEL_3,1,0,false,false,false,"",60,sms,rob2tel,1
"33401","2026-09-17","15",true,GW_ROBOT_TELCEL_3,1,0,false,false,false,"",70,sms,rob2tel,1
"33401","2026-09-17","15",true,GW_ROBOT_TELCEL_3,1,0,false,false,false,"",74,sms,rob2tel,1
"33401","2026-09-17","15",true,GW_ROBOT_TELCEL_3,1,0,false,false,false,"",81,sms,rob2tel,3
"33401","2026-09-17","15",true,GW_ROBOT_TELCEL_3,1,0,false,false,false,"",101,sms,rob2tel,1
"33401","2026-09-17","15",true,GW_ROBOT_TELCEL_3,1,0,false,false,false,"",102,sms,rob2tel,1
"33401","2026-09-17","15",true,GW_ROBOT_TELCEL_3,1,0,false,false,false,"",107,flash,rob2tel,326
"33401","2026-09-17","15",true,GW_ROBOT_TELCEL_3,1,0,false,false,false,"",119,sms,rob2tel,1
"33401","2026-09-17","15",true,GW_ROBOT_TELCEL_3,1,0,false,false,false,"",120,flash,rob2tel,2
"33401","2026-09-17","15",true,GW_ROBOT_TELCEL_3,1,0,false,false,false,"",120,sms,rob2tel,6
"33401","2026-09-17","15",true,GW_ROBOT_TELCEL_3,1,0,false,false,false,"",121,flash,rob2tel,9
"33401","2026-09-17","15",true,GW_ROBOT_TELCEL_3,1,0,false,false,false,"",122,flash,rob2tel,21
"33401","2026-09-17","15",true,GW_ROBOT_TELCEL_3,1,0,false,false,false,"",122,sms,rob2tel,6
"33401","2026-09-17","15",true,GW_ROBOT_TELCEL_3,1,0,false,false,false,"",123,flash,rob2tel,9
"33401","2026-09-17","15",true,GW_ROBOT_TELCEL_3,1,0,false,false,false,"",123,sms,rob2tel,2
"33401","2026-09-17","15",true,GW_ROBOT_TELCEL_3,1,0,false,false,false,"",124,flash,rob2tel,12
"33401","2026-09-17","15",true,GW_ROBOT_TELCEL_3,1,0,false,false,false,"",124,sms,rob2tel,1
"33401","2026-09-17","15",true,GW_ROBOT_TELCEL_3,1,0,false,false,false,"",125,flash,rob2tel,10
"33401","2026-09-17","15",true,GW_ROBOT_TELCEL_3,1,0,false,false,false,"",125,sms,rob2tel,1
"33401","2026-09-17","15",true,GW_ROBOT_TELCEL_3,1,0,false,false,false,"",126,flash,rob2tel,8
"33401","2026-09-17","15",true,GW_ROBOT_TELCEL_3,1,0,false,false,false,"",126,sms,rob2tel,2
"33401","2026-09-17","15",true,GW_ROBOT_TELCEL_3,1,0,false,false,false,"",127,flash,rob2tel,2
"33401","2026-09-17","15",true,GW_ROBOT_TELCEL_3,1,0,false,false,false,"",128,flash,rob2tel,2
"33401","2026-09-17","15",true,GW_ROBOT_TELCEL_3,1,0,false,false,false,"",129,flash,rob2tel,4
"33401","2026-09-17","15",true,GW_ROBOT_TELCEL_3,1,0,false,false,false,"",130,flash,rob2tel,15
"33401","2026-09-17","15",true,GW_ROBOT_TELCEL_3,1,0,false,false,false,"",130,sms,rob2tel,4003
"33401","2026-09-17","15",true,GW_ROBOT_TELCEL_3,1,0,false,false,false,"",131,flash,rob2tel,40
"33401","2026-09-17","15",true,GW_ROBOT_TELCEL_3,1,0,false,false,false,"",131,sms,rob2tel,5
"33401","2026-09-17","15",true,GW_ROBOT_TELCEL_3,1,0,false,false,false,"",132,flash,rob2tel,72
"33401","2026-09-17","15",true,GW_ROBOT_TELCEL_3,1,0,false,false,false,"",132,sms,rob2tel,60
"33401","2026-09-17","15",true,GW_ROBOT_TELCEL_3,1,0,false,false,false,"",133,flash,rob2tel,120
"33401","2026-09-17","15",true,GW_ROBOT_TELCEL_3,1,0,false,false,false,"",133,sms,rob2tel,3
"33401","2026-09-17","15",true,GW_ROBOT_TELCEL_3,1,0,false,false,false,"",134,flash,rob2tel,495
"33401","2026-09-17","15",true,GW_ROBOT_TELCEL_3,1,0,false,false,false,"",134,sms,rob2tel,5
"33401","2026-09-17","15",true,GW_ROBOT_TELCEL_3,1,0,false,false,false,"",135,flash,rob2tel,242
"33401","2026-09-17","15",true,GW_ROBOT_TELCEL_3,1,0,false,false,false,"",136,flash,rob2tel,279
"33401","2026-09-17","15",true,GW_ROBOT_TELCEL_3,1,0,false,false,false,"",136,sms,rob2tel,1
"33401","2026-09-17","15",true,GW_ROBOT_TELCEL_3,1,0,false,false,false,"",137,flash,rob2tel,316
"33401","2026-09-17","15",true,GW_ROBOT_TELCEL_3,1,0,false,false,false,"",138,flash,rob2tel,353
"33401","2026-09-17","15",true,GW_ROBOT_TELCEL_3,1,0,false,false,false,"",139,flash,rob2tel,342
"33401","2026-09-17","15",true,GW_ROBOT_TELCEL_3,1,0,false,false,false,"",140,flash,rob2tel,323
"33401","2026-09-17","15",true,GW_ROBOT_TELCEL_3,1,0,false,false,false,"",141,flash,rob2tel,345
"33401","2026-09-17","15",true,GW_ROBOT_TELCEL_3,1,0,false,false,false,"",141,sms,rob2tel,18
"33401","2026-09-17","15",true,GW_ROBOT_TELCEL_3,1,0,false,false,false,"",142,flash,rob2tel,342
"33401","2026-09-17","15",true,GW_ROBOT_TELCEL_3,1,0,false,false,false,"",142,sms,rob2tel,24
"33401","2026-09-17","15",true,GW_ROBOT_TELCEL_3,1,0,false,false,false,"",143,flash,rob2tel,332
"33401","2026-09-17","15",true,GW_ROBOT_TELCEL_3,1,0,false,false,false,"",143,sms,rob2tel,296
"33401","2026-09-17","15",true,GW_ROBOT_TELCEL_3,1,0,false,false,false,"",144,flash,rob2tel,326
"33401","2026-09-17","15",true,GW_ROBOT_TELCEL_3,1,0,false,false,false,"",144,sms,rob2tel,78
"33401","2026-09-17","15",true,GW_ROBOT_TELCEL_3,1,0,false,false,false,"",145,flash,rob2tel,280
"33401","2026-09-17","15",true,GW_ROBOT_TELCEL_3,1,0,false,false,false,"",145,sms,rob2tel,5
"33401","2026-09-17","15",true,GW_ROBOT_TELCEL_3,1,0,false,false,false,"",146,flash,rob2tel,261
"33401","2026-09-17","15",true,GW_ROBOT_TELCEL_3,1,0,false,false,false,"",146,sms,rob2tel,14
"33401","2026-09-17","15",true,GW_ROBOT_TELCEL_3,1,0,false,false,false,"",147,flash,rob2tel,215
"33401","2026-09-17","15",true,GW_ROBOT_TELCEL_3,1,0,false,false,false,"",147,sms,rob2tel,51
"33401","2026-09-17","15",true,GW_ROBOT_TELCEL_3,1,0,false,false,false,"",148,flash,rob2tel,173
"33401","2026-09-17","15",true,GW_ROBOT_TELCEL_3,1,0,false,false,false,"",148,sms,rob2tel,40
"33401","2026-09-17","15",true,GW_ROBOT_TELCEL_3,1,0,false,false,false,"",149,flash,rob2tel,108
"33401","2026-09-17","15",true,GW_ROBOT_TELCEL_3,1,0,false,false,false,"",149,sms,rob2tel,26
"33401","2026-09-17","15",true,GW_ROBOT_TELCEL_3,1,0,false,false,false,"",150,flash,rob2tel,76
"33401","2026-09-17","15",true,GW_ROBOT_TELCEL_3,1,0,false,false,false,"",150,sms,rob2tel,30
"33401","2026-09-17","15",true,GW_ROBOT_TELCEL_3,1,0,false,false,false,"",151,flash,rob2tel,43
"33401","2026-09-17","15",true,GW_ROBOT_TELCEL_3,1,0,false,false,false,"",151,sms,rob2tel,490
"33401","2026-09-17","15",true,GW_ROBOT_TELCEL_3,1,0,false,false,false,"",152,flash,rob2tel,25
"33401","2026-09-17","15",true,GW_ROBOT_TELCEL_3,1,0,false,false,false,"",152,sms,rob2tel,99
"33401","2026-09-17","15",true,GW_ROBOT_TELCEL_3,1,0,false,false,false,"",153,flash,rob2tel,7
"33401","2026-09-17","15",true,GW_ROBOT_TELCEL_3,1,0,false,false,false,"",153,sms,rob2tel,28
"33401","2026-09-17","15",true,GW_ROBOT_TELCEL_3,1,0,false,false,false,"",154,flash,rob2tel,3
"33401","2026-09-17","15",true,GW_ROBOT_TELCEL_3,1,0,false,false,false,"",154,sms,rob2tel,222
"33401","2026-09-17","15",true,GW_ROBOT_TELCEL_3,1,0,false,false,false,"",155,flash,rob2tel,3
"33401","2026-09-17","15",true,GW_ROBOT_TELCEL_3,1,0,false,false,false,"",155,sms,rob2tel,58
"33401","2026-09-17","15",true,GW_ROBOT_TELCEL_3,1,0,false,false,false,"",156,flash,rob2tel,1
"33401","2026-09-17","15",true,GW_ROBOT_TELCEL_3,1,0,false,false,false,"",156,sms,rob2tel,29
"33401","2026-09-17","15",true,GW_ROBOT_TELCEL_3,1,0,false,false,false,"",157,sms,rob2tel,83
"33401","2026-09-17","15",true,GW_ROBOT_TELCEL_3,1,0,false,false,false,"",158,sms,rob2tel,45
"33401","2026-09-17","15",true,GW_ROBOT_TELCEL_3,1,0,false,false,false,"",159,sms,rob2tel,40
"33401","2026-09-17","15",true,GW_ROBOT_TELCEL_3,1,0,false,false,false,"",160,flash,rob2tel,310
"33401","2026-09-17","15",true,GW_ROBOT_TELCEL_3,1,0,false,false,false,"",160,sms,rob2tel,31
"33401","2026-09-17","15",true,GW_ROBOT_TELCEL_3,2,1,false,false,false,"",134,sms,rob2tel,14
"33401","2026-09-17","15",true,GW_ROBOT_TELCEL_3,2,1,false,false,false,"",153,flash,rob2tel,427
"33401","2026-09-17","15",true,GW_ROBOT_TELCEL_3,2,1,false,false,false,"",153,sms,rob2tel,599
"33401","2026-09-17","15",true,GW_ROBOT_TELCEL_3,2,2,false,false,false,"",7,sms,rob2tel,1
"33401","2026-09-17","15",true,GW_ROBOT_TELCEL_3,2,2,false,false,false,"",8,sms,rob2tel,73
"33401","2026-09-17","15",true,GW_ROBOT_TELCEL_3,2,2,false,false,false,"",9,sms,rob2tel,26
"33401","2026-09-17","15",true,GW_ROBOT_TELCEL_3,2,2,false,false,false,"",10,sms,rob2tel,5
"33401","2026-09-17","15",true,GW_ROBOT_TELCEL_3,2,2,false,false,false,"",11,sms,rob2tel,4
"33401","2026-09-17","15",true,GW_ROBOT_TELCEL_3,2,2,false,false,false,"",12,sms,rob2tel,2
"33401","2026-09-17","15",true,GW_ROBOT_TELCEL_3,2,2,false,false,false,"",13,sms,rob2tel,3
"33401","2026-09-17","15",true,GW_ROBOT_TELCEL_3,2,2,false,false,false,"",14,sms,rob2tel,2
"33401","2026-09-17","15",true,GW_ROBOT_TELCEL_3,2,2,false,false,false,"",16,flash,rob2tel,3
"33401","2026-09-17","15",true,GW_ROBOT_TELCEL_3,2,2,false,false,false,"",17,flash,rob2tel,82
"33401","2026-09-17","15",true,GW_ROBOT_TELCEL_3,2,2,false,false,false,"",18,flash,rob2tel,350
"33401","2026-09-17","15",true,GW_ROBOT_TELCEL_3,2,2,false,false,false,"",19,flash,rob2tel,3
"33401","2026-09-17","15",true,GW_ROBOT_TELCEL_3,2,2,false,false,false,"",26,sms,rob2tel,2
"33401","2026-09-17","15",true,GW_ROBOT_TELCEL_3,2,2,false,false,false,"",29,sms,rob2tel,2
"33401","2026-09-17","15",true,GW_ROBOT_TELCEL_3,2,2,false,false,false,"",30,sms,rob2tel,2
"33401","2026-09-17","15",true,GW_ROBOT_TELCEL_3,2,2,false,false,false,"",31,sms,rob2tel,5
"33401","2026-09-17","15",true,GW_ROBOT_TELCEL_3,2,2,false,false,false,"",32,sms,rob2tel,1
"33401","2026-09-17","15",true,GW_ROBOT_TELCEL_3,2,2,false,false,false,"",33,sms,rob2tel,2
"33401","2026-09-17","15",true,GW_ROBOT_TELCEL_3,2,2,false,false,false,"",34,sms,rob2tel,6
"33401","2026-09-17","15",true,GW_ROBOT_TELCEL_3,2,2,false,false,false,"",35,sms,rob2tel,4
"33401","2026-09-17","15",true,GW_ROBOT_TELCEL_3,2,2,false,false,false,"",36,sms,rob2tel,15
"33401","2026-09-17","15",true,GW_ROBOT_TELCEL_3,2,2,false,false,false,"",37,sms,rob2tel,18
"33401","2026-09-17","15",true,GW_ROBOT_TELCEL_3,2,2,false,false,false,"",38,sms,rob2tel,15
"33401","2026-09-17","15",true,GW_ROBOT_TELCEL_3,2,2,false,false,false,"",39,sms,rob2tel,22
"33401","2026-09-17","15",true,GW_ROBOT_TELCEL_3,2,2,false,false,false,"",40,sms,rob2tel,22
"33401","2026-09-17","15",true,GW_ROBOT_TELCEL_3,2,2,false,false,false,"",41,sms,rob2tel,24
"33401","2026-09-17","15",true,GW_ROBOT_TELCEL_3,2,2,false,false,false,"",42,sms,rob2tel,26
"33401","2026-09-17","15",true,GW_ROBOT_TELCEL_3,2,2,false,false,false,"",43,sms,rob2tel,27
"33401","2026-09-17","15",true,GW_ROBOT_TELCEL_3,2,2,false,false,false,"",44,sms,rob2tel,24
"33401","2026-09-17","15",true,GW_ROBOT_TELCEL_3,2,2,false,false,false,"",45,sms,rob2tel,22
"33401","2026-09-17","15",true,GW_ROBOT_TELCEL_3,2,2,false,false,false,"",46,sms,rob2tel,26
"33401","2026-09-17","15",true,GW_ROBOT_TELCEL_3,2,2,false,false,false,"",47,sms,rob2tel,21
"33401","2026-09-17","15",true,GW_ROBOT_TELCEL_3,2,2,false,false,false,"",48,sms,rob2tel,13
"33401","2026-09-17","15",true,GW_ROBOT_TELCEL_3,2,2,false,false,false,"",49,sms,rob2tel,37
"33401","2026-09-17","15",true,GW_ROBOT_TELCEL_3,2,2,false,false,false,"",50,sms,rob2tel,17
"33401","2026-09-17","15",true,GW_ROBOT_TELCEL_3,2,2,false,false,false,"",51,sms,rob2tel,18
"33401","2026-09-17","15",true,GW_ROBOT_TELCEL_3,2,2,false,false,false,"",52,sms,rob2tel,20
"33401","2026-09-17","15",true,GW_ROBOT_TELCEL_3,2,2,false,false,false,"",53,sms,rob2tel,5
"33401","2026-09-17","15",true,GW_ROBOT_TELCEL_3,2,2,false,false,false,"",54,sms,rob2tel,9
"33401","2026-09-17","15",true,GW_ROBOT_TELCEL_3,2,2,false,false,false,"",55,sms,rob2tel,12
"33401","2026-09-17","15",true,GW_ROBOT_TELCEL_3,2,2,false,false,false,"",56,sms,rob2tel,13
"33401","2026-09-17","15",true,GW_ROBOT_TELCEL_3,2,2,false,false,false,"",57,sms,rob2tel,7
"33401","2026-09-17","15",true,GW_ROBOT_TELCEL_3,2,2,false,false,false,"",58,sms,rob2tel,3
"33401","2026-09-17","15",true,GW_ROBOT_TELCEL_3,2,2,false,false,false,"",59,sms,rob2tel,1
"33401","2026-09-17","15",true,GW_ROBOT_TELCEL_3,2,2,false,false,false,"",60,sms,rob2tel,1
"33401","2026-09-17","15",true,GW_ROBOT_TELCEL_3,2,2,false,false,false,"",61,sms,rob2tel,1
"33401","2026-09-17","15",true,GW_ROBOT_TELCEL_3,2,2,false,false,false,"",62,sms,rob2tel,5
"33401","2026-09-17","15",true,GW_ROBOT_TELCEL_3,2,2,false,false,false,"",63,sms,rob2tel,1
"33401","2026-09-17","15",true,GW_ROBOT_TELCEL_3,2,2,false,false,false,"",64,sms,rob2tel,2
"33401","2026-09-17","15",true,GW_ROBOT_TELCEL_3,2,2,false,false,false,"",65,sms,rob2tel,1
"33401","2026-09-17","15",true,GW_ROBOT_TELCEL_3,2,2,false,false,false,"",66,sms,rob2tel,4
"33401","2026-09-17","15",true,GW_ROBOT_TELCEL_3,2,2,false,false,false,"",67,sms,rob2tel,4
"33401","2026-09-17","15",true,GW_ROBOT_TELCEL_3,2,2,false,false,false,"",68,sms,rob2tel,3
"33401","2026-09-17","15",true,GW_ROBOT_TELCEL_3,2,2,false,false,false,"",71,sms,rob2tel,2
"33401","2026-09-17","15",true,GW_ROBOT_TELCEL_3,2,2,false,false,false,"",72,sms,rob2tel,2
"33401","2026-09-17","15",true,GW_ROBOT_TELCEL_3,2,2,false,false,false,"",73,sms,rob2tel,2
"33401","2026-09-17","15",true,GW_ROBOT_TELCEL_3,2,2,false,false,false,"",75,sms,rob2tel,2
"33401","2026-09-17","15",true,GW_ROBOT_TELCEL_3,2,2,false,false,false,"",76,sms,rob2tel,1
"33401","2026-09-17","15",true,GW_ROBOT_TELCEL_3,2,2,false,false,false,"",77,sms,rob2tel,2
"33401","2026-09-17","15",true,GW_ROBOT_TELCEL_3,2,2,false,false,false,"",78,sms,rob2tel,1
"33401","2026-09-17","15",true,GW_ROBOT_TELCEL_3,2,2,false,false,false,"",82,sms,rob2tel,1
"33401","2026-09-17","15",true,GW_ROBOT_TELCEL_3,2,2,false,false,false,"",84,sms,rob2tel,1
"33401","2026-09-17","15",true,GW_ROBOT_TELCEL_3,2,2,false,false,false,"",86,sms,rob2tel,1
"33401","2026-09-17","15",true,GW_ROBOT_TELCEL_3,2,2,false,false,false,"",87,sms,rob2tel,1
"33401","2026-09-17","15",true,GW_ROBOT_TELCEL_3,2,2,false,false,false,"",90,sms,rob2tel,1
"33401","2026-09-17","15",true,GW_ROBOT_TELCEL_3,2,2,false,false,false,"",129,sms,rob2tel,1
"33401","2026-09-17","15",true,GW_ROBOT_TELCEL_3,3,1,true,false,false,"",67,sms,rob2tel,13
"33401","2026-09-17","15",true,GW_ROBOT_TELCEL_3,3,2,false,false,false,"",134,sms,rob2tel,1
"33401","2026-09-17","15",true,GW_ROBOT_TELCEL_3,3,2,true,false,false,"",67,sms,rob2tel,15
"33401","2026-09-17","15",true,GW_ROBOT_TELCEL_3,3,3,false,false,false,"",5,sms,rob2tel,1
"33401","2026-09-17","15",true,GW_ROBOT_TELCEL_3,3,3,true,false,false,"",54,sms,rob2tel,2
"33401","2026-09-17","15",true,GW_ROBOT_TELCEL_3,3,3,true,false,false,"",56,sms,rob2tel,1
"33401","2026-09-17","15",true,GW_ROBOT_TELCEL_3,3,3,true,false,false,"",58,sms,rob2tel,1
"33401","2026-09-17","15",true,GW_ROBOT_TELCEL_3,3,3,true,false,false,"",62,sms,rob2tel,1
"33401","2026-09-17","15",true,GW_ROBOT_TELCEL_3,3,3,true,false,false,"",63,sms,rob2tel,3
"33401","2026-09-17","15",true,GW_ROBOT_TELCEL_3,3,3,true,false,false,"",65,sms,rob2tel,4
"33401","2026-09-17","15",true,GW_ROBOT_TELCEL_3,3,3,true,false,false,"",67,sms,rob2tel,1
"33401","2026-09-17","15",true,GW_ROBOT_TELCEL_3,4,1,true,false,false,"",67,sms,rob2tel,12
"33401","2026-09-17","15",true,GW_ROBOT_TELCEL_3,4,2,true,false,false,"",67,sms,rob2tel,9
"33401","2026-09-17","15",true,GW_ROBOT_TELCEL_3,4,3,true,false,false,"",67,sms,rob2tel,10
"33401","2026-09-17","15",true,GW_ROBOT_TELCEL_3,4,4,true,false,false,"",1,sms,rob2tel,2
"33401","2026-09-17","15",true,GW_ROBOT_TELCEL_3,4,4,true,false,false,"",3,sms,rob2tel,1
"33401","2026-09-17","15",true,GW_ROBOT_TELCEL_3,4,4,true,false,false,"",5,sms,rob2tel,1
"33401","2026-09-17","15",true,GW_ROBOT_TELCEL_3,4,4,true,false,false,"",8,sms,rob2tel,1
"33401","2026-09-17","15",true,GW_ROBOT_TELCEL_3,4,4,true,false,false,"",9,sms,rob2tel,1
"33401","2026-09-17","15",true,GW_ROBOT_TELCEL_3,4,4,true,false,false,"",10,sms,rob2tel,1
"33401","2026-09-17","15",true,GW_ROBOT_TELCEL_3,4,4,true,false,false,"",21,sms,rob2tel,1
"33401","2026-09-17","15",true,GW_ROBOT_TELCEL_3,4,4,true,false,false,"",23,sms,rob2tel,1
"33401","2026-09-17","15",true,MENSAJERIA_MEXICO_OPENIP,3,1,true,false,false,"",67,sms,openipsms,4
"33401","2026-09-17","15",true,MENSAJERIA_MEXICO_OPENIP,3,2,true,false,false,"",67,sms,openipsms,4
"33401","2026-09-17","15",true,MENSAJERIA_MEXICO_OPENIP,3,3,true,false,false,"",14,sms,openipsms,4
"33401","2026-09-17","15",true,MENSAJERIA_MEXICO_OPENIP,4,1,true,false,false,"",67,sms,openipsms,6
"33401","2026-09-17","15",true,MENSAJERIA_MEXICO_OPENIP,4,2,true,false,false,"",67,sms,openipsms,6
"33401","2026-09-17","15",true,MENSAJERIA_MEXICO_OPENIP,4,3,true,false,false,"",67,sms,openipsms,6
"33401","2026-09-17","15",true,MENSAJERIA_MEXICO_OPENIP,4,4,true,false,false,"",12,sms,openipsms,3
"33401","2026-09-17","15",true,MENSAJERIA_MEXICO_OPENIP,4,4,true,false,false,"",13,sms,openipsms,3
"33401","2026-09-17","15",true,ROBOCOM-MOVISTAR,1,0,false,false,false,"",107,flash,ROBOCOM_SMS,31
"33401","2026-09-17","15",true,ROBOCOM-MOVISTAR,1,0,false,false,false,"",132,flash,ROBOCOM_SMS,1
"33401","2026-09-17","15",true,ROBOCOM-MOVISTAR,1,0,false,false,false,"",132,sms,ROBOCOM_SMS,14
"33401","2026-09-17","15",true,ROBOCOM-MOVISTAR,1,0,false,false,false,"",133,flash,ROBOCOM_SMS,2
"33401","2026-09-17","15",true,ROBOCOM-MOVISTAR,1,0,false,false,false,"",133,sms,ROBOCOM_SMS,2
"33401","2026-09-17","15",true,ROBOCOM-MOVISTAR,1,0,false,false,false,"",134,flash,ROBOCOM_SMS,36
"33401","2026-09-17","15",true,ROBOCOM-MOVISTAR,1,0,false,false,false,"",135,flash,ROBOCOM_SMS,4
"33401","2026-09-17","15",true,ROBOCOM-MOVISTAR,1,0,false,false,false,"",136,flash,ROBOCOM_SMS,5
"33401","2026-09-17","15",true,ROBOCOM-MOVISTAR,1,0,false,false,false,"",136,sms,ROBOCOM_SMS,1
"33401","2026-09-17","15",true,ROBOCOM-MOVISTAR,1,0,false,false,false,"",137,flash,ROBOCOM_SMS,5
"33401","2026-09-17","15",true,ROBOCOM-MOVISTAR,1,0,false,false,false,"",138,flash,ROBOCOM_SMS,8
"33401","2026-09-17","15",true,ROBOCOM-MOVISTAR,1,0,false,false,false,"",139,flash,ROBOCOM_SMS,13
"33401","2026-09-17","15",true,ROBOCOM-MOVISTAR,1,0,false,false,false,"",140,flash,ROBOCOM_SMS,15
"33401","2026-09-17","15",true,ROBOCOM-MOVISTAR,1,0,false,false,false,"",140,sms,ROBOCOM_SMS,3
"33401","2026-09-17","15",true,ROBOCOM-MOVISTAR,1,0,false,false,false,"",141,flash,ROBOCOM_SMS,11
"33401","2026-09-17","15",true,ROBOCOM-MOVISTAR,1,0,false,false,false,"",141,sms,ROBOCOM_SMS,4
"33401","2026-09-17","15",true,ROBOCOM-MOVISTAR,1,0,false,false,false,"",142,flash,ROBOCOM_SMS,16
"33401","2026-09-17","15",true,ROBOCOM-MOVISTAR,1,0,false,false,false,"",142,sms,ROBOCOM_SMS,11
"33401","2026-09-17","15",true,ROBOCOM-MOVISTAR,1,0,false,false,false,"",143,flash,ROBOCOM_SMS,21
"33401","2026-09-17","15",true,ROBOCOM-MOVISTAR,1,0,false,false,false,"",143,sms,ROBOCOM_SMS,25
"33401","2026-09-17","15",true,ROBOCOM-MOVISTAR,1,0,false,false,false,"",144,flash,ROBOCOM_SMS,19
"33401","2026-09-17","15",true,ROBOCOM-MOVISTAR,1,0,false,false,false,"",144,sms,ROBOCOM_SMS,22
"33401","2026-09-17","15",true,ROBOCOM-MOVISTAR,1,0,false,false,false,"",145,flash,ROBOCOM_SMS,17
"33401","2026-09-17","15",true,ROBOCOM-MOVISTAR,1,0,false,false,false,"",146,flash,ROBOCOM_SMS,25
"33401","2026-09-17","15",true,ROBOCOM-MOVISTAR,1,0,false,false,false,"",147,flash,ROBOCOM_SMS,12
"33401","2026-09-17","15",true,ROBOCOM-MOVISTAR,1,0,false,false,false,"",148,flash,ROBOCOM_SMS,10
"33401","2026-09-17","15",true,ROBOCOM-MOVISTAR,1,0,false,false,false,"",149,flash,ROBOCOM_SMS,6
"33401","2026-09-17","15",true,ROBOCOM-MOVISTAR,1,0,false,false,false,"",149,sms,ROBOCOM_SMS,2
"33401","2026-09-17","15",true,ROBOCOM-MOVISTAR,1,0,false,false,false,"",150,flash,ROBOCOM_SMS,6
"33401","2026-09-17","15",true,ROBOCOM-MOVISTAR,1,0,false,false,false,"",151,flash,ROBOCOM_SMS,2
"33401","2026-09-17","15",true,ROBOCOM-MOVISTAR,1,0,false,false,false,"",151,sms,ROBOCOM_SMS,29
"33401","2026-09-17","15",true,ROBOCOM-MOVISTAR,1,0,false,false,false,"",152,flash,ROBOCOM_SMS,2
"33401","2026-09-17","15",true,ROBOCOM-MOVISTAR,1,0,false,false,false,"",153,flash,ROBOCOM_SMS,1
"33401","2026-09-17","15",true,ROBOCOM-MOVISTAR,1,0,false,false,false,"",153,sms,ROBOCOM_SMS,2
"33401","2026-09-17","15",true,ROBOCOM-MOVISTAR,1,0,false,false,false,"",154,sms,ROBOCOM_SMS,6
"33401","2026-09-17","15",true,ROBOCOM-MOVISTAR,1,0,false,false,false,"",155,sms,ROBOCOM_SMS,3
"33401","2026-09-17","15",true,ROBOCOM-MOVISTAR,1,0,false,false,false,"",156,sms,ROBOCOM_SMS,4
"33401","2026-09-17","15",true,ROBOCOM-MOVISTAR,1,0,false,false,false,"",157,sms,ROBOCOM_SMS,10
"33401","2026-09-17","15",true,ROBOCOM-MOVISTAR,1,0,false,false,false,"",158,sms,ROBOCOM_SMS,10
"33401","2026-09-17","15",true,ROBOCOM-MOVISTAR,1,0,false,false,false,"",159,sms,ROBOCOM_SMS,6
"33401","2026-09-17","15",true,ROBOCOM-MOVISTAR,1,0,false,false,false,"",160,flash,ROBOCOM_SMS,30
"33401","2026-09-17","15",true,ROBOCOM-MOVISTAR,1,0,false,false,false,"",160,sms,ROBOCOM_SMS,10
"33401","2026-09-17","15",true,ROBOCOM-MOVISTAR,2,1,false,false,false,"",153,flash,ROBOCOM_SMS,129
"33401","2026-09-17","15",true,ROBOCOM-MOVISTAR,2,1,false,false,false,"",153,sms,ROBOCOM_SMS,127
"33401","2026-09-17","15",true,ROBOCOM-MOVISTAR,2,2,false,false,false,"",8,sms,ROBOCOM_SMS,15
"33401","2026-09-17","15",true,ROBOCOM-MOVISTAR,2,2,false,false,false,"",9,sms,ROBOCOM_SMS,4
"33401","2026-09-17","15",true,ROBOCOM-MOVISTAR,2,2,false,false,false,"",10,sms,ROBOCOM_SMS,1
"33401","2026-09-17","15",true,ROBOCOM-MOVISTAR,2,2,false,false,false,"",11,sms,ROBOCOM_SMS,2
"33401","2026-09-17","15",true,ROBOCOM-MOVISTAR,2,2,false,false,false,"",12,sms,ROBOCOM_SMS,3
"33401","2026-09-17","15",true,ROBOCOM-MOVISTAR,2,2,false,false,false,"",17,flash,ROBOCOM_SMS,17
"33401","2026-09-17","15",true,ROBOCOM-MOVISTAR,2,2,false,false,false,"",18,flash,ROBOCOM_SMS,111
"33401","2026-09-17","15",true,ROBOCOM-MOVISTAR,2,2,false,false,false,"",32,sms,ROBOCOM_SMS,1
"33401","2026-09-17","15",true,ROBOCOM-MOVISTAR,2,2,false,false,false,"",34,sms,ROBOCOM_SMS,1
"33401","2026-09-17","15",true,ROBOCOM-MOVISTAR,2,2,false,false,false,"",35,sms,ROBOCOM_SMS,4
"33401","2026-09-17","15",true,ROBOCOM-MOVISTAR,2,2,false,false,false,"",37,sms,ROBOCOM_SMS,2
"33401","2026-09-17","15",true,ROBOCOM-MOVISTAR,2,2,false,false,false,"",38,sms,ROBOCOM_SMS,6
"33401","2026-09-17","15",true,ROBOCOM-MOVISTAR,2,2,false,false,false,"",39,sms,ROBOCOM_SMS,3
"33401","2026-09-17","15",true,ROBOCOM-MOVISTAR,2,2,false,false,false,"",40,sms,ROBOCOM_SMS,2
"33401","2026-09-17","15",true,ROBOCOM-MOVISTAR,2,2,false,false,false,"",41,sms,ROBOCOM_SMS,5
"33401","2026-09-17","15",true,ROBOCOM-MOVISTAR,2,2,false,false,false,"",42,sms,ROBOCOM_SMS,8
"33401","2026-09-17","15",true,ROBOCOM-MOVISTAR,2,2,false,false,false,"",43,sms,ROBOCOM_SMS,4
"33401","2026-09-17","15",true,ROBOCOM-MOVISTAR,2,2,false,false,false,"",44,sms,ROBOCOM_SMS,6
"33401","2026-09-17","15",true,ROBOCOM-MOVISTAR,2,2,false,false,false,"",45,sms,ROBOCOM_SMS,4
"33401","2026-09-17","15",true,ROBOCOM-MOVISTAR,2,2,false,false,false,"",46,sms,ROBOCOM_SMS,2
"33401","2026-09-17","15",true,ROBOCOM-MOVISTAR,2,2,false,false,false,"",47,sms,ROBOCOM_SMS,3
"33401","2026-09-17","15",true,ROBOCOM-MOVISTAR,2,2,false,false,false,"",48,sms,ROBOCOM_SMS,8
"33401","2026-09-17","15",true,ROBOCOM-MOVISTAR,2,2,false,false,false,"",49,sms,ROBOCOM_SMS,5
"33401","2026-09-17","15",true,ROBOCOM-MOVISTAR,2,2,false,false,false,"",50,sms,ROBOCOM_SMS,1
"33401","2026-09-17","15",true,ROBOCOM-MOVISTAR,2,2,false,false,false,"",51,sms,ROBOCOM_SMS,4
"33401","2026-09-17","15",true,ROBOCOM-MOVISTAR,2,2,false,false,false,"",52,sms,ROBOCOM_SMS,2
"33401","2026-09-17","15",true,ROBOCOM-MOVISTAR,2,2,false,false,false,"",53,sms,ROBOCOM_SMS,2
"33401","2026-09-17","15",true,ROBOCOM-MOVISTAR,2,2,false,false,false,"",54,sms,ROBOCOM_SMS,3
"33401","2026-09-17","15",true,ROBOCOM-MOVISTAR,2,2,false,false,false,"",56,sms,ROBOCOM_SMS,1
"33401","2026-09-17","15",true,ROBOCOM-MOVISTAR,2,2,false,false,false,"",58,sms,ROBOCOM_SMS,1
"33401","2026-09-17","15",true,ROBOCOM-MOVISTAR,2,2,false,false,false,"",59,sms,ROBOCOM_SMS,1
"33401","2026-09-17","15",true,ROBOCOM-MOVISTAR,2,2,false,false,false,"",60,sms,ROBOCOM_SMS,1
"33401","2026-09-17","15",true,ROBOCOM-MOVISTAR,2,2,false,false,false,"",66,sms,ROBOCOM_SMS,1
"33401","2026-09-17","15",true,ROBOCOM-MOVISTAR,3,1,true,false,false,"",67,sms,ROBOCOM_SMS,3
"33401","2026-09-17","15",true,ROBOCOM-MOVISTAR,3,2,true,false,false,"",67,sms,ROBOCOM_SMS,4
"33401","2026-09-17","15",true,ROBOCOM-MOVISTAR,3,3,true,false,false,"",60,sms,ROBOCOM_SMS,1
"33401","2026-09-17","15",true,ROBOCOM-MOVISTAR,3,3,true,false,false,"",61,sms,ROBOCOM_SMS,1
"33401","2026-09-17","15",true,ROBOCOM-MOVISTAR,3,3,true,false,false,"",63,sms,ROBOCOM_SMS,1
"33401","2026-09-17","15",true,ROBOCOM-MOVISTAR,4,1,true,false,false,"",67,sms,ROBOCOM_SMS,2
"33401","2026-09-17","15",true,ROBOCOM-MOVISTAR,4,2,true,false,false,"",67,sms,ROBOCOM_SMS,2
"33401","2026-09-17","15",true,ROBOCOM-MOVISTAR,4,3,true,false,false,"",67,sms,ROBOCOM_SMS,2
"33401","2026-09-17","15",true,ROBOCOM-MOVISTAR,4,4,true,false,false,"",1,sms,ROBOCOM_SMS,1
"33401","2026-09-17","15",true,ROBOCOM-MOVISTAR,4,4,true,false,false,"",8,sms,ROBOCOM_SMS,1
"33401","2026-09-17","15",true,ROBOCOM_ALESTRA,1,0,false,false,false,"",94,sms,ROBOCOM,1
"33401","2026-09-17","15",true,ROBOCOM_ALESTRA,1,0,false,false,false,"",99,sms,ROBOCOM,1
"33401","2026-09-17","15",true,ROBOCOM_ALESTRA,1,0,false,false,false,"",112,sms,ROBOCOM,2
"33401","2026-09-17","15",true,ROBOCOM_ALESTRA,1,0,false,false,false,"",130,sms,ROBOCOM,1
"33401","2026-09-17","15",true,ROBOCOM_ALESTRA,1,0,false,false,false,"",133,sms,ROBOCOM,1
"33401","2026-09-17","15",true,ROBOCOM_ALESTRA,1,0,false,false,false,"",136,sms,ROBOCOM,1
"33401","2026-09-17","15",true,ROBOCOM_ALESTRA,1,0,false,false,false,"",140,sms,ROBOCOM,1
"33401","2026-09-17","15",true,ROBOCOM_ALESTRA,1,0,false,false,false,"",147,sms,ROBOCOM,1
"33401","2026-09-17","15",true,ROBOCOM_ALESTRA,1,0,false,false,false,"",156,sms,ROBOCOM,1
"33401","2026-09-17","15",true,ROBOCOM_ALESTRA,2,1,false,false,false,"",151,sms,ROBOCOM,3
"33401","2026-09-17","15",true,ROBOCOM_ALESTRA,2,2,false,false,false,"",26,sms,ROBOCOM,1
"33401","2026-09-17","15",true,ROBOCOM_ALESTRA,2,2,false,false,false,"",48,sms,ROBOCOM,1
"33401","2026-09-17","15",true,ROBOCOM_ALESTRA,2,2,false,false,false,"",84,sms,ROBOCOM,1
"33402","2026-09-17","00",true,GW_ROBOT_TELCEL_SENDER,2,1,true,false,false,"",67,sms,rob2tel,225
"33402","2026-09-17","00",true,GW_ROBOT_TELCEL_SENDER,2,2,true,false,false,"",60,sms,rob2tel,3
"33402","2026-09-17","00",true,GW_ROBOT_TELCEL_SENDER,2,2,true,false,false,"",61,sms,rob2tel,21
"33402","2026-09-17","00",true,GW_ROBOT_TELCEL_SENDER,2,2,true,false,false,"",62,sms,rob2tel,32
"33402","2026-09-17","00",true,GW_ROBOT_TELCEL_SENDER,2,2,true,false,false,"",63,sms,rob2tel,36
"33402","2026-09-17","00",true,GW_ROBOT_TELCEL_SENDER,2,2,true,false,false,"",64,sms,rob2tel,43
"33402","2026-09-17","00",true,GW_ROBOT_TELCEL_SENDER,2,2,true,false,false,"",65,sms,rob2tel,24
"33402","2026-09-17","00",true,GW_ROBOT_TELCEL_SENDER,2,2,true,false,false,"",66,sms,rob2tel,27
"33402","2026-09-17","00",true,GW_ROBOT_TELCEL_SENDER,2,2,true,false,false,"",67,sms,rob2tel,39
"33402","2026-09-17","00",true,GW_ROBOT_TELCEL_SENDER,3,1,true,false,false,"",67,sms,rob2tel,227
"33402","2026-09-17","00",true,GW_ROBOT_TELCEL_SENDER,3,2,true,false,false,"",67,sms,rob2tel,227
"33402","2026-09-17","00",true,GW_ROBOT_TELCEL_SENDER,3,3,true,false,false,"",1,sms,rob2tel,51
"33402","2026-09-17","00",true,GW_ROBOT_TELCEL_SENDER,3,3,true,false,false,"",2,sms,rob2tel,48
"33402","2026-09-17","00",true,GW_ROBOT_TELCEL_SENDER,3,3,true,false,false,"",3,sms,rob2tel,35
"33402","2026-09-17","00",true,GW_ROBOT_TELCEL_SENDER,3,3,true,false,false,"",4,sms,rob2tel,42
"33402","2026-09-17","00",true,GW_ROBOT_TELCEL_SENDER,3,3,true,false,false,"",5,sms,rob2tel,25
"33402","2026-09-17","00",true,GW_ROBOT_TELCEL_SENDER,3,3,true,false,false,"",6,sms,rob2tel,14
"33402","2026-09-17","00",true,GW_ROBOT_TELCEL_SENDER,3,3,true,false,false,"",7,sms,rob2tel,6
"33402","2026-09-17","00",true,GW_ROBOT_TELCEL_SENDER,3,3,true,false,false,"",8,sms,rob2tel,3
"33402","2026-09-17","00",true,GW_ROBOT_TELCEL_SENDER,3,3,true,false,false,"",9,sms,rob2tel,1
"33402","2026-09-17","00",true,GW_ROBOT_TELCEL_SENDER,3,3,true,false,false,"",10,sms,rob2tel,1
"33402","2026-09-17","00",true,GW_ROBOT_TELCEL_SENDER,3,3,true,false,false,"",15,sms,rob2tel,1
"33402","2026-09-17","01",true,GW_ROBOT_TELCEL_SENDER,2,1,true,false,false,"",67,sms,rob2tel,592
"33402","2026-09-17","01",true,GW_ROBOT_TELCEL_SENDER,2,2,true,false,false,"",59,sms,rob2tel,1
"33402","2026-09-17","01",true,GW_ROBOT_TELCEL_SENDER,2,2,true,false,false,"",60,sms,rob2tel,8
"33402","2026-09-17","01",true,GW_ROBOT_TELCEL_SENDER,2,2,true,false,false,"",61,sms,rob2tel,62
"33402","2026-09-17","01",true,GW_ROBOT_TELCEL_SENDER,2,2,true,false,false,"",62,sms,rob2tel,78
"33402","2026-09-17","01",true,GW_ROBOT_TELCEL_SENDER,2,2,true,false,false,"",63,sms,rob2tel,120
"33402","2026-09-17","01",true,GW_ROBOT_TELCEL_SENDER,2,2,true,false,false,"",64,sms,rob2tel,114
"33402","2026-09-17","01",true,GW_ROBOT_TELCEL_SENDER,2,2,true,false,false,"",65,sms,rob2tel,75
"33402","2026-09-17","01",true,GW_ROBOT_TELCEL_SENDER,2,2,true,false,false,"",66,sms,rob2tel,56
"33402","2026-09-17","01",true,GW_ROBOT_TELCEL_SENDER,2,2,true,false,false,"",67,sms,rob2tel,78
"33402","2026-09-17","01",true,GW_ROBOT_TELCEL_SENDER,3,1,true,false,false,"",67,sms,rob2tel,821
"33402","2026-09-17","01",true,GW_ROBOT_TELCEL_SENDER,3,2,true,false,false,"",67,sms,rob2tel,821
"33402","2026-09-17","01",true,GW_ROBOT_TELCEL_SENDER,3,3,true,false,false,"",1,sms,rob2tel,110
"33402","2026-09-17","01",true,GW_ROBOT_TELCEL_SENDER,3,3,true,false,false,"",2,sms,rob2tel,161
"33402","2026-09-17","01",true,GW_ROBOT_TELCEL_SENDER,3,3,true,false,false,"",3,sms,rob2tel,144
"33402","2026-09-17","01",true,GW_ROBOT_TELCEL_SENDER,3,3,true,false,false,"",4,sms,rob2tel,159
"33402","2026-09-17","01",true,GW_ROBOT_TELCEL_SENDER,3,3,true,false,false,"",5,sms,rob2tel,104
"33402","2026-09-17","01",true,GW_ROBOT_TELCEL_SENDER,3,3,true,false,false,"",6,sms,rob2tel,76
"33402","2026-09-17","01",true,GW_ROBOT_TELCEL_SENDER,3,3,true,false,false,"",7,sms,rob2tel,34
"33402","2026-09-17","01",true,GW_ROBOT_TELCEL_SENDER,3,3,true,false,false,"",8,sms,rob2tel,14
"33402","2026-09-17","01",true,GW_ROBOT_TELCEL_SENDER,3,3,true,false,false,"",9,sms,rob2tel,10
"33402","2026-09-17","01",true,GW_ROBOT_TELCEL_SENDER,3,3,true,false,false,"",10,sms,rob2tel,4
"33402","2026-09-17","01",true,GW_ROBOT_TELCEL_SENDER,3,3,true,false,false,"",11,sms,rob2tel,2
"33402","2026-09-17","01",true,GW_ROBOT_TELCEL_SENDER,3,3,true,false,false,"",12,sms,rob2tel,2
"33402","2026-09-17","01",true,GW_ROBOT_TELCEL_SENDER,3,3,true,false,false,"",15,sms,rob2tel,1
"33402","2026-09-17","02",false,alestra,1,0,false,true,false,ESME_RINVSRCADR,130,sms,"",1
"33402","2026-09-17","04",false,alestra,1,0,false,true,false,ESME_RINVSRCADR,138,sms,"",1
"33402","2026-09-17","05",false,alestra,1,0,false,true,false,ESME_RINVSRCADR,106,sms,"",1
"33402","2026-09-17","05",false,alestra,1,0,true,true,false,ESME_RINVSRCADR,41,sms,"",1
"33402","2026-09-17","06",false,alestra,1,0,false,true,false,ESME_RINVSRCADR,149,sms,"",7
"33402","2026-09-17","07",false,alestra,1,0,false,true,false,ESME_RINVSRCADR,129,sms,"",1
"33402","2026-09-17","14",false,alestra,1,0,false,true,false,ESME_RINVSRCADR,104,sms,"",1
"33402","2026-09-17","14",false,alestra,1,0,false,true,false,ESME_RINVSRCADR,127,sms,"",1
"33402","2026-09-17","14",false,altanrobot,1,0,false,true,false,ESME_RINVSRCADR,133,sms,"",1
"33402","2026-09-17","14",false,altanrobot,1,0,false,true,false,ESME_RINVSRCADR,136,sms,"",1
"33402","2026-09-17","14",false,altanrobot,1,0,false,true,false,ESME_RINVSRCADR,137,sms,"",1
"33402","2026-09-17","14",false,altanrobot,1,0,false,true,false,ESME_RINVSRCADR,138,sms,"",1
"33402","2026-09-17","14",false,altanrobot,1,0,false,true,false,ESME_RINVSRCADR,139,sms,"",1
"33402","2026-09-17","14",false,altanrobot,1,0,false,true,false,ESME_RINVSRCADR,140,sms,"",1
"33402","2026-09-17","14",false,altanrobot,1,0,false,true,false,ESME_RINVSRCADR,141,sms,"",3
"33402","2026-09-17","14",false,altanrobot,1,0,false,true,false,ESME_RINVSRCADR,142,sms,"",1
"33402","2026-09-17","14",false,altanrobot,1,0,false,true,false,ESME_RINVSRCADR,143,sms,"",2
"33402","2026-09-17","15",false,alestra,1,0,false,true,false,ESME_RINVSRCADR,88,sms,"",1
"33402","2026-09-17","15",false,alestra,1,0,false,true,false,ESME_RINVSRCADR,130,sms,"",1
"33402","2026-09-17","15",false,alestra,1,0,false,true,false,ESME_RINVSRCADR,139,sms,"",1
"33402","2026-09-17","15",false,alestra,1,0,false,true,false,ESME_RINVSRCADR,157,sms,"",1
"33402","2026-09-17","15",false,altanrobot,2,1,false,true,false,ESME_RINVSRCADR,153,sms,"",16
"33402","2026-09-17","15",false,altanrobot,2,2,false,true,false,ESME_RINVSRCADR,35,sms,"",1
"33402","2026-09-17","15",false,altanrobot,2,2,false,true,false,ESME_RINVSRCADR,39,sms,"",1
"33402","2026-09-17","15",false,altanrobot,2,2,false,true,false,ESME_RINVSRCADR,40,sms,"",1
"33402","2026-09-17","15",false,altanrobot,2,2,false,true,false,ESME_RINVSRCADR,42,sms,"",3
"33402","2026-09-17","15",false,altanrobot,2,2,false,true,false,ESME_RINVSRCADR,44,sms,"",1
"33402","2026-09-17","15",false,altanrobot,2,2,false,true,false,ESME_RINVSRCADR,45,sms,"",1
"33402","2026-09-17","15",false,altanrobot,2,2,false,true,false,ESME_RINVSRCADR,46,sms,"",2
"33402","2026-09-17","15",false,altanrobot,2,2,false,true,false,ESME_RINVSRCADR,47,sms,"",1
"33402","2026-09-17","15",false,altanrobot,2,2,false,true,false,ESME_RINVSRCADR,48,sms,"",1
"33402","2026-09-17","15",false,altanrobot,2,2,false,true,false,ESME_RINVSRCADR,51,sms,"",2
"33402","2026-09-17","15",false,altanrobot,2,2,false,true,false,ESME_RINVSRCADR,52,sms,"",1
"33402","2026-09-17","15",false,altanrobot,2,2,false,true,false,ESME_RINVSRCADR,60,sms,"",1
"33402","2026-09-17","15",false,altanrobot,4,1,true,true,false,ESME_RINVSRCADR,67,sms,"",1
"33402","2026-09-17","15",false,altanrobot,4,2,true,true,false,ESME_RINVSRCADR,67,sms,"",1
"33402","2026-09-17","15",false,altanrobot,4,3,true,true,false,ESME_RINVSRCADR,67,sms,"",1
"33402","2026-09-17","15",false,altanrobot,4,4,true,true,false,ESME_RINVSRCADR,4,sms,"",1
"334020","2026-09-17","00",true,GW_ROBOT_TELCEL_SENDER,2,1,true,false,false,"",67,sms,rob2tel,1
"334020","2026-09-17","00",true,GW_ROBOT_TELCEL_SENDER,2,2,true,false,false,"",66,sms,rob2tel,1
"334020","2026-09-17","00",true,GW_ROBOT_TELCEL_SENDER,3,1,true,false,false,"",67,sms,rob2tel,2
"334020","2026-09-17","00",true,GW_ROBOT_TELCEL_SENDER,3,2,true,false,false,"",67,sms,rob2tel,2
"334020","2026-09-17","00",true,GW_ROBOT_TELCEL_SENDER,3,3,true,false,false,"",1,sms,rob2tel,2
"334020","2026-09-17","00",true,MENSAJERIA_MEXICO_OPENIP,2,1,true,false,false,"",67,sms,openipsms,41
"334020","2026-09-17","00",true,MENSAJERIA_MEXICO_OPENIP,2,2,true,false,false,"",60,sms,openipsms,3
"334020","2026-09-17","00",true,MENSAJERIA_MEXICO_OPENIP,2,2,true,false,false,"",61,sms,openipsms,3
"334020","2026-09-17","00",true,MENSAJERIA_MEXICO_OPENIP,2,2,true,false,false,"",62,sms,openipsms,6
"334020","2026-09-17","00",true,MENSAJERIA_MEXICO_OPENIP,2,2,true,false,false,"",63,sms,openipsms,7
"334020","2026-09-17","00",true,MENSAJERIA_MEXICO_OPENIP,2,2,true,false,false,"",64,sms,openipsms,8
"334020","2026-09-17","00",true,MENSAJERIA_MEXICO_OPENIP,2,2,true,false,false,"",65,sms,openipsms,5
"334020","2026-09-17","00",true,MENSAJERIA_MEXICO_OPENIP,2,2,true,false,false,"",66,sms,openipsms,4
"334020","2026-09-17","00",true,MENSAJERIA_MEXICO_OPENIP,2,2,true,false,false,"",67,sms,openipsms,5
"334020","2026-09-17","00",true,MENSAJERIA_MEXICO_OPENIP,3,1,true,false,false,"",67,sms,openipsms,47
"334020","2026-09-17","00",true,MENSAJERIA_MEXICO_OPENIP,3,2,true,false,false,"",67,sms,openipsms,47
"334020","2026-09-17","00",true,MENSAJERIA_MEXICO_OPENIP,3,3,true,false,false,"",1,sms,openipsms,7
"334020","2026-09-17","00",true,MENSAJERIA_MEXICO_OPENIP,3,3,true,false,false,"",2,sms,openipsms,11
"334020","2026-09-17","00",true,MENSAJERIA_MEXICO_OPENIP,3,3,true,false,false,"",3,sms,openipsms,10
"334020","2026-09-17","00",true,MENSAJERIA_MEXICO_OPENIP,3,3,true,false,false,"",4,sms,openipsms,9
"334020","2026-09-17","00",true,MENSAJERIA_MEXICO_OPENIP,3,3,true,false,false,"",5,sms,openipsms,4
"334020","2026-09-17","00",true,MENSAJERIA_MEXICO_OPENIP,3,3,true,false,false,"",6,sms,openipsms,2
"334020","2026-09-17","00",true,MENSAJERIA_MEXICO_OPENIP,3,3,true,false,false,"",7,sms,openipsms,3
"334020","2026-09-17","00",true,MENSAJERIA_MEXICO_OPENIP,3,3,true,false,false,"",8,sms,openipsms,1
"334020","2026-09-17","01",true,GW_ROBOT_TELCEL_SENDER,2,1,true,false,false,"",67,sms,rob2tel,1
"334020","2026-09-17","01",true,GW_ROBOT_TELCEL_SENDER,2,2,true,false,false,"",62,sms,rob2tel,1
"334020","2026-09-17","01",true,GW_ROBOT_TELCEL_SENDER,3,1,true,false,false,"",67,sms,rob2tel,3
"334020","2026-09-17","01",true,GW_ROBOT_TELCEL_SENDER,3,2,true,false,false,"",67,sms,rob2tel,3
"334020","2026-09-17","01",true,GW_ROBOT_TELCEL_SENDER,3,3,true,false,false,"",1,sms,rob2tel,2
"334020","2026-09-17","01",true,GW_ROBOT_TELCEL_SENDER,3,3,true,false,false,"",4,sms,rob2tel,1
"334020","2026-09-17","01",true,MENSAJERIA_MEXICO_OPENIP,2,1,true,false,false,"",67,sms,openipsms,154
"334020","2026-09-17","01",true,MENSAJERIA_MEXICO_OPENIP,2,2,true,false,false,"",59,sms,openipsms,1
"334020","2026-09-17","01",true,MENSAJERIA_MEXICO_OPENIP,2,2,true,false,false,"",60,sms,openipsms,2
"334020","2026-09-17","01",true,MENSAJERIA_MEXICO_OPENIP,2,2,true,false,false,"",61,sms,openipsms,16
"334020","2026-09-17","01",true,MENSAJERIA_MEXICO_OPENIP,2,2,true,false,false,"",62,sms,openipsms,19
"334020","2026-09-17","01",true,MENSAJERIA_MEXICO_OPENIP,2,2,true,false,false,"",63,sms,openipsms,33
"334020","2026-09-17","01",true,MENSAJERIA_MEXICO_OPENIP,2,2,true,false,false,"",64,sms,openipsms,27
"334020","2026-09-17","01",true,MENSAJERIA_MEXICO_OPENIP,2,2,true,false,false,"",65,sms,openipsms,18
"334020","2026-09-17","01",true,MENSAJERIA_MEXICO_OPENIP,2,2,true,false,false,"",66,sms,openipsms,20
"334020","2026-09-17","01",true,MENSAJERIA_MEXICO_OPENIP,2,2,true,false,false,"",67,sms,openipsms,18
"334020","2026-09-17","01",true,MENSAJERIA_MEXICO_OPENIP,3,1,true,false,false,"",67,sms,openipsms,178
"334020","2026-09-17","01",true,MENSAJERIA_MEXICO_OPENIP,3,2,true,false,false,"",67,sms,openipsms,178
"334020","2026-09-17","01",true,MENSAJERIA_MEXICO_OPENIP,3,3,true,false,false,"",1,sms,openipsms,34
"334020","2026-09-17","01",true,MENSAJERIA_MEXICO_OPENIP,3,3,true,false,false,"",2,sms,openipsms,44
"334020","2026-09-17","01",true,MENSAJERIA_MEXICO_OPENIP,3,3,true,false,false,"",3,sms,openipsms,29
"334020","2026-09-17","01",true,MENSAJERIA_MEXICO_OPENIP,3,3,true,false,false,"",4,sms,openipsms,27
"334020","2026-09-17","01",true,MENSAJERIA_MEXICO_OPENIP,3,3,true,false,false,"",5,sms,openipsms,23
"334020","2026-09-17","01",true,MENSAJERIA_MEXICO_OPENIP,3,3,true,false,false,"",6,sms,openipsms,12
"334020","2026-09-17","01",true,MENSAJERIA_MEXICO_OPENIP,3,3,true,false,false,"",7,sms,openipsms,8
"334020","2026-09-17","01",true,MENSAJERIA_MEXICO_OPENIP,3,3,true,false,false,"",13,sms,openipsms,1
"334020","2026-09-17","15",true,MENSAJERIA_MEXICO_OPENIP,4,1,true,false,false,"",67,sms,openipsms,2
"334020","2026-09-17","15",true,MENSAJERIA_MEXICO_OPENIP,4,2,true,false,false,"",67,sms,openipsms,2
"334020","2026-09-17","15",true,MENSAJERIA_MEXICO_OPENIP,4,3,true,false,false,"",67,sms,openipsms,2
"334020","2026-09-17","15",true,MENSAJERIA_MEXICO_OPENIP,4,4,true,false,false,"",12,sms,openipsms,2
"33403","2026-09-17","14",false,alestra,1,0,false,true,false,ESME_RINVSRCADR,132,sms,"",1
"33403","2026-09-17","14",false,alestra,2,2,false,true,false,ESME_RINVSRCADR,56,sms,"",1
"33403","2026-09-17","14",false,altanrobot,1,0,false,true,false,ESME_RINVSRCADR,141,sms,"",1
"33403","2026-09-17","15",false,altanrobot,2,1,false,true,false,ESME_RINVSRCADR,153,sms,"",4
"33403","2026-09-17","15",false,altanrobot,2,2,false,true,false,ESME_RINVSRCADR,46,sms,"",1
"33403","2026-09-17","15",false,altanrobot,2,2,false,true,false,ESME_RINVSRCADR,48,sms,"",2
"33403","2026-09-17","15",false,altanrobot,2,2,false,true,false,ESME_RINVSRCADR,53,sms,"",1
"334030","2026-09-17","00",true,GW_ROBOT_TELCEL_SENDER,2,1,true,false,false,"",67,sms,rob2tel,18
"334030","2026-09-17","00",true,GW_ROBOT_TELCEL_SENDER,2,2,true,false,false,"",61,sms,rob2tel,2
"334030","2026-09-17","00",true,GW_ROBOT_TELCEL_SENDER,2,2,true,false,false,"",62,sms,rob2tel,2
"334030","2026-09-17","00",true,GW_ROBOT_TELCEL_SENDER,2,2,true,false,false,"",63,sms,rob2tel,3
"334030","2026-09-17","00",true,GW_ROBOT_TELCEL_SENDER,2,2,true,false,false,"",64,sms,rob2tel,4
"334030","2026-09-17","00",true,GW_ROBOT_TELCEL_SENDER,2,2,true,false,false,"",65,sms,rob2tel,3
"334030","2026-09-17","00",true,GW_ROBOT_TELCEL_SENDER,2,2,true,false,false,"",66,sms,rob2tel,3
"334030","2026-09-17","00",true,GW_ROBOT_TELCEL_SENDER,2,2,true,false,false,"",67,sms,rob2tel,1
"334030","2026-09-17","00",true,GW_ROBOT_TELCEL_SENDER,3,1,true,false,false,"",67,sms,rob2tel,18
"334030","2026-09-17","00",true,GW_ROBOT_TELCEL_SENDER,3,2,true,false,false,"",67,sms,rob2tel,18
"334030","2026-09-17","00",true,GW_ROBOT_TELCEL_SENDER,3,3,true,false,false,"",1,sms,rob2tel,7
"334030","2026-09-17","00",true,GW_ROBOT_TELCEL_SENDER,3,3,true,false,false,"",2,sms,rob2tel,2
"334030","2026-09-17","00",true,GW_ROBOT_TELCEL_SENDER,3,3,true,false,false,"",3,sms,rob2tel,3
"334030","2026-09-17","00",true,GW_ROBOT_TELCEL_SENDER,3,3,true,false,false,"",4,sms,rob2tel,2
"334030","2026-09-17","00",true,GW_ROBOT_TELCEL_SENDER,3,3,true,false,false,"",5,sms,rob2tel,2
"334030","2026-09-17","00",true,GW_ROBOT_TELCEL_SENDER,3,3,true,false,false,"",7,sms,rob2tel,2
"334030","2026-09-17","00",true,MENSAJERIA_MEXICO_OPENIP,2,1,true,false,false,"",67,sms,openipsms,8
"334030","2026-09-17","00",true,MENSAJERIA_MEXICO_OPENIP,2,2,true,false,false,"",61,sms,openipsms,2
"334030","2026-09-17","00",true,MENSAJERIA_MEXICO_OPENIP,2,2,true,false,false,"",64,sms,openipsms,1
"334030","2026-09-17","00",true,MENSAJERIA_MEXICO_OPENIP,2,2,true,false,false,"",65,sms,openipsms,1
"334030","2026-09-17","00",true,MENSAJERIA_MEXICO_OPENIP,2,2,true,false,false,"",67,sms,openipsms,4
"334030","2026-09-17","00",true,MENSAJERIA_MEXICO_OPENIP,3,1,true,false,false,"",67,sms,openipsms,10
"334030","2026-09-17","00",true,MENSAJERIA_MEXICO_OPENIP,3,2,true,false,false,"",67,sms,openipsms,10
"334030","2026-09-17","00",true,MENSAJERIA_MEXICO_OPENIP,3,3,true,false,false,"",1,sms,openipsms,2
"334030","2026-09-17","00",true,MENSAJERIA_MEXICO_OPENIP,3,3,true,false,false,"",2,sms,openipsms,1
"334030","2026-09-17","00",true,MENSAJERIA_MEXICO_OPENIP,3,3,true,false,false,"",3,sms,openipsms,2
"334030","2026-09-17","00",true,MENSAJERIA_MEXICO_OPENIP,3,3,true,false,false,"",4,sms,openipsms,2
"334030","2026-09-17","00",true,MENSAJERIA_MEXICO_OPENIP,3,3,true,false,false,"",5,sms,openipsms,1
"334030","2026-09-17","00",true,MENSAJERIA_MEXICO_OPENIP,3,3,true,false,false,"",6,sms,openipsms,2
"334030","2026-09-17","01",true,GW_ROBOT_TELCEL_SENDER,2,1,true,false,false,"",67,sms,rob2tel,58
"334030","2026-09-17","01",true,GW_ROBOT_TELCEL_SENDER,2,2,true,false,false,"",59,sms,rob2tel,1
"334030","2026-09-17","01",true,GW_ROBOT_TELCEL_SENDER,2,2,true,false,false,"",60,sms,rob2tel,1
"334030","2026-09-17","01",true,GW_ROBOT_TELCEL_SENDER,2,2,true,false,false,"",61,sms,rob2tel,3
"334030","2026-09-17","01",true,GW_ROBOT_TELCEL_SENDER,2,2,true,false,false,"",62,sms,rob2tel,6
"334030","2026-09-17","01",true,GW_ROBOT_TELCEL_SENDER,2,2,true,false,false,"",63,sms,rob2tel,18
"334030","2026-09-17","01",true,GW_ROBOT_TELCEL_SENDER,2,2,true,false,false,"",64,sms,rob2tel,13
"334030","2026-09-17","01",true,GW_ROBOT_TELCEL_SENDER,2,2,true,false,false,"",65,sms,rob2tel,9
"334030","2026-09-17","01",true,GW_ROBOT_TELCEL_SENDER,2,2,true,false,false,"",66,sms,rob2tel,3
"334030","2026-09-17","01",true,GW_ROBOT_TELCEL_SENDER,2,2,true,false,false,"",67,sms,rob2tel,4
"334030","2026-09-17","01",true,GW_ROBOT_TELCEL_SENDER,3,1,true,false,false,"",67,sms,rob2tel,62
"334030","2026-09-17","01",true,GW_ROBOT_TELCEL_SENDER,3,2,true,false,false,"",67,sms,rob2tel,62
"334030","2026-09-17","01",true,GW_ROBOT_TELCEL_SENDER,3,3,true,false,false,"",1,sms,rob2tel,8
"334030","2026-09-17","01",true,GW_ROBOT_TELCEL_SENDER,3,3,true,false,false,"",2,sms,rob2tel,16
"334030","2026-09-17","01",true,GW_ROBOT_TELCEL_SENDER,3,3,true,false,false,"",3,sms,rob2tel,11
"334030","2026-09-17","01",true,GW_ROBOT_TELCEL_SENDER,3,3,true,false,false,"",4,sms,rob2tel,11
"334030","2026-09-17","01",true,GW_ROBOT_TELCEL_SENDER,3,3,true,false,false,"",5,sms,rob2tel,4
"334030","2026-09-17","01",true,GW_ROBOT_TELCEL_SENDER,3,3,true,false,false,"",6,sms,rob2tel,5
"334030","2026-09-17","01",true,GW_ROBOT_TELCEL_SENDER,3,3,true,false,false,"",7,sms,rob2tel,2
"334030","2026-09-17","01",true,GW_ROBOT_TELCEL_SENDER,3,3,true,false,false,"",8,sms,rob2tel,4
"334030","2026-09-17","01",true,GW_ROBOT_TELCEL_SENDER,3,3,true,false,false,"",12,sms,rob2tel,1
"334030","2026-09-17","01",true,MENSAJERIA_MEXICO_OPENIP,2,1,true,false,false,"",67,sms,openipsms,23
"334030","2026-09-17","01",true,MENSAJERIA_MEXICO_OPENIP,2,2,true,false,false,"",61,sms,openipsms,1
"334030","2026-09-17","01",true,MENSAJERIA_MEXICO_OPENIP,2,2,true,false,false,"",62,sms,openipsms,3
"334030","2026-09-17","01",true,MENSAJERIA_MEXICO_OPENIP,2,2,true,false,false,"",63,sms,openipsms,4
"334030","2026-09-17","01",true,MENSAJERIA_MEXICO_OPENIP,2,2,true,false,false,"",64,sms,openipsms,6
"334030","2026-09-17","01",true,MENSAJERIA_MEXICO_OPENIP,2,2,true,false,false,"",65,sms,openipsms,4
"334030","2026-09-17","01",true,MENSAJERIA_MEXICO_OPENIP,2,2,true,false,false,"",66,sms,openipsms,2
"334030","2026-09-17","01",true,MENSAJERIA_MEXICO_OPENIP,2,2,true,false,false,"",67,sms,openipsms,3
"334030","2026-09-17","01",true,MENSAJERIA_MEXICO_OPENIP,3,1,true,false,false,"",67,sms,openipsms,22
"334030","2026-09-17","01",true,MENSAJERIA_MEXICO_OPENIP,3,2,true,false,false,"",67,sms,openipsms,22
"334030","2026-09-17","01",true,MENSAJERIA_MEXICO_OPENIP,3,3,true,false,false,"",1,sms,openipsms,2
"334030","2026-09-17","01",true,MENSAJERIA_MEXICO_OPENIP,3,3,true,false,false,"",2,sms,openipsms,4
"334030","2026-09-17","01",true,MENSAJERIA_MEXICO_OPENIP,3,3,true,false,false,"",3,sms,openipsms,7
"334030","2026-09-17","01",true,MENSAJERIA_MEXICO_OPENIP,3,3,true,false,false,"",4,sms,openipsms,3
"334030","2026-09-17","01",true,MENSAJERIA_MEXICO_OPENIP,3,3,true,false,false,"",5,sms,openipsms,3
"334030","2026-09-17","01",true,MENSAJERIA_MEXICO_OPENIP,3,3,true,false,false,"",6,sms,openipsms,1
"334030","2026-09-17","01",true,MENSAJERIA_MEXICO_OPENIP,3,3,true,false,false,"",7,sms,openipsms,2
"33404","2026-09-17","00",false,alestra,1,0,false,true,false,ESME_RINVSRCADR,130,sms,"",5
"33404","2026-09-17","01",false,alestra,1,0,false,true,false,ESME_RINVSRCADR,130,sms,"",2
"33404","2026-09-17","02",false,alestra,1,0,false,true,false,ESME_RINVSRCADR,130,sms,"",6
"33404","2026-09-17","03",false,alestra,1,0,false,true,false,ESME_RINVSRCADR,130,sms,"",3
"33404","2026-09-17","04",false,alestra,1,0,false,true,false,ESME_RINVSRCADR,50,sms,"",1
"33404","2026-09-17","04",false,alestra,1,0,false,true,false,ESME_RINVSRCADR,130,sms,"",3
"33404","2026-09-17","06",false,alestra,1,0,false,true,false,ESME_RINVSRCADR,127,sms,"",1
"33404","2026-09-17","06",false,alestra,1,0,false,true,false,ESME_RINVSRCADR,149,sms,"",5
"33404","2026-09-17","11",false,alestra,1,0,false,true,false,ESME_RINVSRCADR,10,sms,"",1
"33404","2026-09-17","11",false,alestra,1,0,false,true,false,ESME_RINVSRCADR,50,sms,"",1
"33404","2026-09-17","13",false,alestra,1,0,false,true,false,ESME_RINVSRCADR,127,sms,"",1
"33404","2026-09-17","14",false,alestra,1,0,false,true,false,ESME_RINVSRCADR,127,sms,"",1
"33404","2026-09-17","14",false,alestra,2,2,false,true,false,ESME_RINVSRCADR,29,sms,"",1
"33404","2026-09-17","14",false,alestra,2,2,false,true,false,ESME_RINVSRCADR,71,sms,"",1
"33404","2026-09-17","14",false,altanrobot,1,0,false,true,false,ESME_RINVSRCADR,133,sms,"",1
"33404","2026-09-17","14",false,altanrobot,1,0,false,true,false,ESME_RINVSRCADR,136,sms,"",1
"33404","2026-09-17","14",false,altanrobot,1,0,false,true,false,ESME_RINVSRCADR,139,sms,"",1
"33404","2026-09-17","15",false,alestra,1,0,false,true,false,ESME_RINVSRCADR,10,sms,"",1
"33404","2026-09-17","15",false,alestra,1,0,false,true,false,ESME_RINVSRCADR,50,sms,"",1
"33404","2026-09-17","15",false,alestra,1,0,false,true,false,ESME_RINVSRCADR,130,sms,"",2
"33404","2026-09-17","15",false,alestra,1,0,false,true,false,ESME_RINVSRCADR,140,sms,"",1
"33404","2026-09-17","15",false,alestra,1,0,false,true,false,ESME_RINVSRCADR,151,sms,"",1
"33404","2026-09-17","15",false,alestra,1,0,false,true,false,ESME_RINVSRCADR,157,sms,"",2
"33404","2026-09-17","15",false,alestra,1,0,false,true,false,ESME_RINVSRCADR,158,sms,"",1
"33404","2026-09-17","15",false,altanrobot,2,1,false,true,false,ESME_RINVSRCADR,153,sms,"",11
"33404","2026-09-17","15",false,altanrobot,2,2,false,true,false,ESME_RINVSRCADR,21,sms,"",5
"33404","2026-09-17","15",false,altanrobot,2,2,false,true,false,ESME_RINVSRCADR,35,sms,"",1
"33404","2026-09-17","15",false,altanrobot,2,2,false,true,false,ESME_RINVSRCADR,38,sms,"",2
"33404","2026-09-17","15",false,altanrobot,2,2,false,true,false,ESME_RINVSRCADR,40,sms,"",1
"33404","2026-09-17","15",false,altanrobot,2,2,false,true,false,ESME_RINVSRCADR,42,sms,"",1
"33404","2026-09-17","15",false,altanrobot,2,2,false,true,false,ESME_RINVSRCADR,52,sms,"",1
"334050","2026-09-17","00",true,GW_ROBOT_TELCEL_SENDER,2,1,true,false,false,"",67,sms,rob2tel,15
"334050","2026-09-17","00",true,GW_ROBOT_TELCEL_SENDER,2,2,true,false,false,"",61,sms,rob2tel,1
"334050","2026-09-17","00",true,GW_ROBOT_TELCEL_SENDER,2,2,true,false,false,"",62,sms,rob2tel,4
"334050","2026-09-17","00",true,GW_ROBOT_TELCEL_SENDER,2,2,true,false,false,"",63,sms,rob2tel,4
"334050","2026-09-17","00",true,GW_ROBOT_TELCEL_SENDER,2,2,true,false,false,"",64,sms,rob2tel,3
"334050","2026-09-17","00",true,GW_ROBOT_TELCEL_SENDER,2,2,true,false,false,"",65,sms,rob2tel,2
"334050","2026-09-17","00",true,GW_ROBOT_TELCEL_SENDER,2,2,true,false,false,"",66,sms,rob2tel,1
"334050","2026-09-17","00",true,GW_ROBOT_TELCEL_SENDER,3,1,true,false,false,"",67,sms,rob2tel,13
"334050","2026-09-17","00",true,GW_ROBOT_TELCEL_SENDER,3,2,true,false,false,"",67,sms,rob2tel,13
"334050","2026-09-17","00",true,GW_ROBOT_TELCEL_SENDER,3,3,true,false,false,"",1,sms,rob2tel,4
"334050","2026-09-17","00",true,GW_ROBOT_TELCEL_SENDER,3,3,true,false,false,"",2,sms,rob2tel,4
"334050","2026-09-17","00",true,GW_ROBOT_TELCEL_SENDER,3,3,true,false,false,"",3,sms,rob2tel,5
"334050","2026-09-17","00",true,MENSAJERIA_MEXICO_OPENIP,2,1,true,false,false,"",67,sms,openipsms,16
"334050","2026-09-17","00",true,MENSAJERIA_MEXICO_OPENIP,2,2,true,false,false,"",61,sms,openipsms,3
"334050","2026-09-17","00",true,MENSAJERIA_MEXICO_OPENIP,2,2,true,false,false,"",62,sms,openipsms,1
"334050","2026-09-17","00",true,MENSAJERIA_MEXICO_OPENIP,2,2,true,false,false,"",63,sms,openipsms,4
"334050","2026-09-17","00",true,MENSAJERIA_MEXICO_OPENIP,2,2,true,false,false,"",64,sms,openipsms,2
"334050","2026-09-17","00",true,MENSAJERIA_MEXICO_OPENIP,2,2,true,false,false,"",65,sms,openipsms,2
"334050","2026-09-17","00",true,MENSAJERIA_MEXICO_OPENIP,2,2,true,false,false,"",66,sms,openipsms,3
"334050","2026-09-17","00",true,MENSAJERIA_MEXICO_OPENIP,2,2,true,false,false,"",67,sms,openipsms,1
"334050","2026-09-17","00",true,MENSAJERIA_MEXICO_OPENIP,3,1,true,false,false,"",67,sms,openipsms,23
"334050","2026-09-17","00",true,MENSAJERIA_MEXICO_OPENIP,3,2,true,false,false,"",67,sms,openipsms,23
"334050","2026-09-17","00",true,MENSAJERIA_MEXICO_OPENIP,3,3,true,false,false,"",1,sms,openipsms,3
"334050","2026-09-17","00",true,MENSAJERIA_MEXICO_OPENIP,3,3,true,false,false,"",2,sms,openipsms,5
"334050","2026-09-17","00",true,MENSAJERIA_MEXICO_OPENIP,3,3,true,false,false,"",3,sms,openipsms,8
"334050","2026-09-17","00",true,MENSAJERIA_MEXICO_OPENIP,3,3,true,false,false,"",4,sms,openipsms,3
"334050","2026-09-17","00",true,MENSAJERIA_MEXICO_OPENIP,3,3,true,false,false,"",5,sms,openipsms,1
"334050","2026-09-17","00",true,MENSAJERIA_MEXICO_OPENIP,3,3,true,false,false,"",6,sms,openipsms,2
"334050","2026-09-17","00",true,MENSAJERIA_MEXICO_OPENIP,3,3,true,false,false,"",7,sms,openipsms,1
"334050","2026-09-17","01",true,GW_ROBOT_TELCEL_SENDER,2,1,true,false,false,"",67,sms,rob2tel,56
"334050","2026-09-17","01",true,GW_ROBOT_TELCEL_SENDER,2,2,true,false,false,"",60,sms,rob2tel,2
"334050","2026-09-17","01",true,GW_ROBOT_TELCEL_SENDER,2,2,true,false,false,"",61,sms,rob2tel,4
"334050","2026-09-17","01",true,GW_ROBOT_TELCEL_SENDER,2,2,true,false,false,"",62,sms,rob2tel,9
"334050","2026-09-17","01",true,GW_ROBOT_TELCEL_SENDER,2,2,true,false,false,"",63,sms,rob2tel,14
"334050","2026-09-17","01",true,GW_ROBOT_TELCEL_SENDER,2,2,true,false,false,"",64,sms,rob2tel,10
"334050","2026-09-17","01",true,GW_ROBOT_TELCEL_SENDER,2,2,true,false,false,"",65,sms,rob2tel,5
"334050","2026-09-17","01",true,GW_ROBOT_TELCEL_SENDER,2,2,true,false,false,"",66,sms,rob2tel,5
"334050","2026-09-17","01",true,GW_ROBOT_TELCEL_SENDER,2,2,true,false,false,"",67,sms,rob2tel,7
"334050","2026-09-17","01",true,GW_ROBOT_TELCEL_SENDER,3,1,true,false,false,"",67,sms,rob2tel,78
"334050","2026-09-17","01",true,GW_ROBOT_TELCEL_SENDER,3,2,true,false,false,"",67,sms,rob2tel,78
"334050","2026-09-17","01",true,GW_ROBOT_TELCEL_SENDER,3,3,true,false,false,"",1,sms,rob2tel,15
"334050","2026-09-17","01",true,GW_ROBOT_TELCEL_SENDER,3,3,true,false,false,"",2,sms,rob2tel,14
"334050","2026-09-17","01",true,GW_ROBOT_TELCEL_SENDER,3,3,true,false,false,"",3,sms,rob2tel,15
"334050","2026-09-17","01",true,GW_ROBOT_TELCEL_SENDER,3,3,true,false,false,"",4,sms,rob2tel,18
"334050","2026-09-17","01",true,GW_ROBOT_TELCEL_SENDER,3,3,true,false,false,"",5,sms,rob2tel,8
"334050","2026-09-17","01",true,GW_ROBOT_TELCEL_SENDER,3,3,true,false,false,"",6,sms,rob2tel,4
"334050","2026-09-17","01",true,GW_ROBOT_TELCEL_SENDER,3,3,true,false,false,"",7,sms,rob2tel,1
"334050","2026-09-17","01",true,GW_ROBOT_TELCEL_SENDER,3,3,true,false,false,"",8,sms,rob2tel,1
"334050","2026-09-17","01",true,GW_ROBOT_TELCEL_SENDER,3,3,true,false,false,"",13,sms,rob2tel,1
"334050","2026-09-17","01",true,GW_ROBOT_TELCEL_SENDER,3,3,true,false,false,"",15,sms,rob2tel,1
"334050","2026-09-17","01",true,MENSAJERIA_MEXICO_OPENIP,2,1,true,false,false,"",67,sms,openipsms,64
"334050","2026-09-17","01",true,MENSAJERIA_MEXICO_OPENIP,2,2,true,false,false,"",61,sms,openipsms,4
"334050","2026-09-17","01",true,MENSAJERIA_MEXICO_OPENIP,2,2,true,false,false,"",62,sms,openipsms,7
"334050","2026-09-17","01",true,MENSAJERIA_MEXICO_OPENIP,2,2,true,false,false,"",63,sms,openipsms,20
"334050","2026-09-17","01",true,MENSAJERIA_MEXICO_OPENIP,2,2,true,false,false,"",64,sms,openipsms,14
"334050","2026-09-17","01",true,MENSAJERIA_MEXICO_OPENIP,2,2,true,false,false,"",65,sms,openipsms,5
"334050","2026-09-17","01",true,MENSAJERIA_MEXICO_OPENIP,2,2,true,false,false,"",66,sms,openipsms,6
"334050","2026-09-17","01",true,MENSAJERIA_MEXICO_OPENIP,2,2,true,false,false,"",67,sms,openipsms,8
"334050","2026-09-17","01",true,MENSAJERIA_MEXICO_OPENIP,3,1,true,false,false,"",67,sms,openipsms,90
"334050","2026-09-17","01",true,MENSAJERIA_MEXICO_OPENIP,3,2,true,false,false,"",67,sms,openipsms,90
"334050","2026-09-17","01",true,MENSAJERIA_MEXICO_OPENIP,3,3,true,false,false,"",1,sms,openipsms,16
"334050","2026-09-17","01",true,MENSAJERIA_MEXICO_OPENIP,3,3,true,false,false,"",2,sms,openipsms,23
"334050","2026-09-17","01",true,MENSAJERIA_MEXICO_OPENIP,3,3,true,false,false,"",3,sms,openipsms,13
"334050","2026-09-17","01",true,MENSAJERIA_MEXICO_OPENIP,3,3,true,false,false,"",4,sms,openipsms,10
"334050","2026-09-17","01",true,MENSAJERIA_MEXICO_OPENIP,3,3,true,false,false,"",5,sms,openipsms,12
"334050","2026-09-17","01",true,MENSAJERIA_MEXICO_OPENIP,3,3,true,false,false,"",6,sms,openipsms,7
"334050","2026-09-17","01",true,MENSAJERIA_MEXICO_OPENIP,3,3,true,false,false,"",7,sms,openipsms,4
"334050","2026-09-17","01",true,MENSAJERIA_MEXICO_OPENIP,3,3,true,false,false,"",8,sms,openipsms,2
"334050","2026-09-17","01",true,MENSAJERIA_MEXICO_OPENIP,3,3,true,false,false,"",9,sms,openipsms,1
"334050","2026-09-17","01",true,MENSAJERIA_MEXICO_OPENIP,3,3,true,false,false,"",10,sms,openipsms,1
"334050","2026-09-17","01",true,MENSAJERIA_MEXICO_OPENIP,3,3,true,false,false,"",11,sms,openipsms,1
"334070","2026-09-17","00",false,alestra,1,0,false,true,false,ESME_RINVSRCADR,14,sms,"",1
"334070","2026-09-17","00",false,alestra,1,0,false,true,false,ESME_RINVSRCADR,137,sms,"",1
"334070","2026-09-17","00",false,movistarrob,1,0,false,true,false,ESME_RINVDSTADR,141,flash,"",2
"334070","2026-09-17","00",false,movistarrob,1,0,false,true,false,ESME_RINVDSTADR,142,flash,"",1
"334070","2026-09-17","02",false,alestra,1,0,false,true,false,ESME_RINVSRCADR,130,sms,"",1
"334070","2026-09-17","03",false,alestra,1,0,false,true,false,ESME_RINVSRCADR,130,sms,"",2
"334070","2026-09-17","04",false,alestra,1,0,false,true,false,ESME_RINVSRCADR,130,sms,"",1
"334070","2026-09-17","05",false,alestra,1,0,false,true,false,ESME_RINVSRCADR,50,sms,"",1
"334070","2026-09-17","06",false,alestra,1,0,false,true,false,ESME_RINVSRCADR,50,sms,"",1
"334070","2026-09-17","06",false,alestra,1,0,false,true,false,ESME_RINVSRCADR,127,sms,"",1
"334070","2026-09-17","06",false,alestra,1,0,false,true,false,ESME_RINVSRCADR,149,sms,"",3
"334070","2026-09-17","13",false,alestra,1,0,false,true,false,ESME_RINVSRCADR,127,sms,"",2
"334070","2026-09-17","14",false,alestra,1,0,false,true,false,ESME_RINVSRCADR,127,sms,"",2
"334070","2026-09-17","14",false,altanrobot,1,0,false,true,false,ESME_RINVSRCADR,135,sms,"",1
"334070","2026-09-17","14",false,altanrobot,1,0,false,true,false,ESME_RINVSRCADR,136,sms,"",1
"334070","2026-09-17","14",false,altanrobot,1,0,false,true,false,ESME_RINVSRCADR,137,sms,"",1
"334070","2026-09-17","14",false,altanrobot,1,0,false,true,false,ESME_RINVSRCADR,141,sms,"",1
"334070","2026-09-17","14",false,movistarrob,1,0,false,true,false,ESME_RINVDSTADR,130,flash,"",1
"334070","2026-09-17","14",false,movistarrob,1,0,false,true,false,ESME_RINVDSTADR,147,flash,"",1
"334070","2026-09-17","14",false,movistarrob,1,0,false,true,false,ESME_RINVDSTADR,151,flash,"",3
"334070","2026-09-17","14",false,movistarrob,1,0,false,true,false,ESME_RINVDSTADR,152,flash,"",2
"334070","2026-09-17","14",false,movistarrob,1,0,false,true,false,ESME_RINVDSTADR,155,flash,"",1
"334070","2026-09-17","15",false,alestra,1,0,false,true,false,ESME_RINVSRCADR,130,sms,"",1
"334070","2026-09-17","15",false,alestra,1,0,false,true,false,ESME_RINVSRCADR,143,sms,"",1
"334070","2026-09-17","15",false,alestra,1,0,false,true,false,ESME_RINVSRCADR,151,sms,"",1
"334070","2026-09-17","15",false,altanrobot,2,1,false,true,false,ESME_RINVSRCADR,153,sms,"",4
"334070","2026-09-17","15",false,altanrobot,2,2,false,true,false,ESME_RINVSRCADR,42,sms,"",2
"334070","2026-09-17","15",false,altanrobot,2,2,false,true,false,ESME_RINVSRCADR,53,sms,"",2
"334070","2026-09-17","15",false,movistarrob,1,0,false,true,false,ESME_RINVDSTADR,130,sms,"",3
"334070","2026-09-17","15",false,movistarrob,1,0,false,true,false,ESME_RINVDSTADR,135,flash,"",1
"334070","2026-09-17","15",false,movistarrob,1,0,false,true,false,ESME_RINVDSTADR,137,flash,"",1
"334070","2026-09-17","15",false,movistarrob,1,0,false,true,false,ESME_RINVDSTADR,146,flash,"",1
"334070","2026-09-17","15",false,movistarrob,1,0,false,true,false,ESME_RINVDSTADR,150,flash,"",1
"334140","2026-09-17","00",true,GW_ROBOT_TELCEL_SENDER,2,1,true,false,false,"",67,sms,rob2tel,3
"334140","2026-09-17","00",true,GW_ROBOT_TELCEL_SENDER,2,2,true,false,false,"",61,sms,rob2tel,1
"334140","2026-09-17","00",true,GW_ROBOT_TELCEL_SENDER,2,2,true,false,false,"",64,sms,rob2tel,1
"334140","2026-09-17","00",true,GW_ROBOT_TELCEL_SENDER,2,2,true,false,false,"",67,sms,rob2tel,1
"334140","2026-09-17","00",true,GW_ROBOT_TELCEL_SENDER,3,1,true,false,false,"",67,sms,rob2tel,5
"334140","2026-09-17","00",true,GW_ROBOT_TELCEL_SENDER,3,2,true,false,false,"",67,sms,rob2tel,5
"334140","2026-09-17","00",true,GW_ROBOT_TELCEL_SENDER,3,3,true,false,false,"",2,sms,rob2tel,4
"334140","2026-09-17","00",true,GW_ROBOT_TELCEL_SENDER,3,3,true,false,false,"",4,sms,rob2tel,1
"334140","2026-09-17","00",true,MENSAJERIA_MEXICO_OPENIP,2,1,true,false,false,"",67,sms,openipsms,9
"334140","2026-09-17","00",true,MENSAJERIA_MEXICO_OPENIP,2,2,true,false,false,"",60,sms,openipsms,1
"334140","2026-09-17","00",true,MENSAJERIA_MEXICO_OPENIP,2,2,true,false,false,"",61,sms,openipsms,1
"334140","2026-09-17","00",true,MENSAJERIA_MEXICO_OPENIP,2,2,true,false,false,"",64,sms,openipsms,1
"334140","2026-09-17","00",true,MENSAJERIA_MEXICO_OPENIP,2,2,true,false,false,"",65,sms,openipsms,2
"334140","2026-09-17","00",true,MENSAJERIA_MEXICO_OPENIP,2,2,true,false,false,"",66,sms,openipsms,3
"334140","2026-09-17","00",true,MENSAJERIA_MEXICO_OPENIP,2,2,true,false,false,"",67,sms,openipsms,1
"334140","2026-09-17","00",true,MENSAJERIA_MEXICO_OPENIP,3,1,true,false,false,"",67,sms,openipsms,8
"334140","2026-09-17","00",true,MENSAJERIA_MEXICO_OPENIP,3,2,true,false,false,"",67,sms,openipsms,8
"334140","2026-09-17","00",true,MENSAJERIA_MEXICO_OPENIP,3,3,true,false,false,"",1,sms,openipsms,1
"334140","2026-09-17","00",true,MENSAJERIA_MEXICO_OPENIP,3,3,true,false,false,"",3,sms,openipsms,1
"334140","2026-09-17","00",true,MENSAJERIA_MEXICO_OPENIP,3,3,true,false,false,"",4,sms,openipsms,3
"334140","2026-09-17","00",true,MENSAJERIA_MEXICO_OPENIP,3,3,true,false,false,"",5,sms,openipsms,3
"334140","2026-09-17","01",true,GW_ROBOT_TELCEL_SENDER,2,1,true,false,false,"",67,sms,rob2tel,12
"334140","2026-09-17","01",true,GW_ROBOT_TELCEL_SENDER,2,2,true,false,false,"",61,sms,rob2tel,1
"334140","2026-09-17","01",true,GW_ROBOT_TELCEL_SENDER,2,2,true,false,false,"",62,sms,rob2tel,3
"334140","2026-09-17","01",true,GW_ROBOT_TELCEL_SENDER,2,2,true,false,false,"",63,sms,rob2tel,2
"334140","2026-09-17","01",true,GW_ROBOT_TELCEL_SENDER,2,2,true,false,false,"",64,sms,rob2tel,2
"334140","2026-09-17","01",true,GW_ROBOT_TELCEL_SENDER,2,2,true,false,false,"",66,sms,rob2tel,2
"334140","2026-09-17","01",true,GW_ROBOT_TELCEL_SENDER,2,2,true,false,false,"",67,sms,rob2tel,2
"334140","2026-09-17","01",true,GW_ROBOT_TELCEL_SENDER,3,1,true,false,false,"",67,sms,rob2tel,15
"334140","2026-09-17","01",true,GW_ROBOT_TELCEL_SENDER,3,2,true,false,false,"",67,sms,rob2tel,15
"334140","2026-09-17","01",true,GW_ROBOT_TELCEL_SENDER,3,3,true,false,false,"",2,sms,rob2tel,5
"334140","2026-09-17","01",true,GW_ROBOT_TELCEL_SENDER,3,3,true,false,false,"",3,sms,rob2tel,2
"334140","2026-09-17","01",true,GW_ROBOT_TELCEL_SENDER,3,3,true,false,false,"",4,sms,rob2tel,4
"334140","2026-09-17","01",true,GW_ROBOT_TELCEL_SENDER,3,3,true,false,false,"",5,sms,rob2tel,3
"334140","2026-09-17","01",true,GW_ROBOT_TELCEL_SENDER,3,3,true,false,false,"",7,sms,rob2tel,1
"334140","2026-09-17","01",true,MENSAJERIA_MEXICO_OPENIP,2,1,true,false,false,"",67,sms,openipsms,19
"334140","2026-09-17","01",true,MENSAJERIA_MEXICO_OPENIP,2,2,true,false,false,"",61,sms,openipsms,1
"334140","2026-09-17","01",true,MENSAJERIA_MEXICO_OPENIP,2,2,true,false,false,"",62,sms,openipsms,1
"334140","2026-09-17","01",true,MENSAJERIA_MEXICO_OPENIP,2,2,true,false,false,"",63,sms,openipsms,4
"334140","2026-09-17","01",true,MENSAJERIA_MEXICO_OPENIP,2,2,true,false,false,"",64,sms,openipsms,7
"334140","2026-09-17","01",true,MENSAJERIA_MEXICO_OPENIP,2,2,true,false,false,"",66,sms,openipsms,2
"334140","2026-09-17","01",true,MENSAJERIA_MEXICO_OPENIP,2,2,true,false,false,"",67,sms,openipsms,4
"334140","2026-09-17","01",true,MENSAJERIA_MEXICO_OPENIP,3,1,true,false,false,"",67,sms,openipsms,16
"334140","2026-09-17","01",true,MENSAJERIA_MEXICO_OPENIP,3,2,true,false,false,"",67,sms,openipsms,16
"334140","2026-09-17","01",true,MENSAJERIA_MEXICO_OPENIP,3,3,true,false,false,"",1,sms,openipsms,1
"334140","2026-09-17","01",true,MENSAJERIA_MEXICO_OPENIP,3,3,true,false,false,"",2,sms,openipsms,5
"334140","2026-09-17","01",true,MENSAJERIA_MEXICO_OPENIP,3,3,true,false,false,"",3,sms,openipsms,4
"334140","2026-09-17","01",true,MENSAJERIA_MEXICO_OPENIP,3,3,true,false,false,"",4,sms,openipsms,3
"334140","2026-09-17","01",true,MENSAJERIA_MEXICO_OPENIP,3,3,true,false,false,"",6,sms,openipsms,2
"334140","2026-09-17","01",true,MENSAJERIA_MEXICO_OPENIP,3,3,true,false,false,"",7,sms,openipsms,1
"334150","2026-09-17","00",true,MENSAJERIA_MEXICO_OPENIP,2,1,true,false,false,"",67,sms,openipsms,14
"334150","2026-09-17","00",true,MENSAJERIA_MEXICO_OPENIP,2,2,true,false,false,"",61,sms,openipsms,4
"334150","2026-09-17","00",true,MENSAJERIA_MEXICO_OPENIP,2,2,true,false,false,"",62,sms,openipsms,2
"334150","2026-09-17","00",true,MENSAJERIA_MEXICO_OPENIP,2,2,true,false,false,"",63,sms,openipsms,2
"334150","2026-09-17","00",true,MENSAJERIA_MEXICO_OPENIP,2,2,true,false,false,"",64,sms,openipsms,2
"334150","2026-09-17","00",true,MENSAJERIA_MEXICO_OPENIP,2,2,true,false,false,"",65,sms,openipsms,1
"334150","2026-09-17","00",true,MENSAJERIA_MEXICO_OPENIP,2,2,true,false,false,"",66,sms,openipsms,2
"334150","2026-09-17","00",true,MENSAJERIA_MEXICO_OPENIP,2,2,true,false,false,"",67,sms,openipsms,1
"334150","2026-09-17","00",true,MENSAJERIA_MEXICO_OPENIP,3,1,true,false,false,"",67,sms,openipsms,9
"334150","2026-09-17","00",true,MENSAJERIA_MEXICO_OPENIP,3,2,true,false,false,"",67,sms,openipsms,9
"334150","2026-09-17","00",true,MENSAJERIA_MEXICO_OPENIP,3,3,true,false,false,"",1,sms,openipsms,2
"334150","2026-09-17","00",true,MENSAJERIA_MEXICO_OPENIP,3,3,true,false,false,"",3,sms,openipsms,2
"334150","2026-09-17","00",true,MENSAJERIA_MEXICO_OPENIP,3,3,true,false,false,"",4,sms,openipsms,1
"334150","2026-09-17","00",true,MENSAJERIA_MEXICO_OPENIP,3,3,true,false,false,"",5,sms,openipsms,1
"334150","2026-09-17","00",true,MENSAJERIA_MEXICO_OPENIP,3,3,true,false,false,"",6,sms,openipsms,2
"334150","2026-09-17","00",true,MENSAJERIA_MEXICO_OPENIP,3,3,true,false,false,"",9,sms,openipsms,1
"334150","2026-09-17","01",true,MENSAJERIA_MEXICO_OPENIP,2,1,true,false,false,"",67,sms,openipsms,29
"334150","2026-09-17","01",true,MENSAJERIA_MEXICO_OPENIP,2,2,true,false,false,"",61,sms,openipsms,3
"334150","2026-09-17","01",true,MENSAJERIA_MEXICO_OPENIP,2,2,true,false,false,"",62,sms,openipsms,5
"334150","2026-09-17","01",true,MENSAJERIA_MEXICO_OPENIP,2,2,true,false,false,"",63,sms,openipsms,4
"334150","2026-09-17","01",true,MENSAJERIA_MEXICO_OPENIP,2,2,true,false,false,"",64,sms,openipsms,7
"334150","2026-09-17","01",true,MENSAJERIA_MEXICO_OPENIP,2,2,true,false,false,"",65,sms,openipsms,3
"334150","2026-09-17","01",true,MENSAJERIA_MEXICO_OPENIP,2,2,true,false,false,"",66,sms,openipsms,2
"334150","2026-09-17","01",true,MENSAJERIA_MEXICO_OPENIP,2,2,true,false,false,"",67,sms,openipsms,5
"334150","2026-09-17","01",true,MENSAJERIA_MEXICO_OPENIP,3,1,true,false,false,"",67,sms,openipsms,52
"334150","2026-09-17","01",true,MENSAJERIA_MEXICO_OPENIP,3,2,true,false,false,"",67,sms,openipsms,52
"334150","2026-09-17","01",true,MENSAJERIA_MEXICO_OPENIP,3,3,true,false,false,"",1,sms,openipsms,7
"334150","2026-09-17","01",true,MENSAJERIA_MEXICO_OPENIP,3,3,true,false,false,"",2,sms,openipsms,11
"334150","2026-09-17","01",true,MENSAJERIA_MEXICO_OPENIP,3,3,true,false,false,"",3,sms,openipsms,10
"334150","2026-09-17","01",true,MENSAJERIA_MEXICO_OPENIP,3,3,true,false,false,"",4,sms,openipsms,10
"334150","2026-09-17","01",true,MENSAJERIA_MEXICO_OPENIP,3,3,true,false,false,"",5,sms,openipsms,6
"334150","2026-09-17","01",true,MENSAJERIA_MEXICO_OPENIP,3,3,true,false,false,"",6,sms,openipsms,4
"334150","2026-09-17","01",true,MENSAJERIA_MEXICO_OPENIP,3,3,true,false,false,"",7,sms,openipsms,2
"334150","2026-09-17","01",true,MENSAJERIA_MEXICO_OPENIP,3,3,true,false,false,"",8,sms,openipsms,2
"732101","2026-09-17","00",false,WOM-COLOMBIA,1,0,false,true,false,ESME_RINVSRCADR,106,sms,wom_sms,20
"732101","2026-09-17","00",false,WOM-COLOMBIA,1,0,false,true,false,ESME_RINVSRCADR,108,sms,wom_sms,24
"732101","2026-09-17","00",false,WOM-OTP-COLOMBIA-MED,4,1,true,true,false,ESME_RINVDSTADR,67,sms,wom_sms,1
"732101","2026-09-17","00",false,WOM-OTP-COLOMBIA-MED,4,1,true,true,false,ESME_RSUBMITFAIL,67,sms,wom_sms,1
"732101","2026-09-17","00",false,WOM-OTP-COLOMBIA-MED,4,2,true,true,false,ESME_RINVDSTADR,67,sms,wom_sms,1
"732101","2026-09-17","00",false,WOM-OTP-COLOMBIA-MED,4,2,true,true,false,ESME_RSUBMITFAIL,67,sms,wom_sms,1
"732101","2026-09-17","00",false,WOM-OTP-COLOMBIA-MED,4,3,true,true,false,ESME_RINVDSTADR,67,sms,wom_sms,1
"732101","2026-09-17","00",false,WOM-OTP-COLOMBIA-MED,4,3,true,true,false,ESME_RSUBMITFAIL,67,sms,wom_sms,1
"732101","2026-09-17","00",false,WOM-OTP-COLOMBIA-MED,4,4,true,true,false,ESME_RINVDSTADR,9,sms,wom_sms,1
"732101","2026-09-17","00",false,WOM-OTP-COLOMBIA-MED,4,4,true,true,false,ESME_RSUBMITFAIL,9,sms,wom_sms,1
"732101","2026-09-17","00",false,WOM-OTP-COLOMBIA-MED,4,4,true,true,false,ESME_RTHROTTLED,9,sms,wom_sms,1
"732101","2026-09-17","00",true,WOM-COLOMBIA,1,0,false,false,false,"",106,sms,wom_sms,27
"732101","2026-09-17","00",true,WOM-COLOMBIA,1,0,false,false,false,"",108,sms,wom_sms,23
"732101","2026-09-17","00",true,WOM-COLOMBIA,1,0,false,false,false,"",118,sms,wom_sms,1
"732101","2026-09-17","00",true,WOM-COLOMBIA,1,0,false,false,false,"",119,sms,wom_sms,1
"732101","2026-09-17","00",true,WOM-OTP-COLOMBIA-MED,1,0,false,false,false,"",33,sms,wom_sms,8
"732101","2026-09-17","00",true,WOM-OTP-COLOMBIA-MED,1,0,false,false,false,"",48,sms,wom_sms,2
"732101","2026-09-17","00",true,WOM-OTP-COLOMBIA-MED,1,0,false,false,false,"",51,sms,wom_sms,2
"732101","2026-09-17","00",true,WOM-OTP-COLOMBIA-MED,1,0,false,false,false,"",55,sms,wom_sms,2
"732101","2026-09-17","00",true,WOM-OTP-COLOMBIA-MED,1,0,false,false,false,"",75,sms,wom_sms,3
"732101","2026-09-17","00",true,WOM-OTP-COLOMBIA-MED,1,0,false,false,false,"",76,sms,wom_sms,4
"732101","2026-09-17","00",true,WOM-OTP-COLOMBIA-MED,1,0,false,false,false,"",77,sms,wom_sms,6
"732101","2026-09-17","00",true,WOM-OTP-COLOMBIA-MED,1,0,false,false,false,"",78,sms,wom_sms,3
"732101","2026-09-17","00",true,WOM-OTP-COLOMBIA-MED,1,0,false,false,false,"",79,sms,wom_sms,2
"732101","2026-09-17","00",true,WOM-OTP-COLOMBIA-MED,1,0,false,false,false,"",80,sms,wom_sms,2
"732101","2026-09-17","00",true,WOM-OTP-COLOMBIA-MED,1,0,false,false,false,"",81,sms,wom_sms,1
"732101","2026-09-17","00",true,WOM-OTP-COLOMBIA-MED,1,0,false,false,false,"",82,sms,wom_sms,3
"732101","2026-09-17","00",true,WOM-OTP-COLOMBIA-MED,1,0,false,false,false,"",83,sms,wom_sms,2
"732101","2026-09-17","00",true,WOM-OTP-COLOMBIA-MED,1,0,false,false,false,"",84,sms,wom_sms,1
"732101","2026-09-17","00",true,WOM-OTP-COLOMBIA-MED,1,0,false,false,false,"",85,sms,wom_sms,13
"732101","2026-09-17","00",true,WOM-OTP-COLOMBIA-MED,1,0,false,false,false,"",86,sms,wom_sms,1
"732101","2026-09-17","00",true,WOM-OTP-COLOMBIA-MED,1,0,false,false,false,"",87,sms,wom_sms,1
"732101","2026-09-17","00",true,WOM-OTP-COLOMBIA-MED,1,0,false,false,false,"",88,sms,wom_sms,1
"732101","2026-09-17","00",true,WOM-OTP-COLOMBIA-MED,1,0,false,false,false,"",93,sms,wom_sms,1
"732101","2026-09-17","00",true,WOM-OTP-COLOMBIA-MED,1,0,false,false,false,"",100,sms,wom_sms,15
"732101","2026-09-17","00",true,WOM-OTP-COLOMBIA-MED,1,0,false,false,false,"",102,sms,wom_sms,2
"732101","2026-09-17","00",true,WOM-OTP-COLOMBIA-MED,1,0,false,false,false,"",104,sms,wom_sms,18
"732101","2026-09-17","00",true,WOM-OTP-COLOMBIA-MED,1,0,false,false,false,"",113,sms,wom_sms,3
"732101","2026-09-17","00",true,WOM-OTP-COLOMBIA-MED,1,0,false,false,false,"",115,sms,wom_sms,2
"732101","2026-09-17","00",true,WOM-OTP-COLOMBIA-MED,1,0,false,false,false,"",116,sms,wom_sms,1
"732101","2026-09-17","00",true,WOM-OTP-COLOMBIA-MED,1,0,false,false,false,"",117,sms,wom_sms,1
"732101","2026-09-17","00",true,WOM-OTP-COLOMBIA-MED,1,0,false,false,false,"",120,sms,wom_sms,1
"732101","2026-09-17","00",true,WOM-OTP-COLOMBIA-MED,1,0,false,false,false,"",126,sms,wom_sms,1
"732101","2026-09-17","00",true,WOM-OTP-COLOMBIA-MED,1,0,false,false,false,"",128,sms,wom_sms,13
"732101","2026-09-17","00",true,WOM-OTP-COLOMBIA-MED,1,0,false,false,false,"",134,sms,wom_sms,5
"732101","2026-09-17","00",true,WOM-OTP-COLOMBIA-MED,1,0,false,false,false,"",135,sms,wom_sms,5
"732101","2026-09-17","00",true,WOM-OTP-COLOMBIA-MED,1,0,false,false,false,"",136,sms,wom_sms,1
"732101","2026-09-17","00",true,WOM-OTP-COLOMBIA-MED,1,0,false,false,false,"",137,sms,wom_sms,5
"732101","2026-09-17","00",true,WOM-OTP-COLOMBIA-MED,1,0,false,false,false,"",138,sms,wom_sms,5
"732101","2026-09-17","00",true,WOM-OTP-COLOMBIA-MED,1,0,false,false,false,"",139,sms,wom_sms,1
"732101","2026-09-17","00",true,WOM-OTP-COLOMBIA-MED,1,0,false,false,false,"",140,sms,wom_sms,10
"732101","2026-09-17","00",true,WOM-OTP-COLOMBIA-MED,1,0,false,false,false,"",141,sms,wom_sms,9
"732101","2026-09-17","00",true,WOM-OTP-COLOMBIA-MED,1,0,false,false,false,"",144,sms,wom_sms,1
"732101","2026-09-17","00",true,WOM-OTP-COLOMBIA-MED,1,0,false,false,false,"",145,sms,wom_sms,1
"732101","2026-09-17","00",true,WOM-OTP-COLOMBIA-MED,1,0,false,false,false,"",146,sms,wom_sms,3
"732101","2026-09-17","00",true,WOM-OTP-COLOMBIA-MED,1,0,false,false,false,"",148,sms,wom_sms,3
"732101","2026-09-17","00",true,WOM-OTP-COLOMBIA-MED,1,0,false,false,false,"",149,sms,wom_sms,2
"732101","2026-09-17","00",true,WOM-OTP-COLOMBIA-MED,1,0,false,false,false,"",154,sms,wom_sms,2
"732101","2026-09-17","00",true,WOM-OTP-COLOMBIA-MED,4,1,true,false,false,"",67,sms,wom_sms,2619
"732101","2026-09-17","00",true,WOM-OTP-COLOMBIA-MED,4,2,true,false,false,"",67,sms,wom_sms,2619
"732101","2026-09-17","00",true,WOM-OTP-COLOMBIA-MED,4,3,true,false,false,"",67,sms,wom_sms,2618
"732101","2026-09-17","00",true,WOM-OTP-COLOMBIA-MED,4,4,true,false,false,"",9,sms,wom_sms,2618
"732101","2026-09-17","01",false,WOM-COLOMBIA,1,0,false,true,false,ESME_RINVSRCADR,106,sms,wom_sms,27
"732101","2026-09-17","01",false,WOM-COLOMBIA,1,0,false,true,false,ESME_RINVSRCADR,108,sms,wom_sms,15
"732101","2026-09-17","01",true,WOM-COLOMBIA,1,0,false,false,false,"",105,sms,wom_sms,2
"732101","2026-09-17","01",true,WOM-COLOMBIA,1,0,false,false,false,"",106,sms,wom_sms,27
"732101","2026-09-17","01",true,WOM-COLOMBIA,1,0,false,false,false,"",108,sms,wom_sms,25
"732101","2026-09-17","01",true,WOM-COLOMBIA,1,0,false,false,false,"",118,sms,wom_sms,2
"732101","2026-09-17","01",true,WOM-COLOMBIA,1,0,false,false,false,"",119,sms,wom_sms,1
"732101","2026-09-17","01",true,WOM-COLOMBIA,1,0,false,false,false,"",125,sms,wom_sms,1
"732101","2026-09-17","01",true,WOM-OTP-COLOMBIA-MED,1,0,false,false,false,"",33,sms,wom_sms,11
"732101","2026-09-17","01",true,WOM-OTP-COLOMBIA-MED,1,0,false,false,false,"",49,sms,wom_sms,4
"732101","2026-09-17","01",true,WOM-OTP-COLOMBIA-MED,1,0,false,false,false,"",54,sms,wom_sms,1
"732101","2026-09-17","01",true,WOM-OTP-COLOMBIA-MED,1,0,false,false,false,"",74,sms,wom_sms,1
"732101","2026-09-17","01",true,WOM-OTP-COLOMBIA-MED,1,0,false,false,false,"",75,sms,wom_sms,5
"732101","2026-09-17","01",true,WOM-OTP-COLOMBIA-MED,1,0,false,false,false,"",76,sms,wom_sms,5
"732101","2026-09-17","01",true,WOM-OTP-COLOMBIA-MED,1,0,false,false,false,"",77,sms,wom_sms,9
"732101","2026-09-17","01",true,WOM-OTP-COLOMBIA-MED,1,0,false,false,false,"",78,sms,wom_sms,2
"732101","2026-09-17","01",true,WOM-OTP-COLOMBIA-MED,1,0,false,false,false,"",79,sms,wom_sms,5
"732101","2026-09-17","01",true,WOM-OTP-COLOMBIA-MED,1,0,false,false,false,"",80,sms,wom_sms,8
"732101","2026-09-17","01",true,WOM-OTP-COLOMBIA-MED,1,0,false,false,false,"",81,sms,wom_sms,3
"732101","2026-09-17","01",true,WOM-OTP-COLOMBIA-MED,1,0,false,false,false,"",82,sms,wom_sms,1
"732101","2026-09-17","01",true,WOM-OTP-COLOMBIA-MED,1,0,false,false,false,"",83,sms,wom_sms,5
"732101","2026-09-17","01",true,WOM-OTP-COLOMBIA-MED,1,0,false,false,false,"",84,sms,wom_sms,1
"732101","2026-09-17","01",true,WOM-OTP-COLOMBIA-MED,1,0,false,false,false,"",85,sms,wom_sms,6
"732101","2026-09-17","01",true,WOM-OTP-COLOMBIA-MED,1,0,false,false,false,"",86,sms,wom_sms,1
"732101","2026-09-17","01",true,WOM-OTP-COLOMBIA-MED,1,0,false,false,false,"",88,sms,wom_sms,1
"732101","2026-09-17","01",true,WOM-OTP-COLOMBIA-MED,1,0,false,false,false,"",100,sms,wom_sms,11
"732101","2026-09-17","01",true,WOM-OTP-COLOMBIA-MED,1,0,false,false,false,"",102,sms,wom_sms,4
"732101","2026-09-17","01",true,WOM-OTP-COLOMBIA-MED,1,0,false,false,false,"",104,sms,wom_sms,22
"732101","2026-09-17","01",true,WOM-OTP-COLOMBIA-MED,1,0,false,false,false,"",113,sms,wom_sms,2
"732101","2026-09-17","01",true,WOM-OTP-COLOMBIA-MED,1,0,false,false,false,"",115,sms,wom_sms,4
"732101","2026-09-17","01",true,WOM-OTP-COLOMBIA-MED,1,0,false,false,false,"",128,sms,wom_sms,9
"732101","2026-09-17","01",true,WOM-OTP-COLOMBIA-MED,1,0,false,false,false,"",134,sms,wom_sms,5
"732101","2026-09-17","01",true,WOM-OTP-COLOMBIA-MED,1,0,false,false,false,"",135,sms,wom_sms,3
"732101","2026-09-17","01",true,WOM-OTP-COLOMBIA-MED,1,0,false,false,false,"",136,sms,wom_sms,1
"732101","2026-09-17","01",true,WOM-OTP-COLOMBIA-MED,1,0,false,false,false,"",137,sms,wom_sms,7
"732101","2026-09-17","01",true,WOM-OTP-COLOMBIA-MED,1,0,false,false,false,"",141,sms,wom_sms,1
"732101","2026-09-17","01",true,WOM-OTP-COLOMBIA-MED,1,0,false,false,false,"",146,sms,wom_sms,1
"732101","2026-09-17","01",true,WOM-OTP-COLOMBIA-MED,1,0,false,false,false,"",148,sms,wom_sms,3
"732101","2026-09-17","01",true,WOM-OTP-COLOMBIA-MED,1,0,false,false,false,"",153,sms,wom_sms,1
"732101","2026-09-17","02",false,WOM-COLOMBIA,1,0,false,true,false,ESME_RINVSRCADR,106,sms,wom_sms,18
"732101","2026-09-17","02",false,WOM-COLOMBIA,1,0,false,true,false,ESME_RINVSRCADR,108,sms,wom_sms,10
"732101","2026-09-17","02",true,WOM-COLOMBIA,1,0,false,false,false,"",106,sms,wom_sms,18
"732101","2026-09-17","02",true,WOM-COLOMBIA,1,0,false,false,false,"",108,sms,wom_sms,15
"732101","2026-09-17","02",true,WOM-OTP-COLOMBIA-MED,1,0,false,false,false,"",33,sms,wom_sms,9
"732101","2026-09-17","02",true,WOM-OTP-COLOMBIA-MED,1,0,false,false,false,"",49,sms,wom_sms,7
"732101","2026-09-17","02",true,WOM-OTP-COLOMBIA-MED,1,0,false,false,false,"",51,sms,wom_sms,5
"732101","2026-09-17","02",true,WOM-OTP-COLOMBIA-MED,1,0,false,false,false,"",58,sms,wom_sms,1
"732101","2026-09-17","02",true,WOM-OTP-COLOMBIA-MED,1,0,false,false,false,"",73,sms,wom_sms,1
"732101","2026-09-17","02",true,WOM-OTP-COLOMBIA-MED,1,0,false,false,false,"",75,sms,wom_sms,2
"732101","2026-09-17","02",true,WOM-OTP-COLOMBIA-MED,1,0,false,false,false,"",76,sms,wom_sms,2
"732101","2026-09-17","02",true,WOM-OTP-COLOMBIA-MED,1,0,false,false,false,"",77,sms,wom_sms,1
"732101","2026-09-17","02",true,WOM-OTP-COLOMBIA-MED,1,0,false,false,false,"",79,sms,wom_sms,3
"732101","2026-09-17","02",true,WOM-OTP-COLOMBIA-MED,1,0,false,false,false,"",80,sms,wom_sms,3
"732101","2026-09-17","02",true,WOM-OTP-COLOMBIA-MED,1,0,false,false,false,"",81,sms,wom_sms,2
"732101","2026-09-17","02",true,WOM-OTP-COLOMBIA-MED,1,0,false,false,false,"",82,sms,wom_sms,2
"732101","2026-09-17","02",true,WOM-OTP-COLOMBIA-MED,1,0,false,false,false,"",83,sms,wom_sms,1
"732101","2026-09-17","02",true,WOM-OTP-COLOMBIA-MED,1,0,false,false,false,"",84,sms,wom_sms,1
"732101","2026-09-17","02",true,WOM-OTP-COLOMBIA-MED,1,0,false,false,false,"",85,sms,wom_sms,2
"732101","2026-09-17","02",true,WOM-OTP-COLOMBIA-MED,1,0,false,false,false,"",88,sms,wom_sms,1
"732101","2026-09-17","02",true,WOM-OTP-COLOMBIA-MED,1,0,false,false,false,"",100,sms,wom_sms,15
"732101","2026-09-17","02",true,WOM-OTP-COLOMBIA-MED,1,0,false,false,false,"",102,sms,wom_sms,4
"732101","2026-09-17","02",true,WOM-OTP-COLOMBIA-MED,1,0,false,false,false,"",104,sms,wom_sms,19
"732101","2026-09-17","02",true,WOM-OTP-COLOMBIA-MED,1,0,false,false,false,"",126,sms,wom_sms,1
"732101","2026-09-17","02",true,WOM-OTP-COLOMBIA-MED,1,0,false,false,false,"",134,sms,wom_sms,2
"732101","2026-09-17","02",true,WOM-OTP-COLOMBIA-MED,1,0,false,false,false,"",135,sms,wom_sms,10
"732101","2026-09-17","02",true,WOM-OTP-COLOMBIA-MED,1,0,false,false,false,"",139,sms,wom_sms,1
"732101","2026-09-17","02",true,WOM-OTP-COLOMBIA-MED,1,0,false,false,false,"",140,sms,wom_sms,1
"732101","2026-09-17","02",true,WOM-OTP-COLOMBIA-MED,1,0,false,false,false,"",147,sms,wom_sms,2
"732101","2026-09-17","03",false,WOM-COLOMBIA,1,0,false,true,false,ESME_RINVSRCADR,106,sms,wom_sms,16
"732101","2026-09-17","03",false,WOM-COLOMBIA,1,0,false,true,false,ESME_RINVSRCADR,108,sms,wom_sms,5
"732101","2026-09-17","03",true,WOM-COLOMBIA,1,0,false,false,false,"",106,sms,wom_sms,7
"732101","2026-09-17","03",true,WOM-COLOMBIA,1,0,false,false,false,"",108,sms,wom_sms,8
"732101","2026-09-17","03",true,WOM-OTP-COLOMBIA-MED,1,0,false,false,false,"",33,sms,wom_sms,6
"732101","2026-09-17","03",true,WOM-OTP-COLOMBIA-MED,1,0,false,false,false,"",49,sms,wom_sms,7
"732101","2026-09-17","03",true,WOM-OTP-COLOMBIA-MED,1,0,false,false,false,"",51,sms,wom_sms,1
"732101","2026-09-17","03",true,WOM-OTP-COLOMBIA-MED,1,0,false,false,false,"",55,sms,wom_sms,2
"732101","2026-09-17","03",true,WOM-OTP-COLOMBIA-MED,1,0,false,false,false,"",76,sms,wom_sms,2
"732101","2026-09-17","03",true,WOM-OTP-COLOMBIA-MED,1,0,false,false,false,"",77,sms,wom_sms,1
"732101","2026-09-17","03",true,WOM-OTP-COLOMBIA-MED,1,0,false,false,false,"",78,sms,wom_sms,1
"732101","2026-09-17","03",true,WOM-OTP-COLOMBIA-MED,1,0,false,false,false,"",79,sms,wom_sms,2
"732101","2026-09-17","03",true,WOM-OTP-COLOMBIA-MED,1,0,false,false,false,"",83,sms,wom_sms,1
"732101","2026-09-17","03",true,WOM-OTP-COLOMBIA-MED,1,0,false,false,false,"",85,sms,wom_sms,2
"732101","2026-09-17","03",true,WOM-OTP-COLOMBIA-MED,1,0,false,false,false,"",88,sms,wom_sms,1
"732101","2026-09-17","03",true,WOM-OTP-COLOMBIA-MED,1,0,false,false,false,"",100,sms,wom_sms,7
"732101","2026-09-17","03",true,WOM-OTP-COLOMBIA-MED,1,0,false,false,false,"",102,sms,wom_sms,2
"732101","2026-09-17","03",true,WOM-OTP-COLOMBIA-MED,1,0,false,false,false,"",104,sms,wom_sms,16
"732101","2026-09-17","03",true,WOM-OTP-COLOMBIA-MED,1,0,false,false,false,"",135,sms,wom_sms,1
"732101","2026-09-17","03",true,WOM-OTP-COLOMBIA-MED,1,0,false,false,false,"",137,sms,wom_sms,6
"732101","2026-09-17","03",true,WOM-OTP-COLOMBIA-MED,1,0,false,false,false,"",139,sms,wom_sms,2
"732101","2026-09-17","03",true,WOM-OTP-COLOMBIA-MED,1,0,false,false,false,"",147,sms,wom_sms,1
"732101","2026-09-17","04",false,WOM-COLOMBIA,1,0,false,true,false,ESME_RINVSRCADR,106,sms,wom_sms,1
"732101","2026-09-17","04",false,WOM-COLOMBIA,1,0,false,true,false,ESME_RINVSRCADR,108,sms,wom_sms,6
"732101","2026-09-17","04",true,WOM-COLOMBIA,1,0,false,false,false,"",106,sms,wom_sms,1
"732101","2026-09-17","04",true,WOM-COLOMBIA,1,0,false,false,false,"",108,sms,wom_sms,2
"732101","2026-09-17","04",true,WOM-OTP-COLOMBIA-MED,1,0,false,false,false,"",33,sms,wom_sms,3
"732101","2026-09-17","04",true,WOM-OTP-COLOMBIA-MED,1,0,false,false,false,"",51,sms,wom_sms,1
"732101","2026-09-17","04",true,WOM-OTP-COLOMBIA-MED,1,0,false,false,false,"",76,sms,wom_sms,3
"732101","2026-09-17","04",true,WOM-OTP-COLOMBIA-MED,1,0,false,false,false,"",78,sms,wom_sms,1
"732101","2026-09-17","04",true,WOM-OTP-COLOMBIA-MED,1,0,false,false,false,"",79,sms,wom_sms,1
"732101","2026-09-17","04",true,WOM-OTP-COLOMBIA-MED,1,0,false,false,false,"",81,sms,wom_sms,1
"732101","2026-09-17","04",true,WOM-OTP-COLOMBIA-MED,1,0,false,false,false,"",83,sms,wom_sms,1
"732101","2026-09-17","04",true,WOM-OTP-COLOMBIA-MED,1,0,false,false,false,"",85,sms,wom_sms,1
"732101","2026-09-17","04",true,WOM-OTP-COLOMBIA-MED,1,0,false,false,false,"",100,sms,wom_sms,8
"732101","2026-09-17","04",true,WOM-OTP-COLOMBIA-MED,1,0,false,false,false,"",102,sms,wom_sms,2
"732101","2026-09-17","04",true,WOM-OTP-COLOMBIA-MED,1,0,false,false,false,"",104,sms,wom_sms,7
"732101","2026-09-17","04",true,WOM-OTP-COLOMBIA-MED,1,0,false,false,false,"",113,sms,wom_sms,1
"732101","2026-09-17","04",true,WOM-OTP-COLOMBIA-MED,1,0,false,false,false,"",128,sms,wom_sms,1
"732101","2026-09-17","04",true,WOM-OTP-COLOMBIA-MED,1,0,false,false,false,"",138,sms,wom_sms,1
"732101","2026-09-17","04",true,WOM-OTP-COLOMBIA-MED,1,0,false,false,false,"",141,sms,wom_sms,1
"732101","2026-09-17","05",false,WOM-COLOMBIA,1,0,false,true,false,ESME_RINVSRCADR,108,sms,wom_sms,2
"732101","2026-09-17","05",true,WOM-COLOMBIA,1,0,false,false,false,"",108,sms,wom_sms,1
"732101","2026-09-17","05",true,WOM-OTP-COLOMBIA-MED,1,0,false,false,false,"",51,sms,wom_sms,1
"732101","2026-09-17","05",true,WOM-OTP-COLOMBIA-MED,1,0,false,false,false,"",54,sms,wom_sms,1
"732101","2026-09-17","05",true,WOM-OTP-COLOMBIA-MED,1,0,false,false,false,"",78,sms,wom_sms,1
"732101","2026-09-17","05",true,WOM-OTP-COLOMBIA-MED,1,0,false,false,false,"",85,sms,wom_sms,2
"732101","2026-09-17","05",true,WOM-OTP-COLOMBIA-MED,1,0,false,false,false,"",100,sms,wom_sms,2
"732101","2026-09-17","05",true,WOM-OTP-COLOMBIA-MED,1,0,false,false,false,"",104,sms,wom_sms,9
"732101","2026-09-17","05",true,WOM-OTP-COLOMBIA-MED,1,0,false,false,false,"",113,sms,wom_sms,3
"732101","2026-09-17","05",true,WOM-OTP-COLOMBIA-MED,1,0,false,false,false,"",153,sms,wom_sms,1
"732101","2026-09-17","06",false,WOM-COLOMBIA,1,0,false,true,false,ESME_RINVSRCADR,108,sms,wom_sms,1
"732101","2026-09-17","06",true,WOM-COLOMBIA,1,0,false,false,false,"",108,sms,wom_sms,1
"732101","2026-09-17","06",true,WOM-OTP-COLOMBIA-MED,1,0,false,false,false,"",49,sms,wom_sms,1
"732101","2026-09-17","06",true,WOM-OTP-COLOMBIA-MED,1,0,false,false,false,"",100,sms,wom_sms,2
"732101","2026-09-17","06",true,WOM-OTP-COLOMBIA-MED,1,0,false,false,false,"",104,sms,wom_sms,1
"732101","2026-09-17","06",true,WOM-OTP-COLOMBIA-MED,1,0,false,false,false,"",128,sms,wom_sms,5
"732101","2026-09-17","06",true,WOM-OTP-COLOMBIA-MED,1,0,false,false,false,"",135,sms,wom_sms,2
"732101","2026-09-17","06",true,WOM-OTP-COLOMBIA-MED,1,0,false,false,false,"",138,sms,wom_sms,4
"732101","2026-09-17","06",true,WOM-OTP-COLOMBIA-MED,1,0,false,false,false,"",141,sms,wom_sms,3
"732101","2026-09-17","07",true,WOM-COLOMBIA,1,0,false,false,false,"",106,sms,wom_sms,1
"732101","2026-09-17","07",true,WOM-COLOMBIA,1,0,false,false,false,"",108,sms,wom_sms,1
"732101","2026-09-17","07",true,WOM-OTP-COLOMBIA-MED,1,0,false,false,false,"",77,sms,wom_sms,1
"732101","2026-09-17","07",true,WOM-OTP-COLOMBIA-MED,1,0,false,false,false,"",104,sms,wom_sms,2
"732101","2026-09-17","07",true,WOM-OTP-COLOMBIA-MED,1,0,false,false,false,"",138,sms,wom_sms,1
"732101","2026-09-17","07",true,WOM-OTP-COLOMBIA-MED,1,0,false,false,false,"",141,sms,wom_sms,1
"732101","2026-09-17","07",true,WOM-OTP-COLOMBIA-MED,1,0,false,false,false,"",144,sms,wom_sms,1
"732101","2026-09-17","08",true,WOM-OTP-COLOMBIA-MED,1,0,false,false,false,"",100,sms,wom_sms,2
"732101","2026-09-17","08",true,WOM-OTP-COLOMBIA-MED,1,0,false,false,false,"",102,sms,wom_sms,1
"732101","2026-09-17","08",true,WOM-OTP-COLOMBIA-MED,1,0,false,false,false,"",104,sms,wom_sms,2
"732101","2026-09-17","08",true,WOM-OTP-COLOMBIA-MED,1,0,false,false,false,"",113,sms,wom_sms,1
"732101","2026-09-17","08",true,WOM-OTP-COLOMBIA-MED,1,0,false,false,false,"",128,sms,wom_sms,1
"732101","2026-09-17","08",true,WOM-OTP-COLOMBIA-MED,1,0,false,false,false,"",134,sms,wom_sms,1
"732101","2026-09-17","08",true,WOM-OTP-COLOMBIA-MED,1,0,false,false,false,"",138,sms,wom_sms,1
"732101","2026-09-17","08",true,WOM-OTP-COLOMBIA-MED,1,0,false,false,false,"",141,sms,wom_sms,1
"732101","2026-09-17","09",true,WOM-OTP-COLOMBIA-MED,1,0,false,false,false,"",33,sms,wom_sms,1
"732101","2026-09-17","09",true,WOM-OTP-COLOMBIA-MED,1,0,false,false,false,"",49,sms,wom_sms,1
"732101","2026-09-17","09",true,WOM-OTP-COLOMBIA-MED,1,0,false,false,false,"",79,sms,wom_sms,1
"732101","2026-09-17","09",true,WOM-OTP-COLOMBIA-MED,1,0,false,false,false,"",104,sms,wom_sms,4
"732101","2026-09-17","09",true,WOM-OTP-COLOMBIA-MED,1,0,false,false,false,"",128,sms,wom_sms,1
"732101","2026-09-17","09",true,WOM-OTP-COLOMBIA-MED,1,0,false,false,false,"",137,sms,wom_sms,1
"732101","2026-09-17","09",true,WOM-OTP-COLOMBIA-MED,1,0,false,false,false,"",138,sms,wom_sms,2
"732101","2026-09-17","09",true,WOM-OTP-COLOMBIA-MED,1,0,false,false,false,"",141,sms,wom_sms,2
"732101","2026-09-17","10",false,WOM-COLOMBIA,1,0,false,true,false,ESME_RINVSRCADR,105,sms,wom_sms,1
"732101","2026-09-17","10",false,WOM-COLOMBIA,1,0,false,true,false,ESME_RINVSRCADR,108,sms,wom_sms,1
"732101","2026-09-17","10",true,WOM-OTP-COLOMBIA-MED,1,0,false,false,false,"",33,sms,wom_sms,1
"732101","2026-09-17","10",true,WOM-OTP-COLOMBIA-MED,1,0,false,false,false,"",49,sms,wom_sms,2
"732101","2026-09-17","10",true,WOM-OTP-COLOMBIA-MED,1,0,false,false,false,"",55,sms,wom_sms,1
"732101","2026-09-17","10",true,WOM-OTP-COLOMBIA-MED,1,0,false,false,false,"",79,sms,wom_sms,1
"732101","2026-09-17","10",true,WOM-OTP-COLOMBIA-MED,1,0,false,false,false,"",81,sms,wom_sms,1
"732101","2026-09-17","10",true,WOM-OTP-COLOMBIA-MED,1,0,false,false,false,"",82,sms,wom_sms,1
"732101","2026-09-17","10",true,WOM-OTP-COLOMBIA-MED,1,0,false,false,false,"",85,sms,wom_sms,1
"732101","2026-09-17","10",true,WOM-OTP-COLOMBIA-MED,1,0,false,false,false,"",86,sms,wom_sms,1
"732101","2026-09-17","10",true,WOM-OTP-COLOMBIA-MED,1,0,false,false,false,"",100,sms,wom_sms,4
"732101","2026-09-17","10",true,WOM-OTP-COLOMBIA-MED,1,0,false,false,false,"",102,sms,wom_sms,3
"732101","2026-09-17","10",true,WOM-OTP-COLOMBIA-MED,1,0,false,false,false,"",104,sms,wom_sms,4
"732101","2026-09-17","10",true,WOM-OTP-COLOMBIA-MED,1,0,false,false,false,"",128,sms,wom_sms,1
"732101","2026-09-17","10",true,WOM-OTP-COLOMBIA-MED,1,0,false,false,false,"",135,sms,wom_sms,2
"732101","2026-09-17","10",true,WOM-OTP-COLOMBIA-MED,1,0,false,false,false,"",137,sms,wom_sms,1
"732101","2026-09-17","11",false,WOM-COLOMBIA,1,0,false,true,false,ESME_RINVSRCADR,106,sms,wom_sms,5
"732101","2026-09-17","11",false,WOM-COLOMBIA,1,0,false,true,false,ESME_RINVSRCADR,108,sms,wom_sms,6
"732101","2026-09-17","11",true,WOM-COLOMBIA,1,0,false,false,false,"",106,sms,wom_sms,1
"732101","2026-09-17","11",true,WOM-COLOMBIA,1,0,false,false,false,"",108,sms,wom_sms,4
"732101","2026-09-17","11",true,WOM-OTP-COLOMBIA-MED,1,0,false,false,false,"",33,sms,wom_sms,1
"732101","2026-09-17","11",true,WOM-OTP-COLOMBIA-MED,1,0,false,false,false,"",49,sms,wom_sms,3
"732101","2026-09-17","11",true,WOM-OTP-COLOMBIA-MED,1,0,false,false,false,"",51,sms,wom_sms,2
"732101","2026-09-17","11",true,WOM-OTP-COLOMBIA-MED,1,0,false,false,false,"",75,sms,wom_sms,1
"732101","2026-09-17","11",true,WOM-OTP-COLOMBIA-MED,1,0,false,false,false,"",79,sms,wom_sms,1
"732101","2026-09-17","11",true,WOM-OTP-COLOMBIA-MED,1,0,false,false,false,"",80,sms,wom_sms,1
"732101","2026-09-17","11",true,WOM-OTP-COLOMBIA-MED,1,0,false,false,false,"",81,sms,wom_sms,3
"732101","2026-09-17","11",true,WOM-OTP-COLOMBIA-MED,1,0,false,false,false,"",85,sms,wom_sms,1
"732101","2026-09-17","11",true,WOM-OTP-COLOMBIA-MED,1,0,false,false,false,"",100,sms,wom_sms,12
"732101","2026-09-17","11",true,WOM-OTP-COLOMBIA-MED,1,0,false,false,false,"",102,sms,wom_sms,1
"732101","2026-09-17","11",true,WOM-OTP-COLOMBIA-MED,1,0,false,false,false,"",104,sms,wom_sms,12
"732101","2026-09-17","11",true,WOM-OTP-COLOMBIA-MED,1,0,false,false,false,"",113,sms,wom_sms,1
"732101","2026-09-17","11",true,WOM-OTP-COLOMBIA-MED,1,0,false,false,false,"",128,sms,wom_sms,3
"732101","2026-09-17","11",true,WOM-OTP-COLOMBIA-MED,1,0,false,false,false,"",134,sms,wom_sms,2
"732101","2026-09-17","11",true,WOM-OTP-COLOMBIA-MED,1,0,false,false,false,"",135,sms,wom_sms,1
"732101","2026-09-17","11",true,WOM-OTP-COLOMBIA-MED,1,0,false,false,false,"",137,sms,wom_sms,6
"732101","2026-09-17","11",true,WOM-OTP-COLOMBIA-MED,1,0,false,false,false,"",138,sms,wom_sms,1
"732101","2026-09-17","11",true,WOM-OTP-COLOMBIA-MED,1,0,false,false,false,"",139,sms,wom_sms,1
"732101","2026-09-17","11",true,WOM-OTP-COLOMBIA-MED,1,0,false,false,false,"",140,sms,wom_sms,1
"732101","2026-09-17","11",true,WOM-OTP-COLOMBIA-MED,1,0,false,false,false,"",141,sms,wom_sms,4
"732101","2026-09-17","11",true,WOM-OTP-COLOMBIA-MED,1,0,false,false,false,"",145,sms,wom_sms,1
"732101","2026-09-17","12",false,WOM-COLOMBIA,1,0,false,true,false,ESME_RINVSRCADR,106,sms,wom_sms,4
"732101","2026-09-17","12",false,WOM-COLOMBIA,1,0,false,true,false,ESME_RINVSRCADR,108,sms,wom_sms,13
"732101","2026-09-17","12",false,WOM-OTP-COLOMBIA-MED,1,0,false,true,false,ESME_RTHROTTLED,128,sms,wom_sms,1
"732101","2026-09-17","12",false,WOM-OTP-COLOMBIA-MED,4,1,true,true,false,ESME_RINVDSTADR,67,sms,wom_sms,3
"732101","2026-09-17","12",false,WOM-OTP-COLOMBIA-MED,4,1,true,true,false,ESME_RTHROTTLED,67,sms,wom_sms,595
"732101","2026-09-17","12",false,WOM-OTP-COLOMBIA-MED,4,2,true,true,false,ESME_RINVDSTADR,67,sms,wom_sms,3
"732101","2026-09-17","12",false,WOM-OTP-COLOMBIA-MED,4,2,true,true,false,ESME_RTHROTTLED,67,sms,wom_sms,573
"732101","2026-09-17","12",false,WOM-OTP-COLOMBIA-MED,4,3,true,true,false,ESME_RINVDSTADR,67,sms,wom_sms,3
"732101","2026-09-17","12",false,WOM-OTP-COLOMBIA-MED,4,3,true,true,false,ESME_RTHROTTLED,67,sms,wom_sms,599
"732101","2026-09-17","12",false,WOM-OTP-COLOMBIA-MED,4,4,true,true,false,ESME_RINVDSTADR,9,sms,wom_sms,3
"732101","2026-09-17","12",false,WOM-OTP-COLOMBIA-MED,4,4,true,true,false,ESME_RTHROTTLED,9,sms,wom_sms,602
"732101","2026-09-17","12",true,WOM-COLOMBIA,1,0,false,false,false,"",106,sms,wom_sms,5
"732101","2026-09-17","12",true,WOM-COLOMBIA,1,0,false,false,false,"",108,sms,wom_sms,13
"732101","2026-09-17","12",true,WOM-OTP-COLOMBIA-MED,1,0,false,false,false,"",33,sms,wom_sms,2
"732101","2026-09-17","12",true,WOM-OTP-COLOMBIA-MED,1,0,false,false,false,"",49,sms,wom_sms,5
"732101","2026-09-17","12",true,WOM-OTP-COLOMBIA-MED,1,0,false,false,false,"",55,sms,wom_sms,1
"732101","2026-09-17","12",true,WOM-OTP-COLOMBIA-MED,1,0,false,false,false,"",56,sms,wom_sms,1
"732101","2026-09-17","12",true,WOM-OTP-COLOMBIA-MED,1,0,false,false,false,"",57,sms,wom_sms,1
"732101","2026-09-17","12",true,WOM-OTP-COLOMBIA-MED,1,0,false,false,false,"",58,sms,wom_sms,2
"732101","2026-09-17","12",true,WOM-OTP-COLOMBIA-MED,1,0,false,false,false,"",62,sms,wom_sms,1
"732101","2026-09-17","12",true,WOM-OTP-COLOMBIA-MED,1,0,false,false,false,"",76,sms,wom_sms,1
"732101","2026-09-17","12",true,WOM-OTP-COLOMBIA-MED,1,0,false,false,false,"",79,sms,wom_sms,3
"732101","2026-09-17","12",true,WOM-OTP-COLOMBIA-MED,1,0,false,false,false,"",80,sms,wom_sms,1
"732101","2026-09-17","12",true,WOM-OTP-COLOMBIA-MED,1,0,false,false,false,"",81,sms,wom_sms,5
"732101","2026-09-17","12",true,WOM-OTP-COLOMBIA-MED,1,0,false,false,false,"",83,sms,wom_sms,2
"732101","2026-09-17","12",true,WOM-OTP-COLOMBIA-MED,1,0,false,false,false,"",85,sms,wom_sms,1
"732101","2026-09-17","12",true,WOM-OTP-COLOMBIA-MED,1,0,false,false,false,"",92,sms,wom_sms,1
"732101","2026-09-17","12",true,WOM-OTP-COLOMBIA-MED,1,0,false,false,false,"",93,sms,wom_sms,5
"732101","2026-09-17","12",true,WOM-OTP-COLOMBIA-MED,1,0,false,false,false,"",94,sms,wom_sms,3
"732101","2026-09-17","12",true,WOM-OTP-COLOMBIA-MED,1,0,false,false,false,"",99,sms,wom_sms,1
"732101","2026-09-17","12",true,WOM-OTP-COLOMBIA-MED,1,0,false,false,false,"",100,sms,wom_sms,8
"732101","2026-09-17","12",true,WOM-OTP-COLOMBIA-MED,1,0,false,false,false,"",102,sms,wom_sms,1
"732101","2026-09-17","12",true,WOM-OTP-COLOMBIA-MED,1,0,false,false,false,"",104,sms,wom_sms,4
"732101","2026-09-17","12",true,WOM-OTP-COLOMBIA-MED,1,0,false,false,false,"",113,sms,wom_sms,1
"732101","2026-09-17","12",true,WOM-OTP-COLOMBIA-MED,1,0,false,false,false,"",115,sms,wom_sms,4
"732101","2026-09-17","12",true,WOM-OTP-COLOMBIA-MED,1,0,false,false,false,"",116,sms,wom_sms,1
"732101","2026-09-17","12",true,WOM-OTP-COLOMBIA-MED,1,0,false,false,false,"",117,sms,wom_sms,2
"732101","2026-09-17","12",true,WOM-OTP-COLOMBIA-MED,1,0,false,false,false,"",118,sms,wom_sms,1
"732101","2026-09-17","12",true,WOM-OTP-COLOMBIA-MED,1,0,false,false,false,"",119,sms,wom_sms,3
"732101","2026-09-17","12",true,WOM-OTP-COLOMBIA-MED,1,0,false,false,false,"",120,sms,wom_sms,7
"732101","2026-09-17","12",true,WOM-OTP-COLOMBIA-MED,1,0,false,false,false,"",121,sms,wom_sms,1
"732101","2026-09-17","12",true,WOM-OTP-COLOMBIA-MED,1,0,false,false,false,"",123,sms,wom_sms,4
"732101","2026-09-17","12",true,WOM-OTP-COLOMBIA-MED,1,0,false,false,false,"",125,sms,wom_sms,1
"732101","2026-09-17","12",true,WOM-OTP-COLOMBIA-MED,1,0,false,false,false,"",126,sms,wom_sms,5
"732101","2026-09-17","12",true,WOM-OTP-COLOMBIA-MED,1,0,false,false,false,"",127,sms,wom_sms,1
"732101","2026-09-17","12",true,WOM-OTP-COLOMBIA-MED,1,0,false,false,false,"",128,sms,wom_sms,2
"732101","2026-09-17","12",true,WOM-OTP-COLOMBIA-MED,1,0,false,false,false,"",133,sms,wom_sms,1
"732101","2026-09-17","12",true,WOM-OTP-COLOMBIA-MED,1,0,false,false,false,"",134,sms,wom_sms,4
"732101","2026-09-17","12",true,WOM-OTP-COLOMBIA-MED,1,0,false,false,false,"",135,sms,wom_sms,1
"732101","2026-09-17","12",true,WOM-OTP-COLOMBIA-MED,1,0,false,false,false,"",138,sms,wom_sms,5
"732101","2026-09-17","12",true,WOM-OTP-COLOMBIA-MED,1,0,false,false,false,"",139,sms,wom_sms,1
"732101","2026-09-17","12",true,WOM-OTP-COLOMBIA-MED,1,0,false,false,false,"",141,sms,wom_sms,2
"732101","2026-09-17","12",true,WOM-OTP-COLOMBIA-MED,1,0,false,false,false,"",143,sms,wom_sms,1
"732101","2026-09-17","12",true,WOM-OTP-COLOMBIA-MED,1,0,false,false,false,"",145,sms,wom_sms,1
"732101","2026-09-17","12",true,WOM-OTP-COLOMBIA-MED,1,0,false,false,false,"",146,sms,wom_sms,2
"732101","2026-09-17","12",true,WOM-OTP-COLOMBIA-MED,1,0,false,false,false,"",147,sms,wom_sms,3
"732101","2026-09-17","12",true,WOM-OTP-COLOMBIA-MED,1,0,false,false,false,"",154,sms,wom_sms,1
"732101","2026-09-17","12",true,WOM-OTP-COLOMBIA-MED,3,1,false,false,false,"",153,sms,wom_sms,4
"732101","2026-09-17","12",true,WOM-OTP-COLOMBIA-MED,3,2,false,false,false,"",153,sms,wom_sms,4
"732101","2026-09-17","12",true,WOM-OTP-COLOMBIA-MED,3,3,false,false,false,"",11,sms,wom_sms,2
"732101","2026-09-17","12",true,WOM-OTP-COLOMBIA-MED,3,3,false,false,false,"",12,sms,wom_sms,1
"732101","2026-09-17","12",true,WOM-OTP-COLOMBIA-MED,3,3,false,false,false,"",15,sms,wom_sms,1
"732101","2026-09-17","12",true,WOM-OTP-COLOMBIA-MED,4,1,true,false,false,"",67,sms,wom_sms,24097
"732101","2026-09-17","12",true,WOM-OTP-COLOMBIA-MED,4,2,true,false,false,"",67,sms,wom_sms,24159
"732101","2026-09-17","12",true,WOM-OTP-COLOMBIA-MED,4,3,true,false,false,"",67,sms,wom_sms,24149
"732101","2026-09-17","12",true,WOM-OTP-COLOMBIA-MED,4,4,true,false,false,"",9,sms,wom_sms,24097
"732101","2026-09-17","13",false,WOM-COLOMBIA,1,0,false,true,false,ESME_RINVDSTADR,108,sms,wom_sms,1
"732101","2026-09-17","13",false,WOM-COLOMBIA,1,0,false,true,false,ESME_RINVSRCADR,106,sms,wom_sms,14
"732101","2026-09-17","13",false,WOM-COLOMBIA,1,0,false,true,false,ESME_RINVSRCADR,108,sms,wom_sms,20
"732101","2026-09-17","13",false,WOM-COLOMBIA,1,0,false,true,false,ESME_RINVSRCADR,109,sms,wom_sms,4
"732101","2026-09-17","13",false,WOM-OTP-COLOMBIA-MED,1,0,false,true,false,ESME_RTHROTTLED,49,sms,wom_sms,2
"732101","2026-09-17","13",false,WOM-OTP-COLOMBIA-MED,1,0,false,true,false,ESME_RTHROTTLED,60,sms,wom_sms,1
"732101","2026-09-17","13",false,WOM-OTP-COLOMBIA-MED,1,0,false,true,false,ESME_RTHROTTLED,76,sms,wom_sms,1
"732101","2026-09-17","13",false,WOM-OTP-COLOMBIA-MED,1,0,false,true,false,ESME_RTHROTTLED,80,sms,wom_sms,1
"732101","2026-09-17","13",false,WOM-OTP-COLOMBIA-MED,1,0,false,true,false,ESME_RTHROTTLED,88,sms,wom_sms,2
"732101","2026-09-17","13",false,WOM-OTP-COLOMBIA-MED,1,0,false,true,false,ESME_RTHROTTLED,97,sms,wom_sms,3
"732101","2026-09-17","13",false,WOM-OTP-COLOMBIA-MED,1,0,false,true,false,ESME_RTHROTTLED,100,sms,wom_sms,2
"732101","2026-09-17","13",false,WOM-OTP-COLOMBIA-MED,1,0,false,true,false,ESME_RTHROTTLED,108,sms,wom_sms,1
"732101","2026-09-17","13",false,WOM-OTP-COLOMBIA-MED,1,0,false,true,false,ESME_RTHROTTLED,110,sms,wom_sms,15
"732101","2026-09-17","13",false,WOM-OTP-COLOMBIA-MED,1,0,false,true,false,ESME_RTHROTTLED,118,sms,wom_sms,1
"732101","2026-09-17","13",false,WOM-OTP-COLOMBIA-MED,1,0,false,true,false,ESME_RTHROTTLED,119,sms,wom_sms,2
"732101","2026-09-17","13",false,WOM-OTP-COLOMBIA-MED,1,0,false,true,false,ESME_RTHROTTLED,120,sms,wom_sms,1
"732101","2026-09-17","13",false,WOM-OTP-COLOMBIA-MED,1,0,false,true,false,ESME_RTHROTTLED,121,sms,wom_sms,6
"732101","2026-09-17","13",false,WOM-OTP-COLOMBIA-MED,1,0,false,true,false,ESME_RTHROTTLED,122,sms,wom_sms,4
"732101","2026-09-17","13",false,WOM-OTP-COLOMBIA-MED,1,0,false,true,false,ESME_RTHROTTLED,124,sms,wom_sms,2
"732101","2026-09-17","13",false,WOM-OTP-COLOMBIA-MED,1,0,false,true,false,ESME_RTHROTTLED,130,sms,wom_sms,2
"732101","2026-09-17","13",false,WOM-OTP-COLOMBIA-MED,1,0,false,true,false,ESME_RTHROTTLED,137,sms,wom_sms,2
"732101","2026-09-17","13",false,WOM-OTP-COLOMBIA-MED,1,0,false,true,false,ESME_RTHROTTLED,138,sms,wom_sms,1
"732101","2026-09-17","13",false,WOM-OTP-COLOMBIA-MED,1,0,false,true,false,ESME_RTHROTTLED,140,sms,wom_sms,3
"732101","2026-09-17","13",false,WOM-OTP-COLOMBIA-MED,1,0,false,true,false,ESME_RTHROTTLED,141,sms,wom_sms,34
"732101","2026-09-17","13",false,WOM-OTP-COLOMBIA-MED,1,0,false,true,false,ESME_RTHROTTLED,144,sms,wom_sms,2
"732101","2026-09-17","13",false,WOM-OTP-COLOMBIA-MED,1,0,false,true,false,ESME_RTHROTTLED,147,sms,wom_sms,8
"732101","2026-09-17","13",false,WOM-OTP-COLOMBIA-MED,1,0,false,true,false,ESME_RTHROTTLED,149,sms,wom_sms,10
"732101","2026-09-17","13",false,WOM-OTP-COLOMBIA-MED,1,0,false,true,false,ESME_RTHROTTLED,152,sms,wom_sms,3
"732101","2026-09-17","13",false,WOM-OTP-COLOMBIA-MED,1,0,false,true,false,ESME_RTHROTTLED,153,sms,wom_sms,26
"732101","2026-09-17","13",false,WOM-OTP-COLOMBIA-MED,1,0,false,true,false,ESME_RTHROTTLED,154,sms,wom_sms,10
"732101","2026-09-17","13",false,WOM-OTP-COLOMBIA-MED,1,0,false,true,false,ESME_RTHROTTLED,155,sms,wom_sms,9
"732101","2026-09-17","13",false,WOM-OTP-COLOMBIA-MED,1,0,false,true,false,ESME_RTHROTTLED,156,sms,wom_sms,3
"732101","2026-09-17","13",false,WOM-OTP-COLOMBIA-MED,1,0,false,true,false,ESME_RTHROTTLED,157,sms,wom_sms,5
"732101","2026-09-17","13",false,WOM-OTP-COLOMBIA-MED,1,0,false,true,false,ESME_RTHROTTLED,158,sms,wom_sms,2
"732101","2026-09-17","13",false,WOM-OTP-COLOMBIA-MED,1,0,false,true,false,ESME_RTHROTTLED,160,sms,wom_sms,3
"732101","2026-09-17","13",false,WOM-OTP-COLOMBIA-MED,2,1,false,true,false,ESME_RTHROTTLED,153,sms,wom_sms,7
"732101","2026-09-17","13",false,WOM-OTP-COLOMBIA-MED,2,2,false,true,false,ESME_RTHROTTLED,8,sms,wom_sms,2
"732101","2026-09-17","13",false,WOM-OTP-COLOMBIA-MED,2,2,false,true,false,ESME_RTHROTTLED,9,sms,wom_sms,1
"732101","2026-09-17","13",false,WOM-OTP-COLOMBIA-MED,2,2,false,true,false,ESME_RTHROTTLED,10,sms,wom_sms,3
"732101","2026-09-17","13",false,WOM-OTP-COLOMBIA-MED,2,2,false,true,false,ESME_RTHROTTLED,11,sms,wom_sms,1
"732101","2026-09-17","13",false,WOM-OTP-COLOMBIA-MED,2,2,false,true,false,ESME_RTHROTTLED,17,sms,wom_sms,1
"732101","2026-09-17","13",false,WOM-OTP-COLOMBIA-MED,2,2,false,true,false,ESME_RTHROTTLED,18,sms,wom_sms,2
"732101","2026-09-17","13",false,WOM-OTP-COLOMBIA-MED,2,2,false,true,false,ESME_RTHROTTLED,19,sms,wom_sms,1
"732101","2026-09-17","13",false,WOM-OTP-COLOMBIA-MED,4,1,true,true,false,ESME_RTHROTTLED,67,sms,wom_sms,169
"732101","2026-09-17","13",false,WOM-OTP-COLOMBIA-MED,4,2,true,true,false,ESME_RTHROTTLED,67,sms,wom_sms,131
"732101","2026-09-17","13",false,WOM-OTP-COLOMBIA-MED,4,3,true,true,false,ESME_RTHROTTLED,67,sms,wom_sms,144
"732101","2026-09-17","13",false,WOM-OTP-COLOMBIA-MED,4,4,true,true,false,ESME_RTHROTTLED,9,sms,wom_sms,178
"732101","2026-09-17","13",true,WOM-COLOMBIA,1,0,false,false,false,"",65,sms,wom_sms,4
"732101","2026-09-17","13",true,WOM-COLOMBIA,1,0,false,false,false,"",105,sms,wom_sms,2
"732101","2026-09-17","13",true,WOM-COLOMBIA,1,0,false,false,false,"",106,sms,wom_sms,20
"732101","2026-09-17","13",true,WOM-COLOMBIA,1,0,false,false,false,"",108,sms,wom_sms,32
"732101","2026-09-17","13",true,WOM-COLOMBIA,1,0,false,false,false,"",109,sms,wom_sms,3
"732101","2026-09-17","13",true,WOM-COLOMBIA,2,1,false,false,false,"",153,sms,wom_sms,14
"732101","2026-09-17","13",true,WOM-COLOMBIA,2,2,false,false,false,"",65,sms,wom_sms,1
"732101","2026-09-17","13",true,WOM-COLOMBIA,2,2,false,false,false,"",66,sms,wom_sms,1
"732101","2026-09-17","13",true,WOM-COLOMBIA,2,2,false,false,false,"",68,sms,wom_sms,2
"732101","2026-09-17","13",true,WOM-COLOMBIA,2,2,false,false,false,"",69,sms,wom_sms,1
"732101","2026-09-17","13",true,WOM-COLOMBIA,2,2,false,false,false,"",70,sms,wom_sms,2
"732101","2026-09-17","13",true,WOM-COLOMBIA,2,2,false,false,false,"",71,sms,wom_sms,2
"732101","2026-09-17","13",true,WOM-COLOMBIA,2,2,false,false,false,"",72,sms,wom_sms,1
"732101","2026-09-17","13",true,WOM-COLOMBIA,2,2,false,false,false,"",74,sms,wom_sms,1
"732101","2026-09-17","13",true,WOM-COLOMBIA,2,2,false,false,false,"",77,sms,wom_sms,1
"732101","2026-09-17","13",true,WOM-COLOMBIA,2,2,false,false,false,"",134,sms,wom_sms,1
"732101","2026-09-17","13",true,WOM-COLOMBIA,2,2,false,false,false,"",141,sms,wom_sms,1
"732101","2026-09-17","13",true,WOM-COLOMBIA,3,1,false,false,false,"",153,sms,wom_sms,4
"732101","2026-09-17","13",true,WOM-COLOMBIA,3,2,false,false,false,"",153,sms,wom_sms,4
"732101","2026-09-17","13",true,WOM-COLOMBIA,3,3,false,false,false,"",2,sms,wom_sms,1
"732101","2026-09-17","13",true,WOM-COLOMBIA,3,3,false,false,false,"",9,sms,wom_sms,1
"732101","2026-09-17","13",true,WOM-COLOMBIA,3,3,false,false,false,"",16,sms,wom_sms,1
"732101","2026-09-17","13",true,WOM-COLOMBIA,3,3,false,false,false,"",37,sms,wom_sms,1
"732101","2026-09-17","13",true,WOM-OTP-COLOMBIA-MED,1,0,false,false,false,"",33,sms,wom_sms,20
"732101","2026-09-17","13",true,WOM-OTP-COLOMBIA-MED,1,0,false,false,false,"",35,sms,wom_sms,1
"732101","2026-09-17","13",true,WOM-OTP-COLOMBIA-MED,1,0,false,false,false,"",49,sms,wom_sms,30
"732101","2026-09-17","13",true,WOM-OTP-COLOMBIA-MED,1,0,false,false,false,"",51,sms,wom_sms,3
"732101","2026-09-17","13",true,WOM-OTP-COLOMBIA-MED,1,0,false,false,false,"",53,sms,wom_sms,1
"732101","2026-09-17","13",true,WOM-OTP-COLOMBIA-MED,1,0,false,false,false,"",54,sms,wom_sms,2
"732101","2026-09-17","13",true,WOM-OTP-COLOMBIA-MED,1,0,false,false,false,"",55,sms,wom_sms,16
"732101","2026-09-17","13",true,WOM-OTP-COLOMBIA-MED,1,0,false,false,false,"",56,sms,wom_sms,3
"732101","2026-09-17","13",true,WOM-OTP-COLOMBIA-MED,1,0,false,false,false,"",57,sms,wom_sms,4
"732101","2026-09-17","13",true,WOM-OTP-COLOMBIA-MED,1,0,false,false,false,"",58,sms,wom_sms,3
"732101","2026-09-17","13",true,WOM-OTP-COLOMBIA-MED,1,0,false,false,false,"",59,sms,wom_sms,3
"732101","2026-09-17","13",true,WOM-OTP-COLOMBIA-MED,1,0,false,false,false,"",60,sms,wom_sms,2
"732101","2026-09-17","13",true,WOM-OTP-COLOMBIA-MED,1,0,false,false,false,"",61,sms,wom_sms,1
"732101","2026-09-17","13",true,WOM-OTP-COLOMBIA-MED,1,0,false,false,false,"",62,sms,wom_sms,3
"732101","2026-09-17","13",true,WOM-OTP-COLOMBIA-MED,1,0,false,false,false,"",63,sms,wom_sms,1
"732101","2026-09-17","13",true,WOM-OTP-COLOMBIA-MED,1,0,false,false,false,"",68,sms,wom_sms,2
"732101","2026-09-17","13",true,WOM-OTP-COLOMBIA-MED,1,0,false,false,false,"",69,sms,wom_sms,2
"732101","2026-09-17","13",true,WOM-OTP-COLOMBIA-MED,1,0,false,false,false,"",71,sms,wom_sms,1
"732101","2026-09-17","13",true,WOM-OTP-COLOMBIA-MED,1,0,false,false,false,"",72,sms,wom_sms,7
"732101","2026-09-17","13",true,WOM-OTP-COLOMBIA-MED,1,0,false,false,false,"",73,sms,wom_sms,2
"732101","2026-09-17","13",true,WOM-OTP-COLOMBIA-MED,1,0,false,false,false,"",74,sms,wom_sms,2
"732101","2026-09-17","13",true,WOM-OTP-COLOMBIA-MED,1,0,false,false,false,"",75,sms,wom_sms,12
"732101","2026-09-17","13",true,WOM-OTP-COLOMBIA-MED,1,0,false,false,false,"",76,sms,wom_sms,12
"732101","2026-09-17","13",true,WOM-OTP-COLOMBIA-MED,1,0,false,false,false,"",77,sms,wom_sms,32
"732101","2026-09-17","13",true,WOM-OTP-COLOMBIA-MED,1,0,false,false,false,"",78,sms,wom_sms,12
"732101","2026-09-17","13",true,WOM-OTP-COLOMBIA-MED,1,0,false,false,false,"",79,sms,wom_sms,5
"732101","2026-09-17","13",true,WOM-OTP-COLOMBIA-MED,1,0,false,false,false,"",80,sms,wom_sms,8
"732101","2026-09-17","13",true,WOM-OTP-COLOMBIA-MED,1,0,false,false,false,"",81,sms,wom_sms,5
"732101","2026-09-17","13",true,WOM-OTP-COLOMBIA-MED,1,0,false,false,false,"",82,sms,wom_sms,4
"732101","2026-09-17","13",true,WOM-OTP-COLOMBIA-MED,1,0,false,false,false,"",83,sms,wom_sms,2
"732101","2026-09-17","13",true,WOM-OTP-COLOMBIA-MED,1,0,false,false,false,"",85,sms,wom_sms,27
"732101","2026-09-17","13",true,WOM-OTP-COLOMBIA-MED,1,0,false,false,false,"",86,sms,wom_sms,1
"732101","2026-09-17","13",true,WOM-OTP-COLOMBIA-MED,1,0,false,false,false,"",88,sms,wom_sms,14
"732101","2026-09-17","13",true,WOM-OTP-COLOMBIA-MED,1,0,false,false,false,"",93,sms,wom_sms,2
"732101","2026-09-17","13",true,WOM-OTP-COLOMBIA-MED,1,0,false,false,false,"",94,sms,wom_sms,4
"732101","2026-09-17","13",true,WOM-OTP-COLOMBIA-MED,1,0,false,false,false,"",95,sms,wom_sms,3
"732101","2026-09-17","13",true,WOM-OTP-COLOMBIA-MED,1,0,false,false,false,"",96,sms,wom_sms,1
"732101","2026-09-17","13",true,WOM-OTP-COLOMBIA-MED,1,0,false,false,false,"",97,sms,wom_sms,55
"732101","2026-09-17","13",true,WOM-OTP-COLOMBIA-MED,1,0,false,false,false,"",98,sms,wom_sms,12
"732101","2026-09-17","13",true,WOM-OTP-COLOMBIA-MED,1,0,false,false,false,"",99,sms,wom_sms,2
"732101","2026-09-17","13",true,WOM-OTP-COLOMBIA-MED,1,0,false,false,false,"",100,sms,wom_sms,59
"732101","2026-09-17","13",true,WOM-OTP-COLOMBIA-MED,1,0,false,false,false,"",101,sms,wom_sms,3
"732101","2026-09-17","13",true,WOM-OTP-COLOMBIA-MED,1,0,false,false,false,"",102,sms,wom_sms,21
"732101","2026-09-17","13",true,WOM-OTP-COLOMBIA-MED,1,0,false,false,false,"",104,sms,wom_sms,52
"732101","2026-09-17","13",true,WOM-OTP-COLOMBIA-MED,1,0,false,false,false,"",108,sms,wom_sms,12
"732101","2026-09-17","13",true,WOM-OTP-COLOMBIA-MED,1,0,false,false,false,"",110,sms,wom_sms,508
"732101","2026-09-17","13",true,WOM-OTP-COLOMBIA-MED,1,0,false,false,false,"",111,sms,wom_sms,1
"732101","2026-09-17","13",true,WOM-OTP-COLOMBIA-MED,1,0,false,false,false,"",112,sms,wom_sms,1
"732101","2026-09-17","13",true,WOM-OTP-COLOMBIA-MED,1,0,false,false,false,"",113,sms,wom_sms,8
"732101","2026-09-17","13",true,WOM-OTP-COLOMBIA-MED,1,0,false,false,false,"",114,sms,wom_sms,25
"732101","2026-09-17","13",true,WOM-OTP-COLOMBIA-MED,1,0,false,false,false,"",115,sms,wom_sms,12
"732101","2026-09-17","13",true,WOM-OTP-COLOMBIA-MED,1,0,false,false,false,"",116,sms,wom_sms,4
"732101","2026-09-17","13",true,WOM-OTP-COLOMBIA-MED,1,0,false,false,false,"",117,sms,wom_sms,7
"732101","2026-09-17","13",true,WOM-OTP-COLOMBIA-MED,1,0,false,false,false,"",118,sms,wom_sms,26
"732101","2026-09-17","13",true,WOM-OTP-COLOMBIA-MED,1,0,false,false,false,"",119,sms,wom_sms,84
"732101","2026-09-17","13",true,WOM-OTP-COLOMBIA-MED,1,0,false,false,false,"",120,sms,wom_sms,167
"732101","2026-09-17","13",true,WOM-OTP-COLOMBIA-MED,1,0,false,false,false,"",121,sms,wom_sms,137
"732101","2026-09-17","13",true,WOM-OTP-COLOMBIA-MED,1,0,false,false,false,"",122,sms,wom_sms,120
"732101","2026-09-17","13",true,WOM-OTP-COLOMBIA-MED,1,0,false,false,false,"",123,sms,wom_sms,54
"732101","2026-09-17","13",true,WOM-OTP-COLOMBIA-MED,1,0,false,false,false,"",124,sms,wom_sms,29
"732101","2026-09-17","13",true,WOM-OTP-COLOMBIA-MED,1,0,false,false,false,"",125,sms,wom_sms,10
"732101","2026-09-17","13",true,WOM-OTP-COLOMBIA-MED,1,0,false,false,false,"",126,sms,wom_sms,8
"732101","2026-09-17","13",true,WOM-OTP-COLOMBIA-MED,1,0,false,false,false,"",127,sms,wom_sms,29
"732101","2026-09-17","13",true,WOM-OTP-COLOMBIA-MED,1,0,false,false,false,"",128,sms,wom_sms,119
"732101","2026-09-17","13",true,WOM-OTP-COLOMBIA-MED,1,0,false,false,false,"",129,sms,wom_sms,8
"732101","2026-09-17","13",true,WOM-OTP-COLOMBIA-MED,1,0,false,false,false,"",130,sms,wom_sms,18
"732101","2026-09-17","13",true,WOM-OTP-COLOMBIA-MED,1,0,false,false,false,"",131,sms,wom_sms,12
"732101","2026-09-17","13",true,WOM-OTP-COLOMBIA-MED,1,0,false,false,false,"",132,sms,wom_sms,2
"732101","2026-09-17","13",true,WOM-OTP-COLOMBIA-MED,1,0,false,false,false,"",133,sms,wom_sms,37
"732101","2026-09-17","13",true,WOM-OTP-COLOMBIA-MED,1,0,false,false,false,"",134,sms,wom_sms,64
"732101","2026-09-17","13",true,WOM-OTP-COLOMBIA-MED,1,0,false,false,false,"",135,sms,wom_sms,15
"732101","2026-09-17","13",true,WOM-OTP-COLOMBIA-MED,1,0,false,false,false,"",136,sms,wom_sms,15
"732101","2026-09-17","13",true,WOM-OTP-COLOMBIA-MED,1,0,false,false,false,"",137,sms,wom_sms,53
"732101","2026-09-17","13",true,WOM-OTP-COLOMBIA-MED,1,0,false,false,false,"",138,sms,wom_sms,42
"732101","2026-09-17","13",true,WOM-OTP-COLOMBIA-MED,1,0,false,false,false,"",139,sms,wom_sms,36
"732101","2026-09-17","13",true,WOM-OTP-COLOMBIA-MED,1,0,false,false,false,"",140,sms,wom_sms,128
"732101","2026-09-17","13",true,WOM-OTP-COLOMBIA-MED,1,0,false,false,false,"",141,sms,wom_sms,1166
"732101","2026-09-17","13",true,WOM-OTP-COLOMBIA-MED,1,0,false,false,false,"",143,sms,wom_sms,1
"732101","2026-09-17","13",true,WOM-OTP-COLOMBIA-MED,1,0,false,false,false,"",144,sms,wom_sms,174
"732101","2026-09-17","13",true,WOM-OTP-COLOMBIA-MED,1,0,false,false,false,"",145,sms,wom_sms,16
"732101","2026-09-17","13",true,WOM-OTP-COLOMBIA-MED,1,0,false,false,false,"",146,sms,wom_sms,15
"732101","2026-09-17","13",true,WOM-OTP-COLOMBIA-MED,1,0,false,false,false,"",147,sms,wom_sms,181
"732101","2026-09-17","13",true,WOM-OTP-COLOMBIA-MED,1,0,false,false,false,"",148,sms,wom_sms,17
"732101","2026-09-17","13",true,WOM-OTP-COLOMBIA-MED,1,0,false,false,false,"",149,sms,wom_sms,78
"732101","2026-09-17","13",true,WOM-OTP-COLOMBIA-MED,1,0,false,false,false,"",150,sms,wom_sms,4
"732101","2026-09-17","13",true,WOM-OTP-COLOMBIA-MED,1,0,false,false,false,"",151,sms,wom_sms,3
"732101","2026-09-17","13",true,WOM-OTP-COLOMBIA-MED,1,0,false,false,false,"",152,sms,wom_sms,59
"732101","2026-09-17","13",true,WOM-OTP-COLOMBIA-MED,1,0,false,false,false,"",153,sms,wom_sms,804
"732101","2026-09-17","13",true,WOM-OTP-COLOMBIA-MED,1,0,false,false,false,"",154,sms,wom_sms,623
"732101","2026-09-17","13",true,WOM-OTP-COLOMBIA-MED,1,0,false,false,false,"",155,sms,wom_sms,620
"732101","2026-09-17","13",true,WOM-OTP-COLOMBIA-MED,1,0,false,false,false,"",156,sms,wom_sms,287
"732101","2026-09-17","13",true,WOM-OTP-COLOMBIA-MED,1,0,false,false,false,"",157,sms,wom_sms,187
"732101","2026-09-17","13",true,WOM-OTP-COLOMBIA-MED,1,0,false,false,false,"",158,sms,wom_sms,119
"732101","2026-09-17","13",true,WOM-OTP-COLOMBIA-MED,1,0,false,false,false,"",159,sms,wom_sms,14
"732101","2026-09-17","13",true,WOM-OTP-COLOMBIA-MED,1,0,false,false,false,"",160,sms,wom_sms,218
"732101","2026-09-17","13",true,WOM-OTP-COLOMBIA-MED,2,1,false,false,false,"",153,sms,wom_sms,418
"732101","2026-09-17","13",true,WOM-OTP-COLOMBIA-MED,2,2,false,false,false,"",8,sms,wom_sms,66
"732101","2026-09-17","13",true,WOM-OTP-COLOMBIA-MED,2,2,false,false,false,"",9,sms,wom_sms,117
"732101","2026-09-17","13",true,WOM-OTP-COLOMBIA-MED,2,2,false,false,false,"",10,sms,wom_sms,93
"732101","2026-09-17","13",true,WOM-OTP-COLOMBIA-MED,2,2,false,false,false,"",11,sms,wom_sms,53
"732101","2026-09-17","13",true,WOM-OTP-COLOMBIA-MED,2,2,false,false,false,"",12,sms,wom_sms,34
"732101","2026-09-17","13",true,WOM-OTP-COLOMBIA-MED,2,2,false,false,false,"",13,sms,wom_sms,9
"732101","2026-09-17","13",true,WOM-OTP-COLOMBIA-MED,2,2,false,false,false,"",14,sms,wom_sms,1
"732101","2026-09-17","13",true,WOM-OTP-COLOMBIA-MED,2,2,false,false,false,"",15,sms,wom_sms,1
"732101","2026-09-17","13",true,WOM-OTP-COLOMBIA-MED,2,2,false,false,false,"",16,sms,wom_sms,1
"732101","2026-09-17","13",true,WOM-OTP-COLOMBIA-MED,2,2,false,false,false,"",17,sms,wom_sms,5
"732101","2026-09-17","13",true,WOM-OTP-COLOMBIA-MED,2,2,false,false,false,"",18,sms,wom_sms,10
"732101","2026-09-17","13",true,WOM-OTP-COLOMBIA-MED,2,2,false,false,false,"",19,sms,wom_sms,19
"732101","2026-09-17","13",true,WOM-OTP-COLOMBIA-MED,2,2,false,false,false,"",20,sms,wom_sms,5
"732101","2026-09-17","13",true,WOM-OTP-COLOMBIA-MED,2,2,false,false,false,"",21,sms,wom_sms,2
"732101","2026-09-17","13",true,WOM-OTP-COLOMBIA-MED,2,2,false,false,false,"",22,sms,wom_sms,4
"732101","2026-09-17","13",true,WOM-OTP-COLOMBIA-MED,2,2,false,false,false,"",56,sms,wom_sms,1
"732101","2026-09-17","13",true,WOM-OTP-COLOMBIA-MED,2,2,false,false,false,"",61,sms,wom_sms,1
"732101","2026-09-17","13",true,WOM-OTP-COLOMBIA-MED,4,1,true,false,false,"",67,sms,wom_sms,4870
"732101","2026-09-17","13",true,WOM-OTP-COLOMBIA-MED,4,2,true,false,false,"",67,sms,wom_sms,4863
"732101","2026-09-17","13",true,WOM-OTP-COLOMBIA-MED,4,3,true,false,false,"",67,sms,wom_sms,4839
"732101","2026-09-17","13",true,WOM-OTP-COLOMBIA-MED,4,4,true,false,false,"",9,sms,wom_sms,4851
"732101","2026-09-17","14",false,WOM-COLOMBIA,1,0,false,true,false,ESME_RINVSRCADR,104,sms,wom_sms,1
"732101","2026-09-17","14",false,WOM-COLOMBIA,1,0,false,true,false,ESME_RINVSRCADR,106,sms,wom_sms,26
"732101","2026-09-17","14",false,WOM-COLOMBIA,1,0,false,true,false,ESME_RINVSRCADR,108,sms,wom_sms,20
"732101","2026-09-17","14",false,WOM-COLOMBIA,1,0,false,true,false,ESME_RINVSRCADR,109,sms,wom_sms,6
"732101","2026-09-17","14",false,WOM-OTP-COLOMBIA-MED,1,0,false,true,false,ESME_RTHROTTLED,150,sms,wom_sms,30
"732101","2026-09-17","14",false,WOM-OTP-COLOMBIA-MED,2,1,false,true,false,ESME_RTHROTTLED,153,sms,wom_sms,3
"732101","2026-09-17","14",false,WOM-OTP-COLOMBIA-MED,2,2,false,true,false,ESME_RTHROTTLED,63,sms,wom_sms,3
"732101","2026-09-17","14",true,DUMMYMX1COL,1,0,true,false,false,"",19,sms,Dummy20_mx,1
"732101","2026-09-17","14",true,WOM-COLOMBIA,1,0,false,false,false,"",65,sms,wom_sms,1
"732101","2026-09-17","14",true,WOM-COLOMBIA,1,0,false,false,false,"",106,sms,wom_sms,19
"732101","2026-09-17","14",true,WOM-COLOMBIA,1,0,false,false,false,"",108,sms,wom_sms,25
"732101","2026-09-17","14",true,WOM-COLOMBIA,1,0,false,false,false,"",109,sms,wom_sms,8
"732101","2026-09-17","14",true,WOM-COLOMBIA,1,0,false,false,false,"",118,sms,wom_sms,2
"732101","2026-09-17","14",true,WOM-COLOMBIA,1,0,false,false,false,"",119,sms,wom_sms,3
"732101","2026-09-17","14",true,WOM-COLOMBIA,2,1,false,false,false,"",153,sms,wom_sms,28
"732101","2026-09-17","14",true,WOM-COLOMBIA,2,2,false,false,false,"",28,sms,wom_sms,1
"732101","2026-09-17","14",true,WOM-COLOMBIA,2,2,false,false,false,"",64,sms,wom_sms,1
"732101","2026-09-17","14",true,WOM-COLOMBIA,2,2,false,false,false,"",65,sms,wom_sms,1
"732101","2026-09-17","14",true,WOM-COLOMBIA,2,2,false,false,false,"",67,sms,wom_sms,1
"732101","2026-09-17","14",true,WOM-COLOMBIA,2,2,false,false,false,"",68,sms,wom_sms,1
"732101","2026-09-17","14",true,WOM-COLOMBIA,2,2,false,false,false,"",70,sms,wom_sms,1
"732101","2026-09-17","14",true,WOM-COLOMBIA,2,2,false,false,false,"",71,sms,wom_sms,2
"732101","2026-09-17","14",true,WOM-COLOMBIA,2,2,false,false,false,"",72,sms,wom_sms,1
"732101","2026-09-17","14",true,WOM-COLOMBIA,2,2,false,false,false,"",73,sms,wom_sms,2
"732101","2026-09-17","14",true,WOM-COLOMBIA,2,2,false,false,false,"",74,sms,wom_sms,4
"732101","2026-09-17","14",true,WOM-COLOMBIA,2,2,false,false,false,"",75,sms,wom_sms,2
"732101","2026-09-17","14",true,WOM-COLOMBIA,2,2,false,false,false,"",76,sms,wom_sms,2
"732101","2026-09-17","14",true,WOM-COLOMBIA,2,2,false,false,false,"",78,sms,wom_sms,2
"732101","2026-09-17","14",true,WOM-COLOMBIA,2,2,false,false,false,"",79,sms,wom_sms,1
"732101","2026-09-17","14",true,WOM-COLOMBIA,2,2,false,false,false,"",80,sms,wom_sms,1
"732101","2026-09-17","14",true,WOM-COLOMBIA,2,2,false,false,false,"",81,sms,wom_sms,2
"732101","2026-09-17","14",true,WOM-COLOMBIA,2,2,false,false,false,"",129,sms,wom_sms,1
"732101","2026-09-17","14",true,WOM-COLOMBIA,2,2,false,false,false,"",148,sms,wom_sms,1
"732101","2026-09-17","14",true,WOM-COLOMBIA,2,2,false,false,false,"",150,sms,wom_sms,1
"732101","2026-09-17","14",true,WOM-COLOMBIA,3,1,false,false,false,"",153,sms,wom_sms,1
"732101","2026-09-17","14",true,WOM-COLOMBIA,3,2,false,false,false,"",153,sms,wom_sms,1
"732101","2026-09-17","14",true,WOM-COLOMBIA,3,3,false,false,false,"",16,sms,wom_sms,1
"732101","2026-09-17","14",true,WOM-OTP-COLOMBIA-MED,1,0,false,false,false,"",28,sms,wom_sms,1
"732101","2026-09-17","14",true,WOM-OTP-COLOMBIA-MED,1,0,false,false,false,"",33,sms,wom_sms,45
"732101","2026-09-17","14",true,WOM-OTP-COLOMBIA-MED,1,0,false,false,false,"",45,sms,wom_sms,1
"732101","2026-09-17","14",true,WOM-OTP-COLOMBIA-MED,1,0,false,false,false,"",49,sms,wom_sms,18
"732101","2026-09-17","14",true,WOM-OTP-COLOMBIA-MED,1,0,false,false,false,"",51,sms,wom_sms,2
"732101","2026-09-17","14",true,WOM-OTP-COLOMBIA-MED,1,0,false,false,false,"",53,sms,wom_sms,3
"732101","2026-09-17","14",true,WOM-OTP-COLOMBIA-MED,1,0,false,false,false,"",54,sms,wom_sms,1
"732101","2026-09-17","14",true,WOM-OTP-COLOMBIA-MED,1,0,false,false,false,"",55,sms,wom_sms,1
"732101","2026-09-17","14",true,WOM-OTP-COLOMBIA-MED,1,0,false,false,false,"",57,sms,wom_sms,1
"732101","2026-09-17","14",true,WOM-OTP-COLOMBIA-MED,1,0,false,false,false,"",58,sms,wom_sms,4
"732101","2026-09-17","14",true,WOM-OTP-COLOMBIA-MED,1,0,false,false,false,"",59,sms,wom_sms,4
"732101","2026-09-17","14",true,WOM-OTP-COLOMBIA-MED,1,0,false,false,false,"",61,sms,wom_sms,2
"732101","2026-09-17","14",true,WOM-OTP-COLOMBIA-MED,1,0,false,false,false,"",72,sms,wom_sms,9
"732101","2026-09-17","14",true,WOM-OTP-COLOMBIA-MED,1,0,false,false,false,"",73,sms,wom_sms,2
"732101","2026-09-17","14",true,WOM-OTP-COLOMBIA-MED,1,0,false,false,false,"",75,sms,wom_sms,9
"732101","2026-09-17","14",true,WOM-OTP-COLOMBIA-MED,1,0,false,false,false,"",76,sms,wom_sms,10
"732101","2026-09-17","14",true,WOM-OTP-COLOMBIA-MED,1,0,false,false,false,"",77,sms,wom_sms,10
"732101","2026-09-17","14",true,WOM-OTP-COLOMBIA-MED,1,0,false,false,false,"",78,sms,wom_sms,6
"732101","2026-09-17","14",true,WOM-OTP-COLOMBIA-MED,1,0,false,false,false,"",79,sms,wom_sms,8
"732101","2026-09-17","14",true,WOM-OTP-COLOMBIA-MED,1,0,false,false,false,"",80,sms,wom_sms,5
"732101","2026-09-17","14",true,WOM-OTP-COLOMBIA-MED,1,0,false,false,false,"",81,sms,wom_sms,9
"732101","2026-09-17","14",true,WOM-OTP-COLOMBIA-MED,1,0,false,false,false,"",82,sms,wom_sms,3
"732101","2026-09-17","14",true,WOM-OTP-COLOMBIA-MED,1,0,false,false,false,"",83,sms,wom_sms,6
"732101","2026-09-17","14",true,WOM-OTP-COLOMBIA-MED,1,0,false,false,false,"",84,sms,wom_sms,1
"732101","2026-09-17","14",true,WOM-OTP-COLOMBIA-MED,1,0,false,false,false,"",85,sms,wom_sms,20
"732101","2026-09-17","14",true,WOM-OTP-COLOMBIA-MED,1,0,false,false,false,"",86,sms,wom_sms,1
"732101","2026-09-17","14",true,WOM-OTP-COLOMBIA-MED,1,0,false,false,false,"",87,sms,wom_sms,1
"732101","2026-09-17","14",true,WOM-OTP-COLOMBIA-MED,1,0,false,false,false,"",89,sms,wom_sms,2
"732101","2026-09-17","14",true,WOM-OTP-COLOMBIA-MED,1,0,false,false,false,"",90,sms,wom_sms,3
"732101","2026-09-17","14",true,WOM-OTP-COLOMBIA-MED,1,0,false,false,false,"",91,sms,wom_sms,2
"732101","2026-09-17","14",true,WOM-OTP-COLOMBIA-MED,1,0,false,false,false,"",93,sms,wom_sms,2
"732101","2026-09-17","14",true,WOM-OTP-COLOMBIA-MED,1,0,false,false,false,"",94,sms,wom_sms,3
"732101","2026-09-17","14",true,WOM-OTP-COLOMBIA-MED,1,0,false,false,false,"",96,sms,wom_sms,1
"732101","2026-09-17","14",true,WOM-OTP-COLOMBIA-MED,1,0,false,false,false,"",97,sms,wom_sms,32
"732101","2026-09-17","14",true,WOM-OTP-COLOMBIA-MED,1,0,false,false,false,"",98,sms,wom_sms,2
"732101","2026-09-17","14",true,WOM-OTP-COLOMBIA-MED,1,0,false,false,false,"",100,sms,wom_sms,62
"732101","2026-09-17","14",true,WOM-OTP-COLOMBIA-MED,1,0,false,false,false,"",101,sms,wom_sms,5
"732101","2026-09-17","14",true,WOM-OTP-COLOMBIA-MED,1,0,false,false,false,"",102,sms,wom_sms,14
"732101","2026-09-17","14",true,WOM-OTP-COLOMBIA-MED,1,0,false,false,false,"",103,sms,wom_sms,1
"732101","2026-09-17","14",true,WOM-OTP-COLOMBIA-MED,1,0,false,false,false,"",104,sms,wom_sms,44
"732101","2026-09-17","14",true,WOM-OTP-COLOMBIA-MED,1,0,false,false,false,"",107,sms,wom_sms,1
"732101","2026-09-17","14",true,WOM-OTP-COLOMBIA-MED,1,0,false,false,false,"",108,sms,wom_sms,7
"732101","2026-09-17","14",true,WOM-OTP-COLOMBIA-MED,1,0,false,false,false,"",109,sms,wom_sms,4
"732101","2026-09-17","14",true,WOM-OTP-COLOMBIA-MED,1,0,false,false,false,"",110,sms,wom_sms,363
"732101","2026-09-17","14",true,WOM-OTP-COLOMBIA-MED,1,0,false,false,false,"",111,sms,wom_sms,1
"732101","2026-09-17","14",true,WOM-OTP-COLOMBIA-MED,1,0,false,false,false,"",112,sms,wom_sms,2
"732101","2026-09-17","14",true,WOM-OTP-COLOMBIA-MED,1,0,false,false,false,"",113,sms,wom_sms,7
"732101","2026-09-17","14",true,WOM-OTP-COLOMBIA-MED,1,0,false,false,false,"",114,sms,wom_sms,1
"732101","2026-09-17","14",true,WOM-OTP-COLOMBIA-MED,1,0,false,false,false,"",115,sms,wom_sms,11
"732101","2026-09-17","14",true,WOM-OTP-COLOMBIA-MED,1,0,false,false,false,"",116,sms,wom_sms,9
"732101","2026-09-17","14",true,WOM-OTP-COLOMBIA-MED,1,0,false,false,false,"",117,sms,wom_sms,7
"732101","2026-09-17","14",true,WOM-OTP-COLOMBIA-MED,1,0,false,false,false,"",118,sms,wom_sms,13
"732101","2026-09-17","14",true,WOM-OTP-COLOMBIA-MED,1,0,false,false,false,"",119,sms,wom_sms,68
"732101","2026-09-17","14",true,WOM-OTP-COLOMBIA-MED,1,0,false,false,false,"",120,sms,wom_sms,124
"732101","2026-09-17","14",true,WOM-OTP-COLOMBIA-MED,1,0,false,false,false,"",121,sms,wom_sms,112
"732101","2026-09-17","14",true,WOM-OTP-COLOMBIA-MED,1,0,false,false,false,"",122,sms,wom_sms,85
"732101","2026-09-17","14",true,WOM-OTP-COLOMBIA-MED,1,0,false,false,false,"",123,sms,wom_sms,29
"732101","2026-09-17","14",true,WOM-OTP-COLOMBIA-MED,1,0,false,false,false,"",124,sms,wom_sms,28
"732101","2026-09-17","14",true,WOM-OTP-COLOMBIA-MED,1,0,false,false,false,"",125,sms,wom_sms,7
"732101","2026-09-17","14",true,WOM-OTP-COLOMBIA-MED,1,0,false,false,false,"",126,sms,wom_sms,18
"732101","2026-09-17","14",true,WOM-OTP-COLOMBIA-MED,1,0,false,false,false,"",127,sms,wom_sms,18
"732101","2026-09-17","14",true,WOM-OTP-COLOMBIA-MED,1,0,false,false,false,"",128,sms,wom_sms,87
"732101","2026-09-17","14",true,WOM-OTP-COLOMBIA-MED,1,0,false,false,false,"",129,sms,wom_sms,11
"732101","2026-09-17","14",true,WOM-OTP-COLOMBIA-MED,1,0,false,false,false,"",130,sms,wom_sms,8
"732101","2026-09-17","14",true,WOM-OTP-COLOMBIA-MED,1,0,false,false,false,"",131,sms,wom_sms,9
"732101","2026-09-17","14",true,WOM-OTP-COLOMBIA-MED,1,0,false,false,false,"",132,sms,wom_sms,3
"732101","2026-09-17","14",true,WOM-OTP-COLOMBIA-MED,1,0,false,false,false,"",133,sms,wom_sms,10
"732101","2026-09-17","14",true,WOM-OTP-COLOMBIA-MED,1,0,false,false,false,"",134,sms,wom_sms,62
"732101","2026-09-17","14",true,WOM-OTP-COLOMBIA-MED,1,0,false,false,false,"",135,sms,wom_sms,38
"732101","2026-09-17","14",true,WOM-OTP-COLOMBIA-MED,1,0,false,false,false,"",136,sms,wom_sms,10
"732101","2026-09-17","14",true,WOM-OTP-COLOMBIA-MED,1,0,false,false,false,"",137,sms,wom_sms,30
"732101","2026-09-17","14",true,WOM-OTP-COLOMBIA-MED,1,0,false,false,false,"",138,sms,wom_sms,64
"732101","2026-09-17","14",true,WOM-OTP-COLOMBIA-MED,1,0,false,false,false,"",139,sms,wom_sms,26
"732101","2026-09-17","14",true,WOM-OTP-COLOMBIA-MED,1,0,false,false,false,"",140,sms,wom_sms,43
"732101","2026-09-17","14",true,WOM-OTP-COLOMBIA-MED,1,0,false,false,false,"",141,sms,wom_sms,94
"732101","2026-09-17","14",true,WOM-OTP-COLOMBIA-MED,1,0,false,false,false,"",143,sms,wom_sms,5
"732101","2026-09-17","14",true,WOM-OTP-COLOMBIA-MED,1,0,false,false,false,"",144,sms,wom_sms,40
"732101","2026-09-17","14",true,WOM-OTP-COLOMBIA-MED,1,0,false,false,false,"",145,sms,wom_sms,15
"732101","2026-09-17","14",true,WOM-OTP-COLOMBIA-MED,1,0,false,false,false,"",146,sms,wom_sms,20
"732101","2026-09-17","14",true,WOM-OTP-COLOMBIA-MED,1,0,false,false,false,"",147,sms,wom_sms,13
"732101","2026-09-17","14",true,WOM-OTP-COLOMBIA-MED,1,0,false,false,false,"",148,sms,wom_sms,21
"732101","2026-09-17","14",true,WOM-OTP-COLOMBIA-MED,1,0,false,false,false,"",149,sms,wom_sms,6
"732101","2026-09-17","14",true,WOM-OTP-COLOMBIA-MED,1,0,false,false,false,"",150,sms,wom_sms,333
"732101","2026-09-17","14",true,WOM-OTP-COLOMBIA-MED,1,0,false,false,false,"",151,sms,wom_sms,5
"732101","2026-09-17","14",true,WOM-OTP-COLOMBIA-MED,1,0,false,false,false,"",152,sms,wom_sms,39
"732101","2026-09-17","14",true,WOM-OTP-COLOMBIA-MED,1,0,false,false,false,"",153,sms,wom_sms,477
"732101","2026-09-17","14",true,WOM-OTP-COLOMBIA-MED,1,0,false,false,false,"",154,sms,wom_sms,464
"732101","2026-09-17","14",true,WOM-OTP-COLOMBIA-MED,1,0,false,false,false,"",155,sms,wom_sms,405
"732101","2026-09-17","14",true,WOM-OTP-COLOMBIA-MED,1,0,false,false,false,"",156,sms,wom_sms,200
"732101","2026-09-17","14",true,WOM-OTP-COLOMBIA-MED,1,0,false,false,false,"",157,sms,wom_sms,132
"732101","2026-09-17","14",true,WOM-OTP-COLOMBIA-MED,1,0,false,false,false,"",158,sms,wom_sms,69
"732101","2026-09-17","14",true,WOM-OTP-COLOMBIA-MED,1,0,false,false,false,"",159,sms,wom_sms,12
"732101","2026-09-17","14",true,WOM-OTP-COLOMBIA-MED,1,0,false,false,false,"",160,sms,wom_sms,167
"732101","2026-09-17","14",true,WOM-OTP-COLOMBIA-MED,2,1,false,false,false,"",153,sms,wom_sms,733
"732101","2026-09-17","14",true,WOM-OTP-COLOMBIA-MED,2,2,false,false,false,"",8,sms,wom_sms,42
"732101","2026-09-17","14",true,WOM-OTP-COLOMBIA-MED,2,2,false,false,false,"",9,sms,wom_sms,76
"732101","2026-09-17","14",true,WOM-OTP-COLOMBIA-MED,2,2,false,false,false,"",10,sms,wom_sms,80
"732101","2026-09-17","14",true,WOM-OTP-COLOMBIA-MED,2,2,false,false,false,"",11,sms,wom_sms,22
"732101","2026-09-17","14",true,WOM-OTP-COLOMBIA-MED,2,2,false,false,false,"",12,sms,wom_sms,22
"732101","2026-09-17","14",true,WOM-OTP-COLOMBIA-MED,2,2,false,false,false,"",13,sms,wom_sms,10
"732101","2026-09-17","14",true,WOM-OTP-COLOMBIA-MED,2,2,false,false,false,"",63,sms,wom_sms,481
"732101","2026-09-17","15",false,WOM-COLOMBIA,1,0,false,true,false,ESME_RINVSRCADR,105,sms,wom_sms,1
"732101","2026-09-17","15",false,WOM-COLOMBIA,1,0,false,true,false,ESME_RINVSRCADR,106,sms,wom_sms,11
"732101","2026-09-17","15",false,WOM-COLOMBIA,1,0,false,true,false,ESME_RINVSRCADR,108,sms,wom_sms,13
"732101","2026-09-17","15",false,WOM-COLOMBIA,1,0,false,true,false,ESME_RINVSRCADR,109,sms,wom_sms,3
"732101","2026-09-17","15",false,WOM-OTP-COLOMBIA-MED,1,0,false,true,false,ESME_RINVDSTADR,154,sms,wom_sms,1
"732101","2026-09-17","15",false,WOM-OTP-COLOMBIA-MED,1,0,false,true,false,ESME_RINVDSTADR,157,sms,wom_sms,1
"732101","2026-09-17","15",false,WOM-OTP-COLOMBIA-MED,1,0,false,true,false,ESME_RTHROTTLED,101,sms,wom_sms,39
"732101","2026-09-17","15",false,WOM-OTP-COLOMBIA-MED,1,0,false,true,false,ESME_RTHROTTLED,138,sms,wom_sms,1
"732101","2026-09-17","15",false,WOM-OTP-COLOMBIA-MED,1,0,false,true,false,ESME_RTHROTTLED,141,sms,wom_sms,2
"732101","2026-09-17","15",false,WOM-OTP-COLOMBIA-MED,1,0,false,true,false,ESME_RTHROTTLED,145,sms,wom_sms,17
"732101","2026-09-17","15",false,WOM-OTP-COLOMBIA-MED,1,0,false,true,false,ESME_RTHROTTLED,146,sms,wom_sms,1
"732101","2026-09-17","15",false,WOM-OTP-COLOMBIA-MED,1,0,false,true,false,ESME_RTHROTTLED,148,sms,wom_sms,1
"732101","2026-09-17","15",false,WOM-OTP-COLOMBIA-MED,1,0,false,true,false,ESME_RTHROTTLED,149,sms,wom_sms,1
"732101","2026-09-17","15",false,WOM-OTP-COLOMBIA-MED,1,0,false,true,false,ESME_RTHROTTLED,150,sms,wom_sms,2
"732101","2026-09-17","15",false,WOM-OTP-COLOMBIA-MED,1,0,false,true,false,ESME_RTHROTTLED,151,sms,wom_sms,17
"732101","2026-09-17","15",false,WOM-OTP-COLOMBIA-MED,1,0,false,true,false,ESME_RTHROTTLED,152,sms,wom_sms,21
"732101","2026-09-17","15",false,WOM-OTP-COLOMBIA-MED,1,0,false,true,false,ESME_RTHROTTLED,153,sms,wom_sms,10
"732101","2026-09-17","15",false,WOM-OTP-COLOMBIA-MED,1,0,false,true,false,ESME_RTHROTTLED,154,sms,wom_sms,1
"732101","2026-09-17","15",false,WOM-OTP-COLOMBIA-MED,1,0,false,true,false,ESME_RTHROTTLED,155,sms,wom_sms,5
"732101","2026-09-17","15",false,WOM-OTP-COLOMBIA-MED,1,0,false,true,false,ESME_RTHROTTLED,156,sms,wom_sms,6
"732101","2026-09-17","15",false,WOM-OTP-COLOMBIA-MED,1,0,false,true,false,ESME_RTHROTTLED,157,sms,wom_sms,17
"732101","2026-09-17","15",false,WOM-OTP-COLOMBIA-MED,1,0,false,true,false,ESME_RTHROTTLED,160,sms,wom_sms,16
"732101","2026-09-17","15",false,WOM-OTP-COLOMBIA-MED,2,1,false,true,false,ESME_RTHROTTLED,153,sms,wom_sms,45
"732101","2026-09-17","15",false,WOM-OTP-COLOMBIA-MED,2,2,false,true,false,ESME_RTHROTTLED,8,sms,wom_sms,2
"732101","2026-09-17","15",false,WOM-OTP-COLOMBIA-MED,2,2,false,true,false,ESME_RTHROTTLED,11,sms,wom_sms,9
"732101","2026-09-17","15",false,WOM-OTP-COLOMBIA-MED,2,2,false,true,false,ESME_RTHROTTLED,12,sms,wom_sms,1
"732101","2026-09-17","15",false,WOM-OTP-COLOMBIA-MED,2,2,false,true,false,ESME_RTHROTTLED,14,sms,wom_sms,8
"732101","2026-09-17","15",false,WOM-OTP-COLOMBIA-MED,2,2,false,true,false,ESME_RTHROTTLED,17,sms,wom_sms,6
"732101","2026-09-17","15",false,WOM-OTP-COLOMBIA-MED,2,2,false,true,false,ESME_RTHROTTLED,25,sms,wom_sms,2
"732101","2026-09-17","15",false,WOM-OTP-COLOMBIA-MED,2,2,false,true,false,ESME_RTHROTTLED,32,sms,wom_sms,7
"732101","2026-09-17","15",false,WOM-OTP-COLOMBIA-MED,2,2,false,true,false,ESME_RTHROTTLED,35,sms,wom_sms,1
"732101","2026-09-17","15",false,WOM-OTP-COLOMBIA-MED,2,2,false,true,false,ESME_RTHROTTLED,43,sms,wom_sms,1
"732101","2026-09-17","15",false,WOM-OTP-COLOMBIA-MED,2,2,false,true,false,ESME_RTHROTTLED,63,sms,wom_sms,1
"732101","2026-09-17","15",true,WOM-COLOMBIA,1,0,false,false,false,"",65,sms,wom_sms,1
"732101","2026-09-17","15",true,WOM-COLOMBIA,1,0,false,false,false,"",106,sms,wom_sms,12
"732101","2026-09-17","15",true,WOM-COLOMBIA,1,0,false,false,false,"",108,sms,wom_sms,16
"732101","2026-09-17","15",true,WOM-COLOMBIA,1,0,false,false,false,"",109,sms,wom_sms,4
"732101","2026-09-17","15",true,WOM-COLOMBIA,1,0,false,false,false,"",118,sms,wom_sms,2
"732101","2026-09-17","15",true,WOM-COLOMBIA,1,0,false,false,false,"",119,sms,wom_sms,2
"732101","2026-09-17","15",true,WOM-COLOMBIA,2,1,false,false,false,"",153,sms,wom_sms,21
"732101","2026-09-17","15",true,WOM-COLOMBIA,2,2,false,false,false,"",23,sms,wom_sms,1
"732101","2026-09-17","15",true,WOM-COLOMBIA,2,2,false,false,false,"",25,sms,wom_sms,2
"732101","2026-09-17","15",true,WOM-COLOMBIA,2,2,false,false,false,"",33,sms,wom_sms,1
"732101","2026-09-17","15",true,WOM-COLOMBIA,2,2,false,false,false,"",36,sms,wom_sms,1
"732101","2026-09-17","15",true,WOM-COLOMBIA,2,2,false,false,false,"",38,sms,wom_sms,1
"732101","2026-09-17","15",true,WOM-COLOMBIA,2,2,false,false,false,"",65,sms,wom_sms,1
"732101","2026-09-17","15",true,WOM-COLOMBIA,2,2,false,false,false,"",75,sms,wom_sms,1
"732101","2026-09-17","15",true,WOM-COLOMBIA,2,2,false,false,false,"",76,sms,wom_sms,1
"732101","2026-09-17","15",true,WOM-COLOMBIA,2,2,false,false,false,"",81,sms,wom_sms,1
"732101","2026-09-17","15",true,WOM-COLOMBIA,2,2,false,false,false,"",83,sms,wom_sms,1
"732101","2026-09-17","15",true,WOM-COLOMBIA,2,2,false,false,false,"",86,sms,wom_sms,1
"732101","2026-09-17","15",true,WOM-COLOMBIA,2,2,false,false,false,"",101,sms,wom_sms,1
"732101","2026-09-17","15",true,WOM-COLOMBIA,2,2,false,false,false,"",102,sms,wom_sms,1
"732101","2026-09-17","15",true,WOM-COLOMBIA,2,2,false,false,false,"",104,sms,wom_sms,1
"732101","2026-09-17","15",true,WOM-COLOMBIA,2,2,false,false,false,"",112,sms,wom_sms,1
"732101","2026-09-17","15",true,WOM-COLOMBIA,2,2,false,false,false,"",114,sms,wom_sms,1
"732101","2026-09-17","15",true,WOM-COLOMBIA,2,2,false,false,false,"",119,sms,wom_sms,1
"732101","2026-09-17","15",true,WOM-COLOMBIA,2,2,false,false,false,"",122,sms,wom_sms,1
"732101","2026-09-17","15",true,WOM-COLOMBIA,2,2,false,false,false,"",123,sms,wom_sms,1
"732101","2026-09-17","15",true,WOM-COLOMBIA,2,2,false,false,false,"",135,sms,wom_sms,1
"732101","2026-09-17","15",true,WOM-COLOMBIA,3,1,false,false,false,"",152,sms,wom_sms,2
"732101","2026-09-17","15",true,WOM-COLOMBIA,3,1,false,false,false,"",153,sms,wom_sms,3
"732101","2026-09-17","15",true,WOM-COLOMBIA,3,2,false,false,false,"",153,sms,wom_sms,5
"732101","2026-09-17","15",true,WOM-COLOMBIA,3,3,false,false,false,"",2,sms,wom_sms,1
"732101","2026-09-17","15",true,WOM-COLOMBIA,3,3,false,false,false,"",14,sms,wom_sms,1
"732101","2026-09-17","15",true,WOM-COLOMBIA,3,3,false,false,false,"",23,sms,wom_sms,1
"732101","2026-09-17","15",true,WOM-COLOMBIA,3,3,false,false,false,"",108,sms,wom_sms,1
"732101","2026-09-17","15",true,WOM-COLOMBIA,3,3,false,false,false,"",129,sms,wom_sms,1
"732101","2026-09-17","15",true,WOM-COLOMBIA,4,1,false,false,false,"",153,sms,wom_sms,2
"732101","2026-09-17","15",true,WOM-COLOMBIA,4,2,false,false,false,"",153,sms,wom_sms,2
"732101","2026-09-17","15",true,WOM-COLOMBIA,4,3,false,false,false,"",153,sms,wom_sms,2
"732101","2026-09-17","15",true,WOM-COLOMBIA,4,4,false,false,false,"",123,sms,wom_sms,1
"732101","2026-09-17","15",true,WOM-COLOMBIA,4,4,false,false,false,"",144,sms,wom_sms,1
"732101","2026-09-17","15",true,WOM-OTP-COLOMBIA-MED,1,0,false,false,false,"",12,sms,wom_sms,36
"732101","2026-09-17","15",true,WOM-OTP-COLOMBIA-MED,1,0,false,false,false,"",33,sms,wom_sms,54
"732101","2026-09-17","15",true,WOM-OTP-COLOMBIA-MED,1,0,false,false,false,"",49,sms,wom_sms,11
"732101","2026-09-17","15",true,WOM-OTP-COLOMBIA-MED,1,0,false,false,false,"",51,sms,wom_sms,3
"732101","2026-09-17","15",true,WOM-OTP-COLOMBIA-MED,1,0,false,false,false,"",53,sms,wom_sms,3
"732101","2026-09-17","15",true,WOM-OTP-COLOMBIA-MED,1,0,false,false,false,"",54,sms,wom_sms,1
"732101","2026-09-17","15",true,WOM-OTP-COLOMBIA-MED,1,0,false,false,false,"",55,sms,wom_sms,1
"732101","2026-09-17","15",true,WOM-OTP-COLOMBIA-MED,1,0,false,false,false,"",57,sms,wom_sms,1
"732101","2026-09-17","15",true,WOM-OTP-COLOMBIA-MED,1,0,false,false,false,"",60,sms,wom_sms,1
"732101","2026-09-17","15",true,WOM-OTP-COLOMBIA-MED,1,0,false,false,false,"",61,sms,wom_sms,1
"732101","2026-09-17","15",true,WOM-OTP-COLOMBIA-MED,1,0,false,false,false,"",63,sms,wom_sms,2
"732101","2026-09-17","15",true,WOM-OTP-COLOMBIA-MED,1,0,false,false,false,"",70,sms,wom_sms,1
"732101","2026-09-17","15",true,WOM-OTP-COLOMBIA-MED,1,0,false,false,false,"",72,sms,wom_sms,2
"732101","2026-09-17","15",true,WOM-OTP-COLOMBIA-MED,1,0,false,false,false,"",73,sms,wom_sms,1
"732101","2026-09-17","15",true,WOM-OTP-COLOMBIA-MED,1,0,false,false,false,"",74,sms,wom_sms,2
"732101","2026-09-17","15",true,WOM-OTP-COLOMBIA-MED,1,0,false,false,false,"",75,sms,wom_sms,2
"732101","2026-09-17","15",true,WOM-OTP-COLOMBIA-MED,1,0,false,false,false,"",76,sms,wom_sms,2
"732101","2026-09-17","15",true,WOM-OTP-COLOMBIA-MED,1,0,false,false,false,"",77,sms,wom_sms,11
"732101","2026-09-17","15",true,WOM-OTP-COLOMBIA-MED,1,0,false,false,false,"",78,sms,wom_sms,3
"732101","2026-09-17","15",true,WOM-OTP-COLOMBIA-MED,1,0,false,false,false,"",79,sms,wom_sms,2
"732101","2026-09-17","15",true,WOM-OTP-COLOMBIA-MED,1,0,false,false,false,"",80,sms,wom_sms,2
"732101","2026-09-17","15",true,WOM-OTP-COLOMBIA-MED,1,0,false,false,false,"",81,sms,wom_sms,5
"732101","2026-09-17","15",true,WOM-OTP-COLOMBIA-MED,1,0,false,false,false,"",82,sms,wom_sms,5
"732101","2026-09-17","15",true,WOM-OTP-COLOMBIA-MED,1,0,false,false,false,"",83,sms,wom_sms,2
"732101","2026-09-17","15",true,WOM-OTP-COLOMBIA-MED,1,0,false,false,false,"",85,sms,wom_sms,20
"732101","2026-09-17","15",true,WOM-OTP-COLOMBIA-MED,1,0,false,false,false,"",86,sms,wom_sms,1
"732101","2026-09-17","15",true,WOM-OTP-COLOMBIA-MED,1,0,false,false,false,"",87,sms,wom_sms,1
"732101","2026-09-17","15",true,WOM-OTP-COLOMBIA-MED,1,0,false,false,false,"",89,sms,wom_sms,1
"732101","2026-09-17","15",true,WOM-OTP-COLOMBIA-MED,1,0,false,false,false,"",93,sms,wom_sms,3
"732101","2026-09-17","15",true,WOM-OTP-COLOMBIA-MED,1,0,false,false,false,"",94,sms,wom_sms,2
"732101","2026-09-17","15",true,WOM-OTP-COLOMBIA-MED,1,0,false,false,false,"",96,sms,wom_sms,2
"732101","2026-09-17","15",true,WOM-OTP-COLOMBIA-MED,1,0,false,false,false,"",97,sms,wom_sms,32
"732101","2026-09-17","15",true,WOM-OTP-COLOMBIA-MED,1,0,false,false,false,"",98,sms,wom_sms,3
"732101","2026-09-17","15",true,WOM-OTP-COLOMBIA-MED,1,0,false,false,false,"",99,sms,wom_sms,2
"732101","2026-09-17","15",true,WOM-OTP-COLOMBIA-MED,1,0,false,false,false,"",100,sms,wom_sms,61
"732101","2026-09-17","15",true,WOM-OTP-COLOMBIA-MED,1,0,false,false,false,"",101,sms,wom_sms,408
"732101","2026-09-17","15",true,WOM-OTP-COLOMBIA-MED,1,0,false,false,false,"",102,sms,wom_sms,21
"732101","2026-09-17","15",true,WOM-OTP-COLOMBIA-MED,1,0,false,false,false,"",103,sms,wom_sms,1
"732101","2026-09-17","15",true,WOM-OTP-COLOMBIA-MED,1,0,false,false,false,"",104,sms,wom_sms,39
"732101","2026-09-17","15",true,WOM-OTP-COLOMBIA-MED,1,0,false,false,false,"",108,sms,wom_sms,10
"732101","2026-09-17","15",true,WOM-OTP-COLOMBIA-MED,1,0,false,false,false,"",110,sms,wom_sms,316
"732101","2026-09-17","15",true,WOM-OTP-COLOMBIA-MED,1,0,false,false,false,"",112,sms,wom_sms,1
"732101","2026-09-17","15",true,WOM-OTP-COLOMBIA-MED,1,0,false,false,false,"",113,sms,wom_sms,4
"732101","2026-09-17","15",true,WOM-OTP-COLOMBIA-MED,1,0,false,false,false,"",114,sms,wom_sms,4
"732101","2026-09-17","15",true,WOM-OTP-COLOMBIA-MED,1,0,false,false,false,"",115,sms,wom_sms,7
"732101","2026-09-17","15",true,WOM-OTP-COLOMBIA-MED,1,0,false,false,false,"",116,sms,wom_sms,6
"732101","2026-09-17","15",true,WOM-OTP-COLOMBIA-MED,1,0,false,false,false,"",117,sms,wom_sms,4
"732101","2026-09-17","15",true,WOM-OTP-COLOMBIA-MED,1,0,false,false,false,"",118,sms,wom_sms,23
"732101","2026-09-17","15",true,WOM-OTP-COLOMBIA-MED,1,0,false,false,false,"",119,sms,wom_sms,55
"732101","2026-09-17","15",true,WOM-OTP-COLOMBIA-MED,1,0,false,false,false,"",120,sms,wom_sms,92
"732101","2026-09-17","15",true,WOM-OTP-COLOMBIA-MED,1,0,false,false,false,"",121,sms,wom_sms,87
"732101","2026-09-17","15",true,WOM-OTP-COLOMBIA-MED,1,0,false,false,false,"",122,sms,wom_sms,84
"732101","2026-09-17","15",true,WOM-OTP-COLOMBIA-MED,1,0,false,false,false,"",123,sms,wom_sms,25
"732101","2026-09-17","15",true,WOM-OTP-COLOMBIA-MED,1,0,false,false,false,"",124,sms,wom_sms,19
"732101","2026-09-17","15",true,WOM-OTP-COLOMBIA-MED,1,0,false,false,false,"",125,sms,wom_sms,3
"732101","2026-09-17","15",true,WOM-OTP-COLOMBIA-MED,1,0,false,false,false,"",126,sms,wom_sms,10
"732101","2026-09-17","15",true,WOM-OTP-COLOMBIA-MED,1,0,false,false,false,"",127,sms,wom_sms,15
"732101","2026-09-17","15",true,WOM-OTP-COLOMBIA-MED,1,0,false,false,false,"",128,sms,wom_sms,61
"732101","2026-09-17","15",true,WOM-OTP-COLOMBIA-MED,1,0,false,false,false,"",129,sms,wom_sms,6
"732101","2026-09-17","15",true,WOM-OTP-COLOMBIA-MED,1,0,false,false,false,"",130,sms,wom_sms,6
"732101","2026-09-17","15",true,WOM-OTP-COLOMBIA-MED,1,0,false,false,false,"",132,sms,wom_sms,15
"732101","2026-09-17","15",true,WOM-OTP-COLOMBIA-MED,1,0,false,false,false,"",133,sms,wom_sms,2
"732101","2026-09-17","15",true,WOM-OTP-COLOMBIA-MED,1,0,false,false,false,"",134,sms,wom_sms,50
"732101","2026-09-17","15",true,WOM-OTP-COLOMBIA-MED,1,0,false,false,false,"",135,sms,wom_sms,26
"732101","2026-09-17","15",true,WOM-OTP-COLOMBIA-MED,1,0,false,false,false,"",137,sms,wom_sms,24
"732101","2026-09-17","15",true,WOM-OTP-COLOMBIA-MED,1,0,false,false,false,"",138,sms,wom_sms,65
"732101","2026-09-17","15",true,WOM-OTP-COLOMBIA-MED,1,0,false,false,false,"",139,sms,wom_sms,14
"732101","2026-09-17","15",true,WOM-OTP-COLOMBIA-MED,1,0,false,false,false,"",140,sms,wom_sms,53
"732101","2026-09-17","15",true,WOM-OTP-COLOMBIA-MED,1,0,false,false,false,"",141,sms,wom_sms,109
"732101","2026-09-17","15",true,WOM-OTP-COLOMBIA-MED,1,0,false,false,false,"",142,sms,wom_sms,3
"732101","2026-09-17","15",true,WOM-OTP-COLOMBIA-MED,1,0,false,false,false,"",143,sms,wom_sms,16
"732101","2026-09-17","15",true,WOM-OTP-COLOMBIA-MED,1,0,false,false,false,"",144,sms,wom_sms,11
"732101","2026-09-17","15",true,WOM-OTP-COLOMBIA-MED,1,0,false,false,false,"",145,sms,wom_sms,75
"732101","2026-09-17","15",true,WOM-OTP-COLOMBIA-MED,1,0,false,false,false,"",146,sms,wom_sms,55
"732101","2026-09-17","15",true,WOM-OTP-COLOMBIA-MED,1,0,false,false,false,"",147,sms,wom_sms,9
"732101","2026-09-17","15",true,WOM-OTP-COLOMBIA-MED,1,0,false,false,false,"",148,sms,wom_sms,34
"732101","2026-09-17","15",true,WOM-OTP-COLOMBIA-MED,1,0,false,false,false,"",149,sms,wom_sms,7
"732101","2026-09-17","15",true,WOM-OTP-COLOMBIA-MED,1,0,false,false,false,"",150,sms,wom_sms,13
"732101","2026-09-17","15",true,WOM-OTP-COLOMBIA-MED,1,0,false,false,false,"",151,sms,wom_sms,150
"732101","2026-09-17","15",true,WOM-OTP-COLOMBIA-MED,1,0,false,false,false,"",152,sms,wom_sms,135
"732101","2026-09-17","15",true,WOM-OTP-COLOMBIA-MED,1,0,false,false,false,"",153,sms,wom_sms,863
"732101","2026-09-17","15",true,WOM-OTP-COLOMBIA-MED,1,0,false,false,false,"",154,sms,wom_sms,397
"732101","2026-09-17","15",true,WOM-OTP-COLOMBIA-MED,1,0,false,false,false,"",155,sms,wom_sms,426
"732101","2026-09-17","15",true,WOM-OTP-COLOMBIA-MED,1,0,false,false,false,"",156,sms,wom_sms,227
"732101","2026-09-17","15",true,WOM-OTP-COLOMBIA-MED,1,0,false,false,false,"",157,sms,wom_sms,1206
"732101","2026-09-17","15",true,WOM-OTP-COLOMBIA-MED,1,0,false,false,false,"",158,sms,wom_sms,72
"732101","2026-09-17","15",true,WOM-OTP-COLOMBIA-MED,1,0,false,false,false,"",159,sms,wom_sms,23
"732101","2026-09-17","15",true,WOM-OTP-COLOMBIA-MED,1,0,false,false,false,"",160,sms,wom_sms,294
"732101","2026-09-17","15",true,WOM-OTP-COLOMBIA-MED,2,1,false,false,false,"",153,sms,wom_sms,884
"732101","2026-09-17","15",true,WOM-OTP-COLOMBIA-MED,2,2,false,false,false,"",8,sms,wom_sms,42
"732101","2026-09-17","15",true,WOM-OTP-COLOMBIA-MED,2,2,false,false,false,"",9,sms,wom_sms,68
"732101","2026-09-17","15",true,WOM-OTP-COLOMBIA-MED,2,2,false,false,false,"",10,sms,wom_sms,83
"732101","2026-09-17","15",true,WOM-OTP-COLOMBIA-MED,2,2,false,false,false,"",11,sms,wom_sms,96
"732101","2026-09-17","15",true,WOM-OTP-COLOMBIA-MED,2,2,false,false,false,"",12,sms,wom_sms,20
"732101","2026-09-17","15",true,WOM-OTP-COLOMBIA-MED,2,2,false,false,false,"",13,sms,wom_sms,28
"732101","2026-09-17","15",true,WOM-OTP-COLOMBIA-MED,2,2,false,false,false,"",14,sms,wom_sms,131
"732101","2026-09-17","15",true,WOM-OTP-COLOMBIA-MED,2,2,false,false,false,"",17,sms,wom_sms,65
"732101","2026-09-17","15",true,WOM-OTP-COLOMBIA-MED,2,2,false,false,false,"",18,sms,wom_sms,5
"732101","2026-09-17","15",true,WOM-OTP-COLOMBIA-MED,2,2,false,false,false,"",19,sms,wom_sms,6
"732101","2026-09-17","15",true,WOM-OTP-COLOMBIA-MED,2,2,false,false,false,"",21,sms,wom_sms,23
"732101","2026-09-17","15",true,WOM-OTP-COLOMBIA-MED,2,2,false,false,false,"",25,sms,wom_sms,17
"732101","2026-09-17","15",true,WOM-OTP-COLOMBIA-MED,2,2,false,false,false,"",32,sms,wom_sms,44
"732101","2026-09-17","15",true,WOM-OTP-COLOMBIA-MED,2,2,false,false,false,"",35,sms,wom_sms,19
"732101","2026-09-17","15",true,WOM-OTP-COLOMBIA-MED,2,2,false,false,false,"",43,sms,wom_sms,3
"732101","2026-09-17","15",true,WOM-OTP-COLOMBIA-MED,2,2,false,false,false,"",63,sms,wom_sms,241
"732101","2026-09-17","15",true,WOM-OTP-COLOMBIA-MED,3,1,false,false,false,"",153,sms,wom_sms,1
"732101","2026-09-17","15",true,WOM-OTP-COLOMBIA-MED,3,2,false,false,false,"",153,sms,wom_sms,1
"732101","2026-09-17","15",true,WOM-OTP-COLOMBIA-MED,3,3,false,false,false,"",9,sms,wom_sms,1
